answer_sheet_id,user_id,exam_question_id,examination_id,subject_id,no,exam_result,exam_time,started_at,created_at,updated_at,active_flag
456,83,2,467,2,1,,,,2014-06-09 01:41:50,2014-06-09 01:41:50,1
1,2,1,1,1,1,8,48,2013-10-21 06:27:36,2013-10-21 06:27:32,2013-10-21 06:28:24,1
78,20,4,75,3,1,0,2965,2013-10-31 08:32:59,2013-10-31 08:32:43,2013-10-31 09:22:24,1
74,18,1,71,1,1,24,4996,2013-10-31 08:07:44,2013-10-31 08:07:37,2013-10-31 09:31:00,1
76,18,4,73,3,1,0,3628,2013-10-31 08:30:39,2013-10-31 08:30:31,2013-10-31 09:31:07,1
77,19,4,74,3,1,0,3611,2013-10-31 08:32:41,2013-10-31 08:32:38,2013-10-31 09:32:52,1
75,19,1,72,1,1,25,7158,2013-10-31 08:07:56,2013-10-31 08:07:52,2013-10-31 10:07:14,1
73,20,1,70,1,1,17,8947,2013-10-31 08:07:39,2013-10-31 08:07:34,2013-10-31 10:36:46,1
79,8,4,76,3,1,0,,2013-11-01 01:45:56,2013-11-01 01:45:53,2013-11-01 01:45:56,1
17,9,2,14,2,1,21,1231,2013-10-23 09:03:08,2013-10-23 09:03:02,2013-10-23 09:23:39,1
45,9,4,44,3,1,0,,2013-10-28 10:07:02,2013-10-28 10:06:59,2013-10-28 10:07:02,1
3,2,1,2,1,1,0,7,2013-10-21 06:47:21,2013-10-21 06:47:18,2013-10-21 06:47:28,1
18,8,2,15,2,1,25,1219,2013-10-23 09:03:27,2013-10-23 09:03:03,2013-10-23 09:23:46,1
24,13,1,21,1,1,,,,2013-10-23 09:24:15,2013-10-23 09:24:15,1
33,15,2,31,2,1,29,1209,2013-10-24 02:05:45,2013-10-24 02:05:40,2013-10-24 02:25:54,1
19,11,2,16,2,1,16,1207,2013-10-23 09:04:24,2013-10-23 09:04:18,2013-10-23 09:24:31,1
34,5,1,32,1,1,,,,2013-10-28 07:50:57,2013-10-28 07:50:57,1
22,10,2,19,2,1,21,1059,2013-10-23 09:08:31,2013-10-23 09:08:18,2013-10-23 09:26:10,1
36,9,1,34,1,1,21,3978,2013-10-28 09:44:11,2013-10-28 09:43:54,2013-10-28 10:50:29,1
5,3,1,3,1,1,17,1767,2013-10-21 07:01:40,2013-10-21 07:00:58,2013-10-21 07:31:07,1
20,12,2,17,2,1,25,1220,2013-10-23 09:06:30,2013-10-23 09:06:20,2013-10-23 09:26:50,1
52,15,1,52,1,1,18,1616,2013-10-29 01:47:42,2013-10-29 01:47:38,2013-10-29 02:14:38,1
9,5,1,5,1,1,22,5700,2013-10-21 07:06:06,2013-10-21 07:05:59,2013-10-21 08:41:06,1
35,16,1,33,1,1,16,533,2013-10-28 07:51:34,2013-10-28 07:51:32,2013-10-28 08:00:27,1
7,4,1,4,1,1,18,5931,2013-10-21 07:06:01,2013-10-21 07:05:55,2013-10-21 08:44:52,1
27,10,2,24,2,1,29,153,2013-10-23 09:39:43,2013-10-23 09:39:36,2013-10-23 09:42:16,1
11,6,2,6,2,1,16,1720,2013-10-22 06:17:33,2013-10-22 06:17:23,2013-10-22 06:46:13,1
26,11,2,23,2,1,26,830,2013-10-23 09:30:06,2013-10-23 09:30:01,2013-10-23 09:43:56,1
12,5,2,8,2,1,1,13,2013-10-23 04:24:05,2013-10-23 04:24:01,2013-10-23 04:24:18,1
13,5,2,9,2,1,0,,2013-10-23 04:25:09,2013-10-23 04:25:06,2013-10-23 04:25:09,1
14,7,1,10,1,1,0,22,2013-10-23 08:08:02,2013-10-23 08:07:57,2013-10-23 08:08:24,1
15,7,4,11,3,1,,,,2013-10-23 08:10:31,2013-10-23 08:10:31,1
25,13,2,22,2,1,18,1170,2013-10-23 09:24:32,2013-10-23 09:24:23,2013-10-23 09:44:02,1
16,7,2,12,2,1,0,1579,2013-10-23 08:10:41,2013-10-23 08:10:38,2013-10-23 08:37:00,1
42,10,4,41,3,1,0,3606,2013-10-28 10:00:40,2013-10-28 10:00:37,2013-10-28 11:00:46,1
46,11,4,45,3,1,0,,2013-10-28 10:09:01,2013-10-28 10:08:57,2013-10-28 10:09:01,1
21,4,2,18,2,1,29,463,2013-10-23 09:07:05,2013-10-23 09:07:01,2013-10-23 09:14:48,1
23,5,2,20,2,1,29,577,2013-10-23 09:10:18,2013-10-23 09:10:11,2013-10-23 09:19:55,1
65,3,4,62,3,1,0,4262,2013-10-29 07:07:37,2013-10-29 07:07:34,2013-10-29 08:18:39,1
47,8,4,46,3,1,0,4974,2013-10-28 10:13:16,2013-10-28 10:13:11,2013-10-28 11:36:10,1
29,13,2,26,2,1,28,230,2013-10-23 09:51:22,2013-10-23 09:51:15,2013-10-23 09:55:12,1
30,12,2,27,2,1,30,181,2013-10-23 09:57:11,2013-10-23 09:57:08,2013-10-23 10:00:12,1
28,9,2,25,2,1,28,1209,2013-10-23 09:44:51,2013-10-23 09:44:47,2013-10-23 10:05:00,1
31,14,2,28,2,1,0,,2013-10-23 10:50:50,2013-10-23 10:50:45,2013-10-23 10:50:50,1
51,13,4,51,3,1,0,2430,2013-10-29 01:42:48,2013-10-29 01:42:45,2013-10-29 02:23:18,1
49,12,4,49,3,1,0,,2013-10-29 01:28:09,2013-10-29 01:28:06,2013-10-29 01:28:09,1
32,15,2,29,2,1,17,1082,2013-10-24 01:39:23,2013-10-24 01:38:51,2013-10-24 01:57:25,1
59,13,4,57,3,1,0,,2013-10-29 06:13:24,2013-10-29 06:13:21,2013-10-29 06:13:24,1
50,12,4,50,3,1,0,,2013-10-29 01:28:45,2013-10-29 01:28:42,2013-10-29 01:28:45,1
44,13,4,43,3,1,0,,2013-10-28 10:05:44,2013-10-28 10:05:36,2013-10-28 10:05:44,1
43,12,4,42,3,1,0,55649,2013-10-28 10:06:38,2013-10-28 10:05:30,2013-10-29 01:34:07,1
48,10,4,47,3,1,1,55403,2013-10-28 11:03:47,2013-10-28 11:03:45,2013-10-29 02:27:10,1
41,11,1,40,1,1,15,3453,2013-10-28 09:44:42,2013-10-28 09:44:38,2013-10-28 10:42:15,1
40,12,1,38,1,1,24,3619,2013-10-28 09:44:41,2013-10-28 09:44:18,2013-10-28 10:45:00,1
39,13,1,37,1,1,15,3721,2013-10-28 09:44:13,2013-10-28 09:44:04,2013-10-28 10:46:14,1
38,10,1,36,1,1,21,3844,2013-10-28 09:44:05,2013-10-28 09:44:01,2013-10-28 10:48:09,1
37,8,1,35,1,1,19,3868,2013-10-28 09:44:38,2013-10-28 09:43:55,2013-10-28 10:49:06,1
54,11,4,54,3,1,0,6,2013-10-29 02:44:28,2013-10-29 02:44:24,2013-10-29 02:44:34,1
53,15,4,53,3,1,0,4351,2013-10-29 02:17:35,2013-10-29 02:17:27,2013-10-29 03:30:06,1
62,3,4,59,3,1,0,,2013-10-29 07:06:49,2013-10-29 07:06:44,2013-10-29 07:06:49,1
63,3,4,60,3,1,0,,2013-10-29 07:07:04,2013-10-29 07:07:01,2013-10-29 07:07:04,1
64,3,4,61,3,1,0,,2013-10-29 07:07:18,2013-10-29 07:07:14,2013-10-29 07:07:18,1
57,4,1,56,1,1,23,3511,2013-10-29 06:09:28,2013-10-29 06:09:22,2013-10-29 07:07:59,1
55,17,1,55,1,1,19,3748,2013-10-29 06:09:06,2013-10-29 06:09:01,2013-10-29 07:11:34,1
60,3,1,58,1,1,19,2776,2013-10-29 06:29:22,2013-10-29 06:29:14,2013-10-29 07:15:38,1
82,11,4,79,3,1,0,,2013-11-01 01:49:40,2013-11-01 01:49:36,2013-11-01 01:49:40,1
66,18,2,63,2,1,27,836,2013-10-30 03:13:30,2013-10-30 03:13:20,2013-10-30 03:27:26,1
83,11,4,80,3,1,0,,2013-11-01 01:49:47,2013-11-01 01:49:45,2013-11-01 01:49:47,1
67,19,2,64,2,1,27,1114,2013-10-30 03:13:58,2013-10-30 03:13:53,2013-10-30 03:32:32,1
84,11,4,81,3,1,0,,2013-11-01 01:49:56,2013-11-01 01:49:53,2013-11-01 01:49:56,1
68,20,2,65,2,1,28,1163,2013-10-30 03:14:17,2013-10-30 03:14:00,2013-10-30 03:33:40,1
85,11,4,82,3,1,0,,2013-11-01 01:50:09,2013-11-01 01:50:03,2013-11-01 01:50:09,1
81,8,4,78,3,1,0,4288,2013-11-01 01:48:31,2013-11-01 01:48:27,2013-11-01 02:59:59,1
86,8,1,83,1,1,20,2620,2013-11-01 08:38:47,2013-11-01 08:38:43,2013-11-01 09:22:27,1
69,9,1,66,1,1,25,2166,2013-10-31 06:05:39,2013-10-31 06:02:24,2013-10-31 06:41:45,1
70,13,1,67,1,1,25,1976,2013-10-31 06:10:08,2013-10-31 06:10:04,2013-10-31 06:43:04,1
72,13,4,69,3,1,0,3381,2013-10-31 06:25:22,2013-10-31 06:25:19,2013-10-31 07:21:43,1
71,9,4,68,3,1,0,3640,2013-10-31 06:22:41,2013-10-31 06:22:38,2013-10-31 07:23:21,1
442,86,5,453,4,1,24,514,2014-06-07 09:24:52,2014-06-07 09:24:45,2014-06-07 09:33:26,1
431,81,5,442,4,1,15,1207,2014-06-07 09:14:03,2014-06-07 09:14:00,2014-06-07 09:34:10,1
443,87,5,454,4,1,17,477,2014-06-07 09:27:10,2014-06-07 09:27:06,2014-06-07 09:35:07,1
448,39,5,459,4,1,0,,2014-06-07 09:35:38,2014-06-07 09:35:32,2014-06-07 09:35:38,1
434,83,5,445,4,1,22,1206,2014-06-07 09:16:49,2014-06-07 09:16:45,2014-06-07 09:36:55,1
439,69,1,450,1,1,19,1467,2014-06-07 09:22:02,2014-06-07 09:21:57,2014-06-07 09:46:29,1
449,87,2,460,2,1,21,704,2014-06-07 09:37:19,2014-06-07 09:37:15,2014-06-07 09:49:03,1
451,65,5,462,4,1,30,609,2014-06-07 09:40:25,2014-06-07 09:40:19,2014-06-07 09:50:34,1
454,64,5,465,4,1,29,610,2014-06-07 09:41:28,2014-06-07 09:41:19,2014-06-07 09:51:38,1
455,83,1,466,1,1,,,,2014-06-09 01:41:44,2014-06-09 01:41:44,1
80,8,4,77,3,1,0,,2013-11-01 01:48:10,2013-11-01 01:48:01,2013-11-01 01:48:10,1
104,4,5,102,4,1,21,697,2013-11-26 02:36:22,2013-11-26 02:36:16,2013-11-26 02:47:59,1
87,2,2,84,2,1,1,28,2013-11-06 11:41:52,2013-11-06 11:41:50,2013-11-06 11:42:20,1
100,5,5,98,4,1,25,1140,2013-11-26 02:29:30,2013-11-26 02:29:20,2013-11-26 02:48:30,1
111,22,4,109,3,1,0,,2013-11-29 02:15:09,2013-11-29 02:15:06,2013-11-29 02:15:09,1
88,2,5,85,4,1,3,213,2013-11-07 03:25:32,2013-11-07 03:25:29,2013-11-07 03:29:05,1
112,22,4,110,3,1,0,,2013-11-29 02:15:21,2013-11-29 02:15:19,2013-11-29 02:15:21,1
101,22,5,99,4,1,20,1228,2013-11-26 02:30:37,2013-11-26 02:29:59,2013-11-26 02:51:05,1
102,23,5,100,4,1,24,1227,2013-11-26 02:30:40,2013-11-26 02:30:31,2013-11-26 02:51:07,1
103,21,5,101,4,1,18,1228,2013-11-26 02:30:43,2013-11-26 02:30:38,2013-11-26 02:51:11,1
91,20,1,88,1,1,,,,2013-11-07 06:45:10,2013-11-07 06:45:10,1
92,20,4,89,3,1,0,,2013-11-07 06:45:17,2013-11-07 06:45:15,2013-11-07 06:45:17,1
93,20,4,90,3,1,0,,2013-11-07 06:45:25,2013-11-07 06:45:22,2013-11-07 06:45:25,1
89,20,1,86,1,1,21,3054,2013-11-07 06:12:29,2013-11-07 06:12:20,2013-11-07 07:03:23,1
120,28,2,118,2,1,19,1205,2013-12-25 06:11:18,2013-12-25 06:10:54,2013-12-25 06:31:23,1
90,11,1,87,1,1,23,2981,2013-11-07 06:15:57,2013-11-07 06:15:50,2013-11-07 07:05:38,1
118,27,2,116,2,1,14,1212,2013-12-25 06:11:21,2013-12-25 06:10:39,2013-12-25 06:31:33,1
113,22,4,111,3,1,0,3607,2013-11-29 02:15:30,2013-11-29 02:15:27,2013-11-29 03:15:37,1
121,29,2,119,2,1,19,1206,2013-12-25 06:13:52,2013-12-25 06:13:47,2013-12-25 06:33:58,1
114,24,2,112,2,1,19,1206,2013-12-18 07:02:08,2013-12-18 07:02:02,2013-12-18 07:22:14,1
94,20,4,91,3,1,1,5298,2013-11-07 06:45:37,2013-11-07 06:45:35,2013-11-07 08:13:55,1
128,26,2,126,2,1,0,,2014-01-14 03:29:02,2013-12-25 07:31:20,2014-01-14 03:29:02,1
95,22,2,92,2,1,19,1210,2013-11-20 06:06:50,2013-11-20 06:06:41,2013-11-20 06:27:00,1
96,21,2,93,2,1,19,1211,2013-11-20 06:07:05,2013-11-20 06:06:54,2013-11-20 06:27:16,1
97,21,2,95,2,1,,,,2013-11-20 06:43:19,2013-11-20 06:43:19,1
98,22,2,96,2,1,30,186,2013-11-20 07:27:05,2013-11-20 07:27:01,2013-11-20 07:30:11,1
115,24,2,113,2,1,27,1237,2013-12-18 08:00:26,2013-12-18 08:00:10,2013-12-18 08:21:03,1
99,21,2,97,2,1,30,453,2013-11-20 10:01:08,2013-11-20 10:01:01,2013-11-20 10:08:41,1
123,24,5,121,4,1,30,1206,2013-12-25 07:02:04,2013-12-25 07:02:00,2013-12-25 07:22:10,1
117,25,5,115,4,1,23,1205,2013-12-25 02:02:49,2013-12-25 02:02:45,2013-12-25 02:22:54,1
116,24,5,114,4,1,16,1207,2013-12-25 02:02:49,2013-12-25 02:01:25,2013-12-25 02:22:56,1
108,22,4,106,3,1,0,3613,2013-11-26 06:51:43,2013-11-26 06:51:39,2013-11-26 07:51:56,1
109,23,4,107,3,1,0,3606,2013-11-26 06:51:54,2013-11-26 06:51:51,2013-11-26 07:52:00,1
110,21,4,108,3,1,0,3627,2013-11-26 06:52:03,2013-11-26 06:51:58,2013-11-26 07:52:30,1
105,22,1,103,1,1,24,5734,2013-11-26 06:25:38,2013-11-26 06:25:32,2013-11-26 08:01:12,1
122,25,5,120,4,1,30,1205,2013-12-25 07:02:06,2013-12-25 07:01:53,2013-12-25 07:22:11,1
106,23,1,104,1,1,23,5807,2013-11-26 06:25:49,2013-11-26 06:25:44,2013-11-26 08:02:36,1
107,21,1,105,1,1,21,5893,2013-11-26 06:26:42,2013-11-26 06:26:39,2013-11-26 08:04:55,1
271,42,2,275,2,1,25,1234,2014-03-12 08:58:49,2014-03-12 08:58:42,2014-03-12 09:19:23,1
272,1,1,276,1,1,0,,2014-03-12 10:17:26,2014-03-12 10:17:23,2014-03-12 10:17:26,1
119,26,2,117,2,1,16,1206,2013-12-25 06:10:58,2013-12-25 06:10:46,2013-12-25 06:31:04,1
282,45,5,286,4,1,14,1210,2014-04-11 04:24:50,2014-04-11 04:24:40,2014-04-11 04:45:00,1
276,43,2,280,2,1,26,570,2014-04-04 08:09:44,2014-04-04 08:09:35,2014-04-04 08:19:14,1
283,44,5,287,4,1,,,,2014-04-11 04:27:41,2014-04-11 04:27:41,1
273,43,2,277,2,1,19,1241,2014-04-04 06:15:52,2014-04-04 06:15:30,2014-04-04 06:36:33,1
124,27,2,122,2,1,29,1211,2013-12-25 07:27:16,2013-12-25 07:27:11,2013-12-25 07:47:27,1
126,28,2,124,2,1,28,1209,2013-12-25 07:30:58,2013-12-25 07:30:54,2013-12-25 07:51:07,1
125,29,2,123,2,1,29,1261,2013-12-25 07:30:30,2013-12-25 07:30:27,2013-12-25 07:51:31,1
127,26,2,125,2,1,30,1208,2013-12-25 07:31:31,2013-12-25 07:31:15,2013-12-25 07:51:39,1
275,43,1,279,1,1,0,,2014-04-04 06:37:26,2014-04-04 06:37:07,2014-04-04 06:37:26,1
274,44,2,278,2,1,16,1210,2014-04-04 06:22:29,2014-04-04 06:21:42,2014-04-04 06:42:39,1
277,44,2,281,2,1,24,1828,2014-04-04 08:10:16,2014-04-04 08:10:08,2014-04-04 08:40:44,1
279,44,2,283,2,1,,,,2014-04-04 09:51:36,2014-04-04 09:51:36,1
280,44,2,284,2,1,,,,2014-04-04 09:55:14,2014-04-04 09:55:14,1
278,44,2,282,2,1,26,2535,2014-04-04 09:55:30,2014-04-04 09:49:58,2014-04-04 10:37:45,1
284,43,5,288,4,1,0,,2014-04-11 04:32:59,2014-04-11 04:32:34,2014-04-11 04:32:59,1
281,44,5,285,4,1,17,1205,2014-04-11 04:27:50,2014-04-11 04:22:40,2014-04-11 04:47:55,1
285,43,5,290,4,1,22,772,2014-04-11 05:00:26,2014-04-11 05:00:21,2014-04-11 05:13:18,1
158,26,1,156,1,1,19,2987,2013-12-30 03:55:32,2013-12-30 03:55:24,2013-12-30 04:45:19,1
147,30,5,145,4,1,27,1206,2013-12-30 03:00:43,2013-12-30 03:00:40,2013-12-30 03:20:49,1
131,25,4,129,3,1,0,3603,2013-12-25 09:19:33,2013-12-25 09:19:27,2013-12-25 10:19:36,1
132,24,4,130,3,1,0,3615,2013-12-25 09:19:33,2013-12-25 09:19:28,2013-12-25 10:19:48,1
130,25,1,128,1,1,21,61613,2013-12-25 08:48:08,2013-12-25 08:48:05,2013-12-26 01:55:01,1
129,24,1,127,1,1,18,61687,2013-12-25 08:48:04,2013-12-25 08:47:58,2013-12-26 01:56:11,1
148,31,5,146,4,1,27,1210,2013-12-30 03:03:09,2013-12-30 03:03:06,2013-12-30 03:23:19,1
152,26,5,150,4,1,30,793,2013-12-30 03:22:01,2013-12-30 03:21:58,2013-12-30 03:35:14,1
133,30,2,131,2,1,19,1209,2013-12-26 06:10:43,2013-12-26 06:10:27,2013-12-26 06:30:52,1
134,31,2,132,2,1,27,1208,2013-12-26 06:10:51,2013-12-26 06:10:40,2013-12-26 06:30:59,1
168,24,1,166,1,1,25,7700,2013-12-31 08:29:17,2013-12-31 08:29:03,2013-12-31 10:37:37,1
149,28,5,147,4,1,28,1207,2013-12-30 03:18:47,2013-12-30 03:18:43,2013-12-30 03:38:54,1
135,30,2,133,2,1,27,1209,2013-12-26 06:43:13,2013-12-26 06:43:08,2013-12-26 07:03:22,1
151,29,5,149,4,1,26,1205,2013-12-30 03:19:04,2013-12-30 03:19:01,2013-12-30 03:39:09,1
136,24,4,134,3,1,0,277,2013-12-26 08:00:29,2013-12-26 08:00:24,2013-12-26 08:05:06,1
150,27,5,148,4,1,28,1206,2013-12-30 03:19:09,2013-12-30 03:18:44,2013-12-30 03:39:15,1
137,24,4,135,3,1,0,1964,2013-12-26 08:05:19,2013-12-26 08:05:16,2013-12-26 08:38:03,1
138,24,4,136,3,1,0,,2013-12-26 08:39:19,2013-12-26 08:39:13,2013-12-26 08:39:19,1
139,24,4,137,3,1,0,3607,2013-12-26 08:40:36,2013-12-26 08:40:32,2013-12-26 09:40:43,1
313,43,4,319,3,1,0,3605,2014-04-15 06:58:30,2014-04-15 06:58:28,2014-04-15 07:58:35,1
140,25,4,138,3,1,0,3613,2013-12-27 07:46:58,2013-12-27 07:46:05,2013-12-27 08:47:11,1
169,25,1,167,1,1,24,7715,2013-12-31 08:29:27,2013-12-31 08:29:08,2013-12-31 10:38:02,1
141,26,5,139,4,1,18,1204,2013-12-30 01:59:51,2013-12-30 01:59:45,2013-12-30 02:19:55,1
142,28,5,140,4,1,19,1207,2013-12-30 02:00:00,2013-12-30 01:59:55,2013-12-30 02:20:07,1
143,29,5,141,4,1,19,1207,2013-12-30 02:00:13,2013-12-30 02:00:09,2013-12-30 02:20:20,1
144,30,5,142,4,1,20,1210,2013-12-30 02:00:22,2013-12-30 02:00:14,2013-12-30 02:20:32,1
145,31,5,143,4,1,22,1207,2013-12-30 02:00:35,2013-12-30 02:00:31,2013-12-30 02:20:42,1
146,27,5,144,4,1,16,1205,2013-12-30 02:02:08,2013-12-30 02:02:04,2013-12-30 02:22:13,1
160,28,4,158,3,1,0,3773,2013-12-30 05:20:11,2013-12-30 05:20:07,2013-12-30 06:23:04,1
302,46,5,307,4,1,25,1195,2014-04-13 16:05:56,2014-04-13 16:05:51,2014-04-13 16:25:51,1
159,27,4,157,3,1,0,3605,2013-12-30 05:50:32,2013-12-30 04:47:31,2013-12-30 06:50:37,1
161,26,4,159,3,1,0,3606,2013-12-30 05:51:59,2013-12-30 05:51:56,2013-12-30 06:52:05,1
163,31,4,161,3,1,0,3613,2013-12-30 05:55:53,2013-12-30 05:55:49,2013-12-30 06:56:06,1
164,30,4,162,3,1,0,3615,2013-12-30 05:56:25,2013-12-30 05:56:12,2013-12-30 06:56:40,1
162,29,4,160,3,1,0,4553,2013-12-30 05:52:22,2013-12-30 05:52:19,2013-12-30 07:08:15,1
287,46,2,292,2,1,19,1208,2014-04-11 07:12:30,2014-04-11 07:12:22,2014-04-11 07:32:38,1
166,27,4,164,3,1,0,,2013-12-30 07:43:26,2013-12-30 07:43:23,2013-12-30 07:43:26,1
171,30,4,169,3,1,0,29,2014-01-03 01:40:09,2014-01-03 01:40:07,2014-01-03 01:40:38,1
153,27,1,151,1,1,22,2782,2013-12-30 03:51:13,2013-12-30 03:51:09,2013-12-30 04:37:35,1
154,28,1,152,1,1,22,2950,2013-12-30 03:51:26,2013-12-30 03:51:22,2013-12-30 04:40:36,1
155,29,1,153,1,1,18,2981,2013-12-30 03:51:40,2013-12-30 03:51:34,2013-12-30 04:41:21,1
167,27,4,165,3,1,0,3604,2013-12-30 07:43:56,2013-12-30 07:43:51,2013-12-30 08:44:00,1
156,31,1,154,1,1,23,2972,2013-12-30 03:52:43,2013-12-30 03:52:35,2013-12-30 04:42:15,1
165,30,4,163,3,1,0,3829,2013-12-30 07:43:04,2013-12-30 07:42:58,2013-12-30 08:46:53,1
157,30,1,155,1,1,23,3058,2013-12-30 03:52:42,2013-12-30 03:52:39,2013-12-30 04:43:40,1
174,27,4,172,3,1,0,,2014-01-03 01:46:47,2014-01-03 01:46:43,2014-01-03 01:46:47,1
170,25,4,168,3,1,,,,2013-12-31 08:51:42,2013-12-31 08:51:42,1
288,43,5,293,4,1,26,1207,2014-04-11 07:18:25,2014-04-11 07:18:22,2014-04-11 07:38:32,1
289,44,5,294,4,1,22,627,2014-04-11 07:32:21,2014-04-11 07:32:16,2014-04-11 07:42:48,1
290,46,5,295,4,1,20,1206,2014-04-11 07:33:23,2014-04-11 07:33:18,2014-04-11 07:53:29,1
286,45,5,291,4,1,23,3672,2014-04-11 07:01:55,2014-04-11 07:01:50,2014-04-11 08:03:07,1
300,43,4,305,3,1,0,33,2014-04-12 05:01:10,2014-04-12 05:01:06,2014-04-12 05:01:43,1
173,30,4,171,3,1,0,1717,2014-01-03 01:41:03,2014-01-03 01:41:01,2014-01-03 02:09:40,1
301,47,2,306,2,1,26,896,2014-04-12 10:16:19,2014-04-12 10:16:12,2014-04-12 10:31:15,1
308,48,1,314,1,1,19,1407,2014-04-15 06:09:10,2014-04-15 06:09:01,2014-04-15 06:32:37,1
304,46,4,309,3,1,0,2960,2014-04-13 16:53:06,2014-04-13 16:53:01,2014-04-13 17:42:26,1
305,45,4,311,3,1,0,3616,2014-04-15 04:04:29,2014-04-15 04:03:34,2014-04-15 05:04:45,1
303,46,1,308,1,1,23,44627,2014-04-13 16:27:08,2014-04-13 16:26:19,2014-04-14 04:50:55,1
175,28,1,173,1,1,24,2069,2014-01-03 01:56:24,2014-01-03 01:56:18,2014-01-03 02:30:53,1
176,29,1,174,1,1,17,2011,2014-01-03 01:58:09,2014-01-03 01:58:03,2014-01-03 02:31:40,1
307,46,1,313,1,1,19,1456,2014-04-15 06:08:46,2014-04-15 06:08:10,2014-04-15 06:33:02,1
312,43,4,318,3,1,0,,2014-04-15 06:58:10,2014-04-15 06:58:08,2014-04-15 06:58:10,1
306,45,4,312,3,1,0,3579,2014-04-15 06:00:35,2014-04-15 05:43:18,2014-04-15 07:00:14,1
309,46,4,315,3,1,0,2800,2014-04-15 06:34:29,2014-04-15 06:34:25,2014-04-15 07:21:09,1
310,48,4,316,3,1,0,3607,2014-04-15 06:37:17,2014-04-15 06:37:11,2014-04-15 07:37:24,1
311,45,4,317,3,1,0,3576,2014-04-15 06:52:18,2014-04-15 06:52:15,2014-04-15 07:51:54,1
177,27,1,175,1,1,23,2054,2014-01-03 01:58:54,2014-01-03 01:58:51,2014-01-03 02:33:08,1
178,31,1,176,1,1,24,2026,2014-01-03 02:00:01,2014-01-03 01:59:58,2014-01-03 02:33:47,1
198,36,2,201,2,1,25,2093,2014-01-17 02:03:13,2014-01-17 02:03:09,2014-01-17 02:38:06,1
179,26,1,177,1,1,24,1997,2014-01-03 02:01:58,2014-01-03 02:01:14,2014-01-03 02:35:15,1
180,30,1,178,1,1,22,1651,2014-01-03 02:09:55,2014-01-03 02:09:53,2014-01-03 02:37:26,1
172,31,4,170,3,1,0,3611,2014-01-03 01:40:26,2014-01-03 01:40:23,2014-01-03 02:40:37,1
183,31,4,181,3,1,0,45,2014-01-03 02:41:02,2014-01-03 02:41:00,2014-01-03 02:41:47,1
184,31,4,182,3,1,0,19,2014-01-03 02:42:01,2014-01-03 02:41:58,2014-01-03 02:42:20,1
185,31,4,183,3,1,0,9,2014-01-03 02:42:33,2014-01-03 02:42:31,2014-01-03 02:42:42,1
186,31,4,184,3,1,0,8,2014-01-03 02:42:53,2014-01-03 02:42:48,2014-01-03 02:43:01,1
220,33,5,223,4,1,30,1211,2014-01-21 04:39:47,2014-01-21 04:39:44,2014-01-21 04:59:58,1
187,31,4,185,3,1,0,11,2014-01-03 02:43:14,2014-01-03 02:43:10,2014-01-03 02:43:25,1
182,29,1,180,1,1,20,1505,2014-01-03 02:33:57,2014-01-03 02:33:53,2014-01-03 02:59:02,1
189,26,4,187,3,1,0,,2014-01-03 03:00:02,2014-01-03 03:00:00,2014-01-03 03:00:02,1
190,26,4,188,3,1,0,,2014-01-03 03:00:19,2014-01-03 03:00:14,2014-01-03 03:00:19,1
188,31,4,186,3,1,0,1911,2014-01-03 02:43:33,2014-01-03 02:43:31,2014-01-03 03:15:24,1
181,28,4,179,3,1,0,3723,2014-01-03 02:22:43,2014-01-03 02:22:41,2014-01-03 03:24:46,1
192,26,4,190,3,1,0,,2014-01-03 03:36:30,2014-01-03 03:36:27,2014-01-03 03:36:30,1
209,37,5,212,4,1,20,1206,2014-01-21 02:05:33,2014-01-21 02:05:28,2014-01-21 02:25:39,1
191,29,4,189,3,1,0,3716,2014-01-03 03:01:51,2014-01-03 03:01:47,2014-01-03 04:03:47,1
193,26,4,191,3,1,0,3606,2014-01-03 03:36:41,2014-01-03 03:36:38,2014-01-03 04:36:47,1
194,26,5,192,4,1,0,1238,2014-01-14 09:22:11,2014-01-14 09:22:03,2014-01-14 09:42:49,1
195,32,1,195,1,1,0,,2014-01-15 05:08:15,2014-01-15 04:07:14,2014-01-15 05:08:15,1
211,36,5,214,4,1,20,1206,2014-01-21 02:05:37,2014-01-21 02:05:34,2014-01-21 02:25:43,1
196,26,1,199,1,1,0,1506,2014-01-15 08:47:14,2014-01-15 08:47:05,2014-01-15 09:12:20,1
210,35,5,213,4,1,21,1206,2014-01-21 02:05:40,2014-01-21 02:05:33,2014-01-21 02:25:46,1
208,38,5,211,4,1,20,1218,2014-01-21 02:05:29,2014-01-21 02:05:26,2014-01-21 02:25:47,1
212,34,5,215,4,1,25,1206,2014-01-21 02:06:10,2014-01-21 02:05:48,2014-01-21 02:26:16,1
214,33,5,217,4,1,18,1214,2014-01-21 02:06:12,2014-01-21 02:06:07,2014-01-21 02:26:26,1
197,33,2,200,2,1,22,1215,2014-01-17 02:02:39,2014-01-17 02:02:34,2014-01-17 02:22:54,1
199,35,2,202,2,1,21,1205,2014-01-17 02:03:16,2014-01-17 02:03:11,2014-01-17 02:23:21,1
200,37,2,203,2,1,19,1209,2014-01-17 02:03:20,2014-01-17 02:03:16,2014-01-17 02:23:29,1
201,34,2,204,2,1,12,1206,2014-01-17 02:03:26,2014-01-17 02:03:19,2014-01-17 02:23:32,1
202,38,2,205,2,1,24,1220,2014-01-17 02:04:22,2014-01-17 02:04:13,2014-01-17 02:24:42,1
222,36,4,225,3,1,0,,2014-01-21 06:16:04,2014-01-21 06:16:01,2014-01-21 06:16:04,1
207,38,2,210,2,1,29,676,2014-01-17 06:21:19,2014-01-17 06:20:59,2014-01-17 06:32:35,1
203,33,2,206,2,1,30,1213,2014-01-17 06:16:09,2014-01-17 06:15:58,2014-01-17 06:36:22,1
205,37,2,208,2,1,30,1207,2014-01-17 06:17:18,2014-01-17 06:17:15,2014-01-17 06:37:25,1
204,35,2,207,2,1,29,1246,2014-01-17 06:16:45,2014-01-17 06:16:39,2014-01-17 06:37:31,1
206,34,2,209,2,1,30,1205,2014-01-17 06:20:20,2014-01-17 06:20:11,2014-01-17 06:40:25,1
226,35,1,231,1,1,20,2277,2014-01-21 06:16:46,2014-01-21 06:16:42,2014-01-21 06:54:43,1
213,34,5,216,4,1,,,,2014-01-21 02:05:57,2014-01-21 02:05:57,1
235,37,4,241,3,1,0,3604,2014-01-23 06:22:15,2014-01-23 06:22:12,2014-01-23 07:22:19,1
217,37,5,220,4,1,30,301,2014-01-21 04:02:32,2014-01-21 04:02:28,2014-01-21 04:07:33,1
221,33,1,224,1,1,22,2389,2014-01-21 06:15:56,2014-01-21 06:15:53,2014-01-21 06:55:45,1
233,34,4,238,3,1,0,3605,2014-01-21 06:45:35,2014-01-21 06:45:28,2014-01-21 07:45:40,1
216,38,5,219,4,1,30,1204,2014-01-21 04:02:31,2014-01-21 04:02:28,2014-01-21 04:22:35,1
215,36,5,218,4,1,29,1216,2014-01-21 04:02:25,2014-01-21 04:02:22,2014-01-21 04:22:41,1
218,35,5,221,4,1,27,1206,2014-01-21 04:02:48,2014-01-21 04:02:32,2014-01-21 04:22:54,1
219,33,5,222,4,1,20,1216,2014-01-21 04:02:48,2014-01-21 04:02:44,2014-01-21 04:23:04,1
234,39,4,239,3,1,0,3604,2014-01-21 07:03:17,2014-01-21 07:03:03,2014-01-21 08:03:21,1
229,39,1,234,1,1,20,1839,2014-01-21 06:37:26,2014-01-21 06:37:24,2014-01-21 07:08:05,1
228,33,4,233,3,1,0,3645,2014-01-21 06:31:00,2014-01-21 06:30:56,2014-01-21 07:31:45,1
230,37,4,235,3,1,0,3605,2014-01-21 06:43:20,2014-01-21 06:43:17,2014-01-21 07:43:25,1
241,35,4,247,3,1,0,3605,2014-01-23 06:31:11,2014-01-23 06:31:04,2014-01-23 07:31:16,1
231,36,4,236,3,1,0,3611,2014-01-21 06:43:20,2014-01-21 06:43:17,2014-01-21 07:43:31,1
238,35,1,244,1,1,0,,2014-01-23 06:30:30,2014-01-23 06:30:25,2014-01-23 06:30:30,1
227,34,1,232,1,1,16,2207,2014-01-21 06:19:36,2014-01-21 06:19:32,2014-01-21 06:56:23,1
223,36,1,226,1,1,23,2251,2014-01-21 06:16:41,2014-01-21 06:16:19,2014-01-21 06:54:12,1
232,35,4,237,3,1,0,3605,2014-01-21 06:44:33,2014-01-21 06:44:29,2014-01-21 07:44:38,1
224,37,1,228,1,1,19,2456,2014-01-21 06:16:30,2014-01-21 06:16:26,2014-01-21 06:57:26,1
236,36,4,242,3,1,0,,2014-01-23 06:30:03,2014-01-23 06:29:58,2014-01-23 06:30:03,1
239,33,4,245,3,1,0,,2014-01-23 06:30:40,2014-01-23 06:30:36,2014-01-23 06:30:40,1
240,35,4,246,3,1,0,,2014-01-23 06:30:55,2014-01-23 06:30:50,2014-01-23 06:30:55,1
225,36,1,230,1,1,0,,2014-02-10 03:02:53,2014-01-21 06:16:31,2014-02-10 03:02:53,1
242,33,4,248,3,1,0,,2014-01-23 06:31:49,2014-01-23 06:31:44,2014-01-23 06:31:49,1
243,33,4,249,3,1,0,,2014-01-23 06:32:01,2014-01-23 06:31:58,2014-01-23 06:32:01,1
244,33,4,250,3,1,0,,2014-01-23 06:32:12,2014-01-23 06:32:09,2014-01-23 06:32:12,1
245,33,4,251,3,1,0,,2014-01-23 06:32:23,2014-01-23 06:32:20,2014-01-23 06:32:23,1
246,33,4,252,3,1,0,,2014-01-23 06:32:34,2014-01-23 06:32:31,2014-01-23 06:32:34,1
247,33,4,253,3,1,0,,2014-01-23 06:32:45,2014-01-23 06:32:42,2014-01-23 06:32:45,1
237,36,4,243,3,1,0,2803,2014-01-23 06:30:16,2014-01-23 06:30:13,2014-01-23 07:16:59,1
249,33,4,255,3,1,,,,2014-01-23 06:32:55,2014-01-23 06:32:55,1
250,39,4,256,3,1,0,,2014-01-23 06:40:54,2014-01-23 06:40:51,2014-01-23 06:40:54,1
291,45,1,296,1,1,0,,2014-04-11 08:15:09,2014-04-11 08:15:05,2014-04-11 08:15:09,1
252,34,4,258,3,1,0,,2014-01-23 07:09:11,2014-01-23 07:09:08,2014-01-23 07:09:11,1
267,40,5,271,4,1,25,1699,2014-02-24 09:57:59,2014-02-24 09:57:54,2014-02-24 10:26:18,1
248,33,4,254,3,1,0,3616,2014-01-23 06:32:58,2014-01-23 06:32:52,2014-01-23 07:33:14,1
251,39,4,257,3,1,0,3616,2014-01-23 06:41:20,2014-01-23 06:41:17,2014-01-23 07:41:36,1
253,34,4,259,3,1,0,3613,2014-01-23 07:09:23,2014-01-23 07:09:20,2014-01-23 08:09:36,1
268,40,1,272,1,1,21,1446,2014-02-28 10:09:12,2014-02-28 10:09:06,2014-02-28 10:33:18,1
269,40,4,273,3,1,0,,2014-02-28 10:38:38,2014-02-28 10:34:09,2014-02-28 10:38:38,1
270,40,4,274,3,1,0,,2014-02-28 10:39:47,2014-02-28 10:39:43,2014-02-28 10:39:47,1
292,43,1,297,1,1,16,1506,2014-04-11 08:15:28,2014-04-11 08:15:22,2014-04-11 08:40:34,1
336,52,2,343,2,1,22,1205,2014-04-23 09:45:21,2014-04-23 09:32:30,2014-04-23 10:05:26,1
318,43,1,325,1,1,18,1507,2014-04-16 02:29:09,2014-04-16 02:29:04,2014-04-16 02:54:16,1
297,45,4,302,3,1,0,,2014-04-11 08:52:55,2014-04-11 08:52:53,2014-04-11 08:52:55,1
322,48,1,329,1,1,20,1507,2014-04-16 06:29:25,2014-04-16 06:29:22,2014-04-16 06:54:32,1
293,44,1,298,1,1,23,3318,2014-04-11 08:18:44,2014-04-11 08:18:33,2014-04-11 09:14:02,1
254,37,1,260,1,1,24,1645,2014-01-24 02:59:34,2014-01-24 02:59:31,2014-01-24 03:26:59,1
255,36,1,261,1,1,25,1677,2014-01-24 02:59:39,2014-01-24 02:59:36,2014-01-24 03:27:36,1
294,43,4,299,3,1,0,3605,2014-04-11 08:42:09,2014-04-11 08:41:53,2014-04-11 09:42:14,1
256,33,1,262,1,1,24,1718,2014-01-24 02:59:43,2014-01-24 02:59:36,2014-01-24 03:28:21,1
296,44,4,301,3,1,0,3604,2014-04-11 08:44:28,2014-04-11 08:44:22,2014-04-11 09:44:32,1
257,35,1,263,1,1,23,1739,2014-01-24 02:59:52,2014-01-24 02:59:44,2014-01-24 03:28:51,1
258,39,1,264,1,1,23,1770,2014-01-24 02:59:56,2014-01-24 02:59:54,2014-01-24 03:29:26,1
259,34,1,265,1,1,24,1711,2014-01-24 03:01:19,2014-01-24 03:00:16,2014-01-24 03:29:50,1
260,36,1,266,1,1,,,,2014-01-24 07:29:14,2014-01-24 07:29:14,1
330,47,5,337,4,1,28,1205,2014-04-23 01:53:26,2014-04-23 01:53:22,2014-04-23 02:13:31,1
264,37,1,268,1,1,0,1816,2014-02-06 08:24:48,2014-02-06 08:24:45,2014-02-06 08:55:04,1
323,48,4,330,3,1,0,3605,2014-04-16 06:57:07,2014-04-16 06:57:00,2014-04-16 07:57:12,1
299,43,1,304,1,1,21,3047,2014-04-11 09:56:26,2014-04-11 09:56:24,2014-04-11 10:47:13,1
265,37,2,269,2,1,0,1208,2014-02-07 09:41:31,2014-02-07 09:41:28,2014-02-07 10:01:39,1
266,40,2,270,2,1,28,1213,2014-02-14 06:17:03,2014-02-14 06:16:47,2014-02-14 06:37:16,1
298,46,2,303,2,1,28,5018,2014-04-11 09:25:52,2014-04-11 09:25:48,2014-04-11 10:49:30,1
319,45,1,326,1,1,19,1508,2014-04-16 02:50:51,2014-04-16 02:45:37,2014-04-16 03:15:59,1
295,45,1,300,1,1,17,1504,2014-04-15 03:38:01,2014-04-11 08:42:30,2014-04-15 04:03:05,1
314,45,4,320,3,1,0,,2014-04-15 07:52:16,2014-04-15 07:52:13,2014-04-15 07:52:16,1
315,45,4,322,3,1,0,,2014-04-15 07:52:40,2014-04-15 07:52:36,2014-04-15 07:52:40,1
338,50,4,345,3,1,0,2753,2014-04-24 02:31:07,2014-04-24 02:31:04,2014-04-24 03:17:00,1
316,45,4,323,3,1,0,659,2014-04-15 07:53:01,2014-04-15 07:52:57,2014-04-15 08:04:00,1
331,52,2,338,2,1,11,1208,2014-04-23 07:35:54,2014-04-23 07:35:50,2014-04-23 07:56:02,1
324,47,5,331,4,1,22,1210,2014-04-22 04:20:11,2014-04-22 04:20:05,2014-04-22 04:40:21,1
317,45,4,324,3,1,0,3859,2014-04-15 08:04:17,2014-04-15 08:04:14,2014-04-15 09:08:36,1
337,52,2,344,2,1,28,195,2014-04-23 11:00:16,2014-04-23 11:00:03,2014-04-23 11:03:31,1
326,50,5,333,4,1,22,1207,2014-04-22 04:24:49,2014-04-22 04:24:45,2014-04-22 04:44:56,1
325,49,5,332,4,1,21,1205,2014-04-22 04:24:51,2014-04-22 04:24:44,2014-04-22 04:44:56,1
321,43,4,328,3,1,0,,2014-04-16 04:12:19,2014-04-16 04:12:16,2014-04-16 04:12:19,1
327,51,5,334,4,1,27,1211,2014-04-22 04:25:42,2014-04-22 04:25:37,2014-04-22 04:45:53,1
335,49,1,342,1,1,24,2384,2014-04-23 08:53:16,2014-04-23 08:53:13,2014-04-23 09:33:00,1
320,45,4,327,3,1,0,3605,2014-04-16 03:19:23,2014-04-16 02:45:44,2014-04-16 04:19:28,1
328,50,5,335,4,1,28,606,2014-04-22 05:29:04,2014-04-22 05:28:19,2014-04-22 05:39:10,1
329,49,5,336,4,1,28,585,2014-04-22 05:34:18,2014-04-22 05:34:14,2014-04-22 05:44:03,1
334,50,1,341,1,1,22,3871,2014-04-23 08:28:56,2014-04-23 08:28:53,2014-04-23 09:33:27,1
333,49,1,340,1,1,0,1505,2014-04-23 08:27:49,2014-04-23 08:27:44,2014-04-23 08:52:54,1
332,47,1,339,1,1,20,4025,2014-04-23 08:26:55,2014-04-23 08:26:52,2014-04-23 09:34:00,1
342,50,4,349,3,1,0,,2014-04-24 06:24:51,2014-04-24 06:24:48,2014-04-24 06:24:51,1
340,49,4,347,3,1,0,2595,2014-04-24 02:41:14,2014-04-24 02:40:46,2014-04-24 03:24:29,1
339,53,5,346,4,1,25,1201,2014-04-24 02:36:49,2014-04-24 02:36:34,2014-04-24 02:56:50,1
343,50,4,350,3,1,0,,2014-04-24 06:25:04,2014-04-24 06:25:01,2014-04-24 06:25:04,1
345,49,4,352,3,1,0,,2014-04-24 06:34:06,2014-04-24 06:34:02,2014-04-24 06:34:06,1
348,50,2,355,2,1,25,1647,2014-04-25 03:23:11,2014-04-25 03:23:08,2014-04-25 03:50:38,1
341,47,4,348,3,1,0,4193,2014-04-24 05:56:20,2014-04-24 05:56:16,2014-04-24 07:06:13,1
344,50,4,351,3,1,0,3338,2014-04-24 06:25:17,2014-04-24 06:25:13,2014-04-24 07:20:55,1
346,49,4,353,3,1,0,3699,2014-04-24 06:34:18,2014-04-24 06:34:15,2014-04-24 07:35:57,1
349,40,4,356,3,1,,,,2014-04-25 03:27:00,2014-04-25 03:27:00,1
350,40,4,357,3,1,0,,2014-04-25 03:29:07,2014-04-25 03:27:19,2014-04-25 03:29:07,1
347,49,2,354,2,1,22,1722,2014-04-25 03:23:30,2014-04-25 03:23:00,2014-04-25 03:52:12,1
351,49,2,358,2,1,27,330,2014-04-25 04:01:22,2014-04-25 04:01:19,2014-04-25 04:06:52,1
352,47,1,359,1,1,23,2293,2014-04-25 06:10:30,2014-04-25 06:10:26,2014-04-25 06:48:43,1
353,53,1,360,1,1,22,3989,2014-04-25 08:26:54,2014-04-25 08:26:48,2014-04-25 09:33:23,1
383,57,5,391,4,1,26,52021,2014-05-13 10:02:09,2014-05-13 10:02:04,2014-05-14 00:29:10,1
373,57,2,381,2,1,30,928,2014-05-12 04:03:10,2014-05-12 04:03:06,2014-05-12 04:18:38,1
354,52,1,361,1,1,20,1821,2014-04-25 09:03:50,2014-04-25 09:03:44,2014-04-25 09:34:11,1
371,48,2,379,2,1,19,1209,2014-05-12 03:59:41,2014-05-12 03:59:30,2014-05-12 04:19:50,1
355,53,4,362,3,1,0,3618,2014-04-26 01:44:24,2014-04-26 01:44:19,2014-04-26 02:44:42,1
356,52,4,363,3,1,0,4955,2014-04-26 07:32:00,2014-04-26 07:31:57,2014-04-26 08:54:35,1
357,53,4,364,3,1,0,3835,2014-04-28 07:53:12,2014-04-28 07:53:07,2014-04-28 08:57:07,1
374,58,2,382,2,1,30,1221,2014-05-12 04:18:06,2014-05-12 04:18:01,2014-05-12 04:38:27,1
358,53,1,365,1,1,24,1795,2014-04-29 02:08:36,2014-04-29 02:08:33,2014-04-29 02:38:31,1
375,56,2,383,2,1,30,1207,2014-05-12 06:42:56,2014-05-12 06:42:52,2014-05-12 07:03:03,1
359,53,4,366,3,1,0,3683,2014-04-29 02:39:00,2014-04-29 02:38:56,2014-04-29 03:40:23,1
360,54,2,367,2,1,20,1207,2014-05-06 03:56:27,2014-05-06 03:56:06,2014-05-06 04:16:34,1
376,43,1,384,1,1,0,,2014-05-13 02:18:29,2014-05-12 09:32:29,2014-05-13 02:18:29,1
402,62,2,410,2,1,0,,2014-05-20 04:14:59,2014-05-20 04:08:44,2014-05-20 04:14:59,1
362,54,4,369,3,1,0,,2014-05-06 07:19:11,2014-05-06 07:19:08,2014-05-06 07:19:11,1
361,54,2,368,2,1,29,1206,2014-05-06 07:04:50,2014-05-06 03:56:15,2014-05-06 07:24:56,1
363,54,5,370,4,1,25,1226,2014-05-08 10:12:17,2014-05-08 10:12:14,2014-05-08 10:32:43,1
364,55,5,371,4,1,19,1240,2014-05-09 02:26:57,2014-05-09 02:26:39,2014-05-09 02:47:37,1
378,58,2,386,2,1,28,1169,2014-05-13 08:07:24,2014-05-13 08:07:11,2014-05-13 08:26:53,1
365,55,5,373,4,1,30,827,2014-05-09 03:19:39,2014-05-09 03:19:00,2014-05-09 03:33:26,1
366,53,2,374,2,1,27,1207,2014-05-09 09:32:07,2014-05-09 09:31:42,2014-05-09 09:52:14,1
369,58,2,377,2,1,17,1204,2014-05-12 03:09:45,2014-05-12 03:09:39,2014-05-12 03:29:49,1
367,57,2,375,2,1,20,1207,2014-05-12 03:09:43,2014-05-12 03:09:38,2014-05-12 03:29:50,1
368,56,2,376,2,1,22,1208,2014-05-12 03:09:49,2014-05-12 03:09:38,2014-05-12 03:29:57,1
372,48,2,380,2,1,,,,2014-05-12 03:59:37,2014-05-12 03:59:37,1
393,58,4,401,3,1,0,3605,2014-05-15 07:09:36,2014-05-15 07:09:14,2014-05-15 08:09:41,1
403,62,2,411,2,1,0,1232,2014-05-20 04:23:50,2014-05-20 04:23:46,2014-05-20 04:44:22,1
404,43,1,412,1,1,0,,2014-05-20 08:56:07,2014-05-20 08:55:08,2014-05-20 08:56:07,1
370,56,2,378,2,1,27,1205,2014-05-12 03:55:30,2014-05-12 03:55:26,2014-05-12 04:15:35,1
394,59,4,402,3,1,0,3604,2014-05-15 07:12:32,2014-05-15 07:12:29,2014-05-15 08:12:36,1
380,57,5,388,4,1,24,1201,2014-05-13 08:57:50,2014-05-13 08:57:46,2014-05-13 09:17:51,1
379,56,5,387,4,1,24,1207,2014-05-13 08:57:44,2014-05-13 08:57:35,2014-05-13 09:17:51,1
392,57,4,400,3,1,0,3904,2014-05-15 07:08:46,2014-05-15 07:08:42,2014-05-15 08:13:50,1
405,43,2,413,2,1,,,,2014-05-21 03:41:10,2014-05-21 03:41:10,1
381,59,5,389,4,1,22,1207,2014-05-13 08:58:26,2014-05-13 08:58:21,2014-05-13 09:18:33,1
382,58,5,390,4,1,23,1207,2014-05-13 08:58:42,2014-05-13 08:58:35,2014-05-13 09:18:49,1
395,55,4,403,3,1,0,3606,2014-05-15 07:16:58,2014-05-15 07:16:51,2014-05-15 08:17:04,1
396,56,4,404,3,1,0,6703,2014-05-15 08:11:18,2014-05-15 08:11:13,2014-05-15 10:03:01,1
397,46,1,405,1,1,,,,2014-05-16 04:24:19,2014-05-16 04:24:19,1
406,43,2,414,2,1,,,,2014-05-21 03:41:20,2014-05-21 03:41:20,1
407,43,2,415,2,1,,,,2014-05-21 05:32:17,2014-05-21 05:32:17,1
386,56,1,394,1,1,24,20596,2014-05-15 00:55:10,2014-05-15 00:54:56,2014-05-15 06:38:26,1
377,43,2,385,2,1,0,1257,2014-05-19 03:04:32,2014-05-12 09:32:52,2014-05-19 03:25:29,1
387,57,1,395,1,1,22,20617,2014-05-15 00:55:24,2014-05-15 00:55:22,2014-05-15 06:39:01,1
384,56,5,392,4,1,28,1223,2014-05-13 10:02:14,2014-05-13 10:02:08,2014-05-13 10:22:37,1
385,58,5,393,4,1,28,1274,2014-05-13 10:03:42,2014-05-13 10:03:35,2014-05-13 10:24:56,1
388,58,1,396,1,1,23,20598,2014-05-15 00:56:19,2014-05-15 00:56:10,2014-05-15 06:39:37,1
389,59,1,397,1,1,23,20514,2014-05-15 00:58:22,2014-05-15 00:58:17,2014-05-15 06:40:16,1
398,60,2,406,2,1,0,1253,2014-05-20 03:00:29,2014-05-20 03:00:25,2014-05-20 03:21:22,1
390,55,1,398,1,1,23,20404,2014-05-15 01:00:32,2014-05-15 01:00:29,2014-05-15 06:40:36,1
391,56,4,399,3,1,0,3613,2014-05-15 07:08:01,2014-05-15 07:07:58,2014-05-15 08:08:14,1
401,63,2,409,2,1,0,,2014-05-20 03:39:17,2014-05-20 03:39:12,2014-05-20 03:39:17,1
400,62,2,408,2,1,26,722,2014-05-20 03:31:21,2014-05-20 03:31:16,2014-05-20 03:43:23,1
399,61,2,407,2,1,8,1226,2014-05-20 03:28:50,2014-05-20 03:28:46,2014-05-20 03:49:16,1
408,65,2,417,2,1,23,1220,2014-06-04 06:07:21,2014-06-04 06:07:15,2014-06-04 06:27:41,1
409,64,2,418,2,1,16,1210,2014-06-04 06:07:40,2014-06-04 06:07:22,2014-06-04 06:27:50,1
416,67,5,425,4,1,19,1210,2014-06-07 09:13:31,2014-06-07 08:41:43,2014-06-07 09:33:41,1
412,65,2,421,2,1,,,,2014-06-04 09:55:01,2014-06-04 09:55:01,1
413,65,5,422,4,1,26,1209,2014-06-06 09:50:57,2014-06-06 09:50:45,2014-06-06 10:11:06,1
411,64,2,420,2,1,28,1209,2014-06-04 09:53:37,2014-06-04 09:53:32,2014-06-04 10:13:46,1
414,64,5,423,4,1,22,1210,2014-06-06 09:51:20,2014-06-06 09:51:16,2014-06-06 10:11:30,1
410,65,2,419,2,1,29,1209,2014-06-04 09:55:09,2014-06-04 09:51:49,2014-06-04 10:15:18,1
415,66,5,424,4,1,0,,2014-06-07 08:25:15,2014-06-07 08:25:09,2014-06-07 08:25:15,1
420,70,5,430,4,1,0,,2014-06-07 08:44:42,2014-06-07 08:44:37,2014-06-07 08:44:42,1
422,71,5,432,4,1,0,,2014-06-07 08:44:56,2014-06-07 08:44:52,2014-06-07 08:44:56,1
418,11,5,428,4,1,22,1206,2014-06-07 08:44:25,2014-06-07 08:44:17,2014-06-07 09:04:31,1
423,9,5,433,4,1,23,411,2014-06-07 08:44:57,2014-06-07 08:44:54,2014-06-07 08:51:48,1
417,68,5,426,4,1,17,963,2014-06-07 08:43:36,2014-06-07 08:43:31,2014-06-07 08:59:39,1
419,69,5,429,4,1,21,1214,2014-06-07 08:44:31,2014-06-07 08:44:27,2014-06-07 09:04:45,1
421,20,5,431,4,1,0,,2014-06-07 08:44:59,2014-06-07 08:44:49,2014-06-07 08:44:59,1
425,74,5,435,4,1,0,,2014-06-07 08:47:35,2014-06-07 08:47:31,2014-06-07 08:47:35,1
426,75,5,436,4,1,0,,2014-06-07 08:50:11,2014-06-07 08:50:04,2014-06-07 08:50:11,1
440,85,5,451,4,1,24,817,2014-06-07 09:24:09,2014-06-07 09:24:05,2014-06-07 09:37:46,1
424,72,5,434,4,1,19,845,2014-06-07 08:45:59,2014-06-07 08:45:53,2014-06-07 09:00:04,1
429,78,5,439,4,1,0,,2014-06-07 09:11:22,2014-06-07 09:11:15,2014-06-07 09:11:22,1
432,80,5,443,4,1,0,,2014-06-07 09:14:40,2014-06-07 09:14:31,2014-06-07 09:14:40,1
452,79,1,463,1,1,0,,2014-06-07 09:40:49,2014-06-07 09:40:46,2014-06-07 09:40:49,1
433,82,5,444,4,1,19,288,2014-06-07 09:15:23,2014-06-07 09:15:18,2014-06-07 09:20:11,1
447,90,5,458,4,1,21,607,2014-06-07 09:30:54,2014-06-07 09:30:49,2014-06-07 09:41:01,1
453,64,2,464,2,1,0,,2014-06-07 09:41:02,2014-06-07 09:40:58,2014-06-07 09:41:02,1
438,69,4,449,3,1,,,,2014-06-07 09:21:44,2014-06-07 09:21:44,1
427,76,5,437,4,1,15,1221,2014-06-07 09:01:32,2014-06-07 09:01:26,2014-06-07 09:21:53,1
450,91,5,461,4,1,21,263,2014-06-07 09:38:11,2014-06-07 09:38:07,2014-06-07 09:42:34,1
436,12,5,447,4,1,23,912,2014-06-07 09:28:07,2014-06-07 09:19:06,2014-06-07 09:43:19,1
437,84,5,448,4,1,19,360,2014-06-07 09:21:01,2014-06-07 09:20:57,2014-06-07 09:27:01,1
444,88,5,455,4,1,23,1012,2014-06-07 09:27:28,2014-06-07 09:27:23,2014-06-07 09:44:20,1
441,79,2,452,2,1,24,1207,2014-06-07 09:24:36,2014-06-07 09:24:33,2014-06-07 09:44:43,1
435,8,5,446,4,1,22,621,2014-06-07 09:18:10,2014-06-07 09:18:06,2014-06-07 09:28:31,1
445,73,5,456,4,1,,,,2014-06-07 09:28:46,2014-06-07 09:28:46,1
446,89,5,457,4,1,0,,2014-06-07 09:28:50,2014-06-07 09:28:46,2014-06-07 09:28:50,1
428,77,5,438,4,1,16,1240,2014-06-07 09:10:40,2014-06-07 09:10:32,2014-06-07 09:31:20,1
430,79,5,441,4,1,21,1212,2014-06-07 09:12:54,2014-06-07 09:12:18,2014-06-07 09:33:06,1
261,36,2,266,2,2,,,,2014-01-24 07:29:15,2014-01-24 07:29:15,1
56,17,4,55,3,2,0,1869,2013-10-29 06:29:27,2013-10-29 06:09:02,2013-10-29 07:00:36,1
10,5,4,5,3,2,0,3934,2013-10-21 07:30:08,2013-10-21 07:05:59,2013-10-21 08:35:42,1
8,4,4,4,3,2,0,3178,2013-10-21 07:44:10,2013-10-21 07:05:55,2013-10-21 08:37:08,1
58,4,4,56,3,2,0,1816,2013-10-29 06:32:08,2013-10-29 06:09:23,2013-10-29 07:02:24,1
4,2,4,2,3,2,0,47,2013-10-21 06:47:32,2013-10-21 06:47:18,2013-10-21 06:48:19,1
6,3,4,3,3,2,0,,2013-10-21 07:31:35,2013-10-21 07:00:58,2013-10-21 07:31:35,1
61,3,4,58,3,2,0,,2013-10-29 07:06:32,2013-10-29 06:29:14,2013-10-29 07:06:32,1
2,2,4,1,3,2,0,,2013-10-21 06:28:35,2013-10-21 06:27:33,2013-10-21 06:28:35,1
262,36,4,266,3,3,,,,2014-01-24 07:29:15,2014-01-24 07:29:15,1
263,36,5,266,4,4,0,,2014-02-07 08:50:40,2014-01-24 07:29:15,2014-02-07 08:50:40,1
