examination_id,user_id,conclusion_id,status,created_at,updated_at,active_flag
467,83,,1,2014-06-09 01:41:50 UTC,2014-06-09 01:41:50 UTC,1
466,83,,1,2014-06-09 01:41:44 UTC,2014-06-09 01:41:44 UTC,1
465,64,,1,2014-06-07 09:41:19 UTC,2014-06-07 09:41:19 UTC,1
464,64,,1,2014-06-07 09:40:58 UTC,2014-06-07 09:40:58 UTC,1
463,79,,1,2014-06-07 09:40:46 UTC,2014-06-07 09:40:46 UTC,1
462,65,,1,2014-06-07 09:40:19 UTC,2014-06-07 09:40:19 UTC,1
461,91,,2,2014-06-07 09:38:07 UTC,2014-06-07 09:44:53 UTC,1
460,87,,1,2014-06-07 09:37:15 UTC,2014-06-07 09:37:15 UTC,1
459,39,,1,2014-06-07 09:35:32 UTC,2014-06-07 09:35:32 UTC,1
458,90,,2,2014-06-07 09:30:48 UTC,2014-06-07 09:44:28 UTC,1
457,89,,1,2014-06-07 09:28:46 UTC,2014-06-07 09:28:46 UTC,1
456,73,,1,2014-06-07 09:28:46 UTC,2014-06-07 09:28:46 UTC,1
455,88,,2,2014-06-07 09:27:23 UTC,2014-06-07 09:45:18 UTC,1
454,87,,1,2014-06-07 09:27:06 UTC,2014-06-07 09:27:06 UTC,1
453,86,,2,2014-06-07 09:24:45 UTC,2014-06-07 09:38:30 UTC,1
452,79,,1,2014-06-07 09:24:33 UTC,2014-06-07 09:24:33 UTC,1
451,85,,2,2014-06-07 09:24:05 UTC,2014-06-07 09:48:51 UTC,1
450,69,,2,2014-06-07 09:21:57 UTC,2014-06-07 09:46:00 UTC,1
449,69,,1,2014-06-07 09:21:44 UTC,2014-06-07 09:21:44 UTC,1
448,84,,2,2014-06-07 09:20:57 UTC,2014-06-07 09:28:38 UTC,1
447,12,,2,2014-06-07 09:19:05 UTC,2014-06-07 09:44:09 UTC,1
446,8,,1,2014-06-07 09:18:06 UTC,2014-06-07 09:18:06 UTC,1
445,83,,2,2014-06-07 09:16:45 UTC,2014-06-09 02:17:03 UTC,1
444,82,,2,2014-06-07 09:15:18 UTC,2014-06-07 09:22:33 UTC,1
443,80,,1,2014-06-07 09:14:31 UTC,2014-06-07 09:14:31 UTC,1
442,81,,2,2014-06-07 09:14:00 UTC,2014-06-07 09:51:57 UTC,1
441,79,,1,2014-06-07 09:12:18 UTC,2014-06-07 09:12:18 UTC,1
440,78,,1,2014-06-07 09:11:17 UTC,2014-06-07 09:11:17 UTC,1
439,78,,1,2014-06-07 09:11:15 UTC,2014-06-07 09:11:15 UTC,1
438,77,,1,2014-06-07 09:10:32 UTC,2014-06-07 09:10:32 UTC,1
437,76,,2,2014-06-07 09:01:26 UTC,2014-06-07 09:22:58 UTC,1
436,75,,1,2014-06-07 08:50:04 UTC,2014-06-07 08:50:04 UTC,1
435,74,,1,2014-06-07 08:47:31 UTC,2014-06-07 08:47:31 UTC,1
434,72,,2,2014-06-07 08:45:53 UTC,2014-06-07 09:18:23 UTC,1
433,9,,2,2014-06-07 08:44:54 UTC,2014-06-07 09:20:30 UTC,1
432,71,,1,2014-06-07 08:44:52 UTC,2014-06-07 08:44:52 UTC,1
431,20,,1,2014-06-07 08:44:49 UTC,2014-06-07 08:44:49 UTC,1
430,70,,1,2014-06-07 08:44:37 UTC,2014-06-07 08:44:37 UTC,1
429,69,,2,2014-06-07 08:44:27 UTC,2014-06-07 09:08:50 UTC,1
428,11,,2,2014-06-07 08:44:17 UTC,2014-06-07 09:12:53 UTC,1
427,68,,1,2014-06-07 08:43:47 UTC,2014-06-07 08:43:47 UTC,1
426,68,,2,2014-06-07 08:43:31 UTC,2014-06-07 09:11:19 UTC,1
425,67,,2,2014-06-07 08:41:43 UTC,2014-06-07 09:33:19 UTC,1
424,66,,1,2014-06-07 08:25:08 UTC,2014-06-07 08:25:08 UTC,1
423,64,,2,2014-06-06 09:51:16 UTC,2014-06-07 08:41:18 UTC,1
422,65,,2,2014-06-06 09:50:42 UTC,2014-06-07 08:41:14 UTC,1
421,65,,1,2014-06-04 09:55:01 UTC,2014-06-04 09:55:01 UTC,1
420,64,,1,2014-06-04 09:53:32 UTC,2014-06-04 09:53:32 UTC,1
419,65,,1,2014-06-04 09:51:48 UTC,2014-06-04 09:51:48 UTC,1
418,64,,2,2014-06-04 06:07:22 UTC,2014-06-04 09:46:06 UTC,1
417,65,,2,2014-06-04 06:07:15 UTC,2014-06-04 09:46:00 UTC,1
416,56,,1,2014-05-29 01:36:35 UTC,2014-05-29 01:36:35 UTC,1
415,43,,1,2014-05-21 05:32:17 UTC,2014-05-21 05:32:17 UTC,1
414,43,,1,2014-05-21 03:41:20 UTC,2014-05-21 03:41:20 UTC,1
413,43,,1,2014-05-21 03:41:10 UTC,2014-05-21 03:41:10 UTC,1
412,43,,1,2014-05-20 08:55:08 UTC,2014-05-20 08:55:08 UTC,1
411,62,,2,2014-05-20 04:23:46 UTC,2014-05-20 04:34:56 UTC,1
410,62,,1,2014-05-20 04:08:44 UTC,2014-05-20 04:08:44 UTC,1
409,63,,1,2014-05-20 03:39:12 UTC,2014-05-20 03:39:12 UTC,1
408,62,,1,2014-05-20 03:31:16 UTC,2014-05-20 03:31:16 UTC,1
407,61,,2,2014-05-20 03:28:46 UTC,2014-05-20 04:35:39 UTC,1
406,60,,2,2014-05-20 03:00:25 UTC,2014-05-20 04:35:23 UTC,1
405,46,,1,2014-05-16 04:24:19 UTC,2014-05-16 04:24:19 UTC,1
404,56,,1,2014-05-15 08:11:13 UTC,2014-05-15 08:11:13 UTC,1
403,55,,1,2014-05-15 07:16:51 UTC,2014-05-15 07:16:51 UTC,1
402,59,,1,2014-05-15 07:12:29 UTC,2014-05-15 07:12:29 UTC,1
401,58,,1,2014-05-15 07:09:14 UTC,2014-05-15 07:09:14 UTC,1
400,57,,1,2014-05-15 07:08:42 UTC,2014-05-15 07:08:42 UTC,1
399,56,,1,2014-05-15 07:07:58 UTC,2014-05-15 07:07:58 UTC,1
398,55,,2,2014-05-15 01:00:29 UTC,2014-05-15 06:40:21 UTC,1
397,59,,2,2014-05-15 00:58:17 UTC,2014-05-15 06:39:44 UTC,1
396,58,,2,2014-05-15 00:56:10 UTC,2014-05-15 06:39:09 UTC,1
395,57,,2,2014-05-15 00:55:22 UTC,2014-05-15 06:38:33 UTC,1
394,56,,2,2014-05-15 00:54:56 UTC,2014-05-15 06:37:57 UTC,1
393,58,,2,2014-05-13 10:03:35 UTC,2014-05-13 10:24:35 UTC,1
392,56,,2,2014-05-13 10:02:08 UTC,2014-05-13 10:24:29 UTC,1
391,57,,2,2014-05-13 10:02:03 UTC,2014-05-13 10:24:21 UTC,1
390,58,,2,2014-05-13 08:58:35 UTC,2014-05-13 09:46:32 UTC,1
389,59,,2,2014-05-13 08:58:21 UTC,2014-05-13 09:46:08 UTC,1
388,57,,2,2014-05-13 08:57:46 UTC,2014-05-13 09:46:03 UTC,1
387,56,,2,2014-05-13 08:57:35 UTC,2014-05-13 09:45:56 UTC,1
386,58,,1,2014-05-13 08:07:11 UTC,2014-05-13 08:07:11 UTC,1
385,43,,1,2014-05-12 09:32:52 UTC,2014-05-12 09:32:52 UTC,1
384,43,,1,2014-05-12 09:32:29 UTC,2014-05-12 09:32:29 UTC,1
383,56,,1,2014-05-12 06:42:52 UTC,2014-05-12 06:42:52 UTC,1
382,58,,2,2014-05-12 04:18:01 UTC,2014-05-12 06:41:04 UTC,1
381,57,,2,2014-05-12 04:03:06 UTC,2014-05-12 06:40:37 UTC,1
380,48,,1,2014-05-12 03:59:37 UTC,2014-05-12 03:59:37 UTC,1
379,48,,1,2014-05-12 03:59:30 UTC,2014-05-12 03:59:30 UTC,1
378,56,,2,2014-05-12 03:55:26 UTC,2014-05-12 06:40:03 UTC,1
377,58,,2,2014-05-12 03:09:39 UTC,2014-05-12 03:52:53 UTC,1
376,56,,2,2014-05-12 03:09:38 UTC,2014-05-12 03:52:49 UTC,1
375,57,,2,2014-05-12 03:09:38 UTC,2014-05-12 03:52:44 UTC,1
374,53,,2,2014-05-09 09:31:41 UTC,2014-05-09 09:52:58 UTC,1
373,55,,2,2014-05-09 03:19:00 UTC,2014-05-09 03:40:24 UTC,1
372,55,,1,2014-05-09 03:10:01 UTC,2014-05-09 03:10:01 UTC,1
371,55,,2,2014-05-09 02:26:39 UTC,2014-05-09 02:54:19 UTC,1
370,54,,2,2014-05-08 10:12:14 UTC,2014-05-09 02:54:15 UTC,1
369,54,,1,2014-05-06 07:19:08 UTC,2014-05-06 07:19:08 UTC,1
368,54,,2,2014-05-06 03:56:15 UTC,2014-05-06 23:35:43 UTC,1
367,54,,2,2014-05-06 03:56:06 UTC,2014-05-06 06:54:30 UTC,1
366,53,,1,2014-04-29 02:38:56 UTC,2014-04-29 02:38:56 UTC,1
365,53,,2,2014-04-29 02:08:33 UTC,2014-04-29 02:37:32 UTC,1
364,53,,1,2014-04-28 07:53:07 UTC,2014-04-28 07:53:07 UTC,1
363,52,,1,2014-04-26 07:31:57 UTC,2014-04-26 07:31:57 UTC,1
362,53,,1,2014-04-26 01:44:19 UTC,2014-04-26 01:44:19 UTC,1
361,52,,2,2014-04-25 09:03:44 UTC,2014-04-25 09:33:28 UTC,1
360,53,,2,2014-04-25 08:26:47 UTC,2014-04-25 09:32:03 UTC,1
359,47,,2,2014-04-25 06:10:26 UTC,2014-04-25 06:48:26 UTC,1
358,49,,2,2014-04-25 04:01:19 UTC,2014-04-25 04:09:21 UTC,1
357,40,,1,2014-04-25 03:27:19 UTC,2014-04-25 03:27:19 UTC,1
356,40,,1,2014-04-25 03:27:00 UTC,2014-04-25 03:27:00 UTC,1
355,50,,2,2014-04-25 03:23:08 UTC,2014-04-25 03:47:31 UTC,1
354,49,,2,2014-04-25 03:23:00 UTC,2014-04-25 03:47:26 UTC,1
353,49,,2,2014-04-24 06:34:15 UTC,2014-04-24 07:47:34 UTC,1
352,49,,1,2014-04-24 06:34:02 UTC,2014-04-24 06:34:02 UTC,1
351,50,,2,2014-04-24 06:25:13 UTC,2014-04-24 07:44:53 UTC,1
350,50,,1,2014-04-24 06:25:01 UTC,2014-04-24 06:25:01 UTC,1
349,50,,1,2014-04-24 06:24:48 UTC,2014-04-24 06:24:48 UTC,1
348,47,,1,2014-04-24 05:56:16 UTC,2014-04-24 05:56:16 UTC,1
347,49,,2,2014-04-24 02:40:46 UTC,2014-04-24 04:00:30 UTC,1
346,53,,2,2014-04-24 02:36:34 UTC,2014-04-24 03:08:11 UTC,1
345,50,,2,2014-04-24 02:31:04 UTC,2014-04-24 04:00:11 UTC,1
344,52,,2,2014-04-23 11:00:03 UTC,2014-04-23 11:03:47 UTC,1
343,52,,2,2014-04-23 09:32:30 UTC,2014-04-23 10:40:54 UTC,1
342,49,,2,2014-04-23 08:53:13 UTC,2014-04-23 09:32:17 UTC,1
341,50,,2,2014-04-23 08:28:53 UTC,2014-04-23 09:32:12 UTC,1
340,49,,2,2014-04-23 08:27:44 UTC,2014-04-23 09:32:06 UTC,1
339,47,,2,2014-04-23 08:26:52 UTC,2014-04-23 09:32:01 UTC,1
338,52,,2,2014-04-23 07:35:50 UTC,2014-04-23 09:31:41 UTC,1
337,47,,2,2014-04-23 01:53:22 UTC,2014-04-23 02:14:32 UTC,1
336,49,,2,2014-04-22 05:34:14 UTC,2014-04-23 02:14:28 UTC,1
335,50,,2,2014-04-22 05:28:19 UTC,2014-04-23 02:14:24 UTC,1
334,51,,2,2014-04-22 04:25:37 UTC,2014-04-22 04:59:49 UTC,1
333,50,,2,2014-04-22 04:24:45 UTC,2014-04-22 04:59:45 UTC,1
332,49,,2,2014-04-22 04:24:44 UTC,2014-04-22 04:59:41 UTC,1
331,47,,2,2014-04-22 04:20:05 UTC,2014-04-22 04:59:35 UTC,1
330,48,,1,2014-04-16 06:57:00 UTC,2014-04-16 06:57:00 UTC,1
329,48,,1,2014-04-16 06:29:21 UTC,2014-04-16 06:29:21 UTC,1
328,43,,1,2014-04-16 04:12:16 UTC,2014-04-16 04:12:16 UTC,1
327,45,,1,2014-04-16 02:45:44 UTC,2014-04-16 02:45:44 UTC,1
326,45,,1,2014-04-16 02:45:37 UTC,2014-04-16 02:45:37 UTC,1
325,43,,1,2014-04-16 02:29:04 UTC,2014-04-16 02:29:04 UTC,1
324,45,,1,2014-04-15 08:04:14 UTC,2014-04-15 08:04:14 UTC,1
323,45,,1,2014-04-15 07:52:57 UTC,2014-04-15 07:52:57 UTC,1
322,45,,1,2014-04-15 07:52:36 UTC,2014-04-15 07:52:36 UTC,1
321,45,,1,2014-04-15 07:52:30 UTC,2014-04-15 07:52:30 UTC,1
320,45,,1,2014-04-15 07:52:13 UTC,2014-04-15 07:52:13 UTC,1
319,43,,1,2014-04-15 06:58:28 UTC,2014-04-15 06:58:28 UTC,1
318,43,,1,2014-04-15 06:58:08 UTC,2014-04-15 06:58:08 UTC,1
317,45,,1,2014-04-15 06:52:15 UTC,2014-04-15 06:52:15 UTC,1
316,48,,1,2014-04-15 06:37:11 UTC,2014-04-15 06:37:11 UTC,1
315,46,,1,2014-04-15 06:34:25 UTC,2014-04-15 06:34:25 UTC,1
314,48,,1,2014-04-15 06:09:01 UTC,2014-04-15 06:09:01 UTC,1
313,46,,1,2014-04-15 06:08:10 UTC,2014-04-15 06:08:10 UTC,1
312,45,,1,2014-04-15 05:43:18 UTC,2014-04-15 05:43:18 UTC,1
311,45,,1,2014-04-15 04:03:34 UTC,2014-04-15 04:03:34 UTC,1
310,40,,1,2014-04-14 05:49:23 UTC,2014-04-14 05:49:23 UTC,1
309,46,,1,2014-04-13 16:53:01 UTC,2014-04-13 16:53:01 UTC,1
308,46,,2,2014-04-13 16:26:19 UTC,2014-04-14 04:50:17 UTC,1
307,46,,2,2014-04-13 16:05:50 UTC,2014-04-14 04:50:07 UTC,1
306,47,,2,2014-04-12 10:16:12 UTC,2014-04-14 04:51:13 UTC,1
305,43,,1,2014-04-12 05:01:06 UTC,2014-04-12 05:01:06 UTC,1
304,43,,2,2014-04-11 09:56:24 UTC,2014-04-11 10:46:46 UTC,1
303,46,,2,2014-04-11 09:25:48 UTC,2014-04-11 10:47:32 UTC,1
302,45,,1,2014-04-11 08:52:53 UTC,2014-04-11 08:52:53 UTC,1
301,44,,1,2014-04-11 08:44:22 UTC,2014-04-11 08:44:22 UTC,1
300,45,,1,2014-04-11 08:42:30 UTC,2014-04-11 08:42:30 UTC,1
299,43,,1,2014-04-11 08:41:53 UTC,2014-04-11 08:41:53 UTC,1
298,44,,2,2014-04-11 08:18:33 UTC,2014-04-11 09:13:46 UTC,1
297,43,,2,2014-04-11 08:15:22 UTC,2014-04-11 09:12:59 UTC,1
296,45,,1,2014-04-11 08:15:05 UTC,2014-04-11 08:15:05 UTC,1
295,46,,2,2014-04-11 07:33:18 UTC,2014-04-11 08:11:21 UTC,1
294,44,,2,2014-04-11 07:32:16 UTC,2014-04-11 07:48:35 UTC,1
293,43,,2,2014-04-11 07:18:22 UTC,2014-04-11 07:48:28 UTC,1
292,46,,2,2014-04-11 07:12:22 UTC,2014-04-11 08:11:14 UTC,1
291,45,,2,2014-04-11 07:01:50 UTC,2014-04-11 07:48:14 UTC,1
290,43,,2,2014-04-11 05:00:21 UTC,2014-04-11 06:21:45 UTC,1
289,43,,1,2014-04-11 04:32:42 UTC,2014-04-11 04:32:42 UTC,1
288,43,,1,2014-04-11 04:32:34 UTC,2014-04-11 04:32:34 UTC,1
287,44,,1,2014-04-11 04:27:41 UTC,2014-04-11 04:27:41 UTC,1
286,45,,2,2014-04-11 04:24:40 UTC,2014-04-11 06:01:26 UTC,1
285,44,,2,2014-04-11 04:22:40 UTC,2014-04-11 06:01:20 UTC,1
284,44,,1,2014-04-04 09:55:14 UTC,2014-04-04 09:55:14 UTC,1
283,44,,1,2014-04-04 09:51:36 UTC,2014-04-04 09:51:36 UTC,1
282,44,,2,2014-04-04 09:49:58 UTC,2014-04-04 10:07:20 UTC,1
281,44,,2,2014-04-04 08:10:08 UTC,2014-04-04 08:33:47 UTC,1
280,43,,2,2014-04-04 08:09:35 UTC,2014-04-04 08:33:41 UTC,1
279,43,,1,2014-04-04 06:37:07 UTC,2014-04-04 06:37:07 UTC,1
278,44,,2,2014-04-04 06:21:42 UTC,2014-04-04 06:46:33 UTC,1
277,43,,2,2014-04-04 06:15:30 UTC,2014-04-04 06:46:23 UTC,1
276,1,,2,2014-03-12 10:17:23 UTC,2014-03-12 10:23:09 UTC,1
275,42,,2,2014-03-12 08:58:42 UTC,2014-03-12 09:15:36 UTC,1
274,40,,1,2014-02-28 10:39:43 UTC,2014-02-28 10:39:43 UTC,1
273,40,,1,2014-02-28 10:34:09 UTC,2014-02-28 10:34:09 UTC,1
272,40,,2,2014-02-28 10:09:06 UTC,2014-02-28 10:32:16 UTC,1
271,40,,2,2014-02-24 09:57:54 UTC,2014-02-24 10:21:02 UTC,1
270,40,,2,2014-02-14 06:16:47 UTC,2014-02-14 07:17:50 UTC,1
269,37,,1,2014-02-07 09:41:28 UTC,2014-02-07 09:41:28 UTC,1
268,37,,1,2014-02-06 08:24:45 UTC,2014-02-06 08:24:45 UTC,1
267,37,,1,2014-02-06 08:24:41 UTC,2014-02-06 08:24:41 UTC,1
266,36,,1,2014-01-24 07:29:14 UTC,2014-01-24 07:29:14 UTC,1
265,34,,2,2014-01-24 03:00:16 UTC,2014-01-24 03:29:30 UTC,1
264,39,,2,2014-01-24 02:59:54 UTC,2014-01-24 03:28:59 UTC,1
263,35,,2,2014-01-24 02:59:44 UTC,2014-01-24 03:28:26 UTC,1
262,33,,2,2014-01-24 02:59:36 UTC,2014-01-24 03:27:40 UTC,1
261,36,,2,2014-01-24 02:59:36 UTC,2014-01-24 03:27:05 UTC,1
260,37,,2,2014-01-24 02:59:31 UTC,2014-01-24 03:26:13 UTC,1
259,34,,1,2014-01-23 07:09:20 UTC,2014-01-23 07:09:20 UTC,1
258,34,,1,2014-01-23 07:09:08 UTC,2014-01-23 07:09:08 UTC,1
257,39,,1,2014-01-23 06:41:17 UTC,2014-01-23 06:41:17 UTC,1
256,39,,1,2014-01-23 06:40:51 UTC,2014-01-23 06:40:51 UTC,1
255,33,,1,2014-01-23 06:32:55 UTC,2014-01-23 06:32:55 UTC,1
254,33,,1,2014-01-23 06:32:52 UTC,2014-01-23 06:32:52 UTC,1
253,33,,1,2014-01-23 06:32:42 UTC,2014-01-23 06:32:42 UTC,1
252,33,,1,2014-01-23 06:32:31 UTC,2014-01-23 06:32:31 UTC,1
251,33,,1,2014-01-23 06:32:20 UTC,2014-01-23 06:32:20 UTC,1
250,33,,1,2014-01-23 06:32:09 UTC,2014-01-23 06:32:09 UTC,1
249,33,,1,2014-01-23 06:31:58 UTC,2014-01-23 06:31:58 UTC,1
248,33,,1,2014-01-23 06:31:44 UTC,2014-01-23 06:31:44 UTC,1
247,35,,1,2014-01-23 06:31:04 UTC,2014-01-23 06:31:04 UTC,1
246,35,,1,2014-01-23 06:30:50 UTC,2014-01-23 06:30:50 UTC,1
245,33,,1,2014-01-23 06:30:36 UTC,2014-01-23 06:30:36 UTC,1
244,35,,1,2014-01-23 06:30:25 UTC,2014-01-23 06:30:25 UTC,1
243,36,,1,2014-01-23 06:30:13 UTC,2014-01-23 06:30:13 UTC,1
242,36,,1,2014-01-23 06:29:58 UTC,2014-01-23 06:29:58 UTC,1
241,37,,1,2014-01-23 06:22:12 UTC,2014-01-23 06:22:12 UTC,1
240,39,,1,2014-01-21 07:03:11 UTC,2014-01-21 07:03:11 UTC,1
239,39,,1,2014-01-21 07:03:03 UTC,2014-01-21 07:03:03 UTC,1
238,34,,1,2014-01-21 06:45:28 UTC,2014-01-21 06:45:28 UTC,1
237,35,,1,2014-01-21 06:44:29 UTC,2014-01-21 06:44:29 UTC,1
236,36,,1,2014-01-21 06:43:17 UTC,2014-01-21 06:43:17 UTC,1
235,37,,1,2014-01-21 06:43:17 UTC,2014-01-21 06:43:17 UTC,1
234,39,,2,2014-01-21 06:37:24 UTC,2014-01-21 07:07:28 UTC,1
233,33,,1,2014-01-21 06:30:56 UTC,2014-01-21 06:30:56 UTC,1
232,34,,2,2014-01-21 06:19:32 UTC,2014-01-21 06:55:53 UTC,1
231,35,,2,2014-01-21 06:16:42 UTC,2014-01-21 06:54:21 UTC,1
230,36,,1,2014-01-21 06:16:31 UTC,2014-01-21 06:16:31 UTC,1
229,36,,1,2014-01-21 06:16:26 UTC,2014-01-21 06:16:26 UTC,1
228,37,,2,2014-01-21 06:16:26 UTC,2014-01-21 06:57:01 UTC,1
227,36,,1,2014-01-21 06:16:22 UTC,2014-01-21 06:16:22 UTC,1
226,36,,2,2014-01-21 06:16:19 UTC,2014-01-21 06:53:34 UTC,1
225,36,,1,2014-01-21 06:16:01 UTC,2014-01-21 06:16:01 UTC,1
224,33,,2,2014-01-21 06:15:53 UTC,2014-01-21 06:55:01 UTC,1
223,33,,2,2014-01-21 04:39:44 UTC,2014-01-21 05:57:43 UTC,1
222,33,,2,2014-01-21 04:02:44 UTC,2014-01-21 04:31:25 UTC,1
221,35,,2,2014-01-21 04:02:32 UTC,2014-01-21 04:31:21 UTC,1
220,37,,2,2014-01-21 04:02:28 UTC,2014-01-21 04:31:17 UTC,1
219,38,,2,2014-01-21 04:02:28 UTC,2014-01-21 04:31:13 UTC,1
218,36,,2,2014-01-21 04:02:22 UTC,2014-01-21 04:31:05 UTC,1
217,33,,2,2014-01-21 02:06:07 UTC,2014-01-21 02:33:55 UTC,1
216,34,,1,2014-01-21 02:05:57 UTC,2014-01-21 02:05:57 UTC,1
215,34,,2,2014-01-21 02:05:48 UTC,2014-01-21 02:33:48 UTC,1
214,36,,2,2014-01-21 02:05:34 UTC,2014-01-21 02:33:42 UTC,1
213,35,,2,2014-01-21 02:05:33 UTC,2014-01-21 02:33:37 UTC,1
212,37,,2,2014-01-21 02:05:28 UTC,2014-01-21 02:33:27 UTC,1
211,38,,2,2014-01-21 02:05:25 UTC,2014-01-21 02:33:10 UTC,1
210,38,,2,2014-01-17 06:20:59 UTC,2014-01-17 07:00:24 UTC,1
209,34,,2,2014-01-17 06:20:11 UTC,2014-01-17 07:00:20 UTC,1
208,37,,2,2014-01-17 06:17:15 UTC,2014-01-17 07:00:16 UTC,1
207,35,,2,2014-01-17 06:16:39 UTC,2014-01-17 07:00:10 UTC,1
206,33,,2,2014-01-17 06:15:58 UTC,2014-01-17 06:59:59 UTC,1
205,38,,2,2014-01-17 02:04:13 UTC,2014-01-17 02:27:06 UTC,1
204,34,,2,2014-01-17 02:03:19 UTC,2014-01-17 02:26:01 UTC,1
203,37,,2,2014-01-17 02:03:16 UTC,2014-01-17 02:25:57 UTC,1
202,35,,2,2014-01-17 02:03:11 UTC,2014-01-17 02:25:47 UTC,1
201,36,,2,2014-01-17 02:03:09 UTC,2014-01-17 02:25:41 UTC,1
200,33,,2,2014-01-17 02:02:33 UTC,2014-01-17 02:25:34 UTC,1
199,26,,1,2014-01-15 08:47:05 UTC,2014-01-15 08:47:05 UTC,1
198,26,,1,2014-01-15 08:46:56 UTC,2014-01-15 08:46:56 UTC,1
197,26,,1,2014-01-15 08:46:37 UTC,2014-01-15 08:46:37 UTC,1
196,32,,1,2014-01-15 07:07:24 UTC,2014-01-15 07:07:24 UTC,1
195,32,,1,2014-01-15 04:07:14 UTC,2014-01-15 04:07:14 UTC,1
194,29,,1,2014-01-15 02:55:35 UTC,2014-01-15 02:55:35 UTC,1
193,29,,1,2014-01-15 02:40:55 UTC,2014-01-15 02:40:55 UTC,1
192,26,,1,2014-01-14 09:22:03 UTC,2014-01-14 09:22:03 UTC,1
191,26,,1,2014-01-03 03:36:38 UTC,2014-01-03 03:36:38 UTC,1
190,26,,1,2014-01-03 03:36:27 UTC,2014-01-03 03:36:27 UTC,1
189,29,,1,2014-01-03 03:01:47 UTC,2014-01-03 03:01:47 UTC,1
188,26,,1,2014-01-03 03:00:14 UTC,2014-01-03 03:00:14 UTC,1
187,26,,1,2014-01-03 03:00:00 UTC,2014-01-03 03:00:00 UTC,1
186,31,,1,2014-01-03 02:43:31 UTC,2014-01-03 02:43:31 UTC,1
185,31,,1,2014-01-03 02:43:10 UTC,2014-01-03 02:43:10 UTC,1
184,31,,1,2014-01-03 02:42:48 UTC,2014-01-03 02:42:48 UTC,1
183,31,,1,2014-01-03 02:42:31 UTC,2014-01-03 02:42:31 UTC,1
182,31,,1,2014-01-03 02:41:58 UTC,2014-01-03 02:41:58 UTC,1
181,31,,1,2014-01-03 02:41:00 UTC,2014-01-03 02:41:00 UTC,1
180,29,,1,2014-01-03 02:33:53 UTC,2014-01-03 02:33:53 UTC,1
179,28,,1,2014-01-03 02:22:41 UTC,2014-01-03 02:22:41 UTC,1
178,30,,2,2014-01-03 02:09:52 UTC,2014-01-03 02:35:58 UTC,1
177,26,,2,2014-01-03 02:01:14 UTC,2014-01-03 02:33:54 UTC,1
176,31,,2,2014-01-03 01:59:58 UTC,2014-01-03 02:33:14 UTC,1
175,27,,2,2014-01-03 01:58:51 UTC,2014-01-03 02:31:56 UTC,1
174,29,,2,2014-01-03 01:58:03 UTC,2014-01-03 02:30:59 UTC,1
173,28,,2,2014-01-03 01:56:18 UTC,2014-01-03 02:28:18 UTC,1
172,27,,1,2014-01-03 01:46:43 UTC,2014-01-03 01:46:43 UTC,1
171,30,,1,2014-01-03 01:41:01 UTC,2014-01-03 01:41:01 UTC,1
170,31,,1,2014-01-03 01:40:23 UTC,2014-01-03 01:40:23 UTC,1
169,30,,1,2014-01-03 01:40:07 UTC,2014-01-03 01:40:07 UTC,1
168,25,,1,2013-12-31 08:51:42 UTC,2013-12-31 08:51:42 UTC,1
167,25,,2,2013-12-31 08:29:08 UTC,2013-12-31 10:37:44 UTC,1
166,24,,2,2013-12-31 08:29:03 UTC,2013-12-31 10:37:01 UTC,1
165,27,,1,2013-12-30 07:43:51 UTC,2013-12-30 07:43:51 UTC,1
164,27,,1,2013-12-30 07:43:23 UTC,2013-12-30 07:43:23 UTC,1
163,30,,1,2013-12-30 07:42:58 UTC,2013-12-30 07:42:58 UTC,1
162,30,,1,2013-12-30 05:56:12 UTC,2013-12-30 05:56:12 UTC,1
161,31,,1,2013-12-30 05:55:49 UTC,2013-12-30 05:55:49 UTC,1
160,29,,1,2013-12-30 05:52:19 UTC,2013-12-30 05:52:19 UTC,1
159,26,,1,2013-12-30 05:51:56 UTC,2013-12-30 05:51:56 UTC,1
158,28,,1,2013-12-30 05:20:07 UTC,2013-12-30 05:20:07 UTC,1
157,27,,1,2013-12-30 04:47:31 UTC,2013-12-30 04:47:31 UTC,1
156,26,,2,2013-12-30 03:55:24 UTC,2013-12-30 04:43:46 UTC,1
155,30,,2,2013-12-30 03:52:39 UTC,2013-12-30 04:42:20 UTC,1
154,31,,2,2013-12-30 03:52:35 UTC,2013-12-30 04:41:28 UTC,1
153,29,,2,2013-12-30 03:51:34 UTC,2013-12-30 04:40:43 UTC,1
152,28,,2,2013-12-30 03:51:22 UTC,2013-12-30 04:38:36 UTC,1
151,27,,2,2013-12-30 03:51:09 UTC,2013-12-30 04:36:57 UTC,1
150,26,,2,2013-12-30 03:21:58 UTC,2013-12-30 03:41:13 UTC,1
149,29,,2,2013-12-30 03:19:01 UTC,2013-12-30 03:41:08 UTC,1
148,27,,2,2013-12-30 03:18:44 UTC,2013-12-30 03:41:03 UTC,1
147,28,,2,2013-12-30 03:18:43 UTC,2013-12-30 03:40:59 UTC,1
146,31,,2,2013-12-30 03:03:06 UTC,2013-12-30 03:40:53 UTC,1
145,30,,2,2013-12-30 03:00:40 UTC,2013-12-30 03:40:47 UTC,1
144,27,,2,2013-12-30 02:02:04 UTC,2013-12-30 02:24:52 UTC,1
143,31,,2,2013-12-30 02:00:31 UTC,2013-12-30 02:24:47 UTC,1
142,30,,2,2013-12-30 02:00:14 UTC,2013-12-30 02:24:40 UTC,1
141,29,,2,2013-12-30 02:00:09 UTC,2013-12-30 02:24:33 UTC,1
140,28,,2,2013-12-30 01:59:55 UTC,2013-12-30 02:24:28 UTC,1
139,26,,2,2013-12-30 01:59:45 UTC,2013-12-30 02:24:21 UTC,1
138,25,,1,2013-12-27 07:46:05 UTC,2013-12-27 07:46:05 UTC,1
137,24,,2,2013-12-26 08:40:32 UTC,2013-12-26 09:03:49 UTC,1
136,24,,2,2013-12-26 08:39:13 UTC,2013-12-26 09:04:01 UTC,1
135,24,,1,2013-12-26 08:05:16 UTC,2013-12-26 08:05:16 UTC,1
134,24,,1,2013-12-26 08:00:24 UTC,2013-12-26 08:00:24 UTC,1
133,30,,2,2013-12-26 06:43:08 UTC,2013-12-26 08:06:20 UTC,1
132,31,,2,2013-12-26 06:10:40 UTC,2013-12-26 06:41:11 UTC,1
131,30,,2,2013-12-26 06:10:24 UTC,2013-12-26 06:41:03 UTC,1
130,24,,2,2013-12-25 09:19:28 UTC,2013-12-26 01:56:42 UTC,1
129,25,,2,2013-12-25 09:19:27 UTC,2013-12-26 01:56:26 UTC,1
128,25,,2,2013-12-25 08:48:05 UTC,2013-12-26 01:54:29 UTC,1
127,24,,2,2013-12-25 08:47:58 UTC,2013-12-26 01:54:22 UTC,1
126,26,,1,2013-12-25 07:31:20 UTC,2013-12-25 07:31:20 UTC,1
125,26,,2,2013-12-25 07:31:14 UTC,2013-12-25 07:51:44 UTC,1
124,28,,2,2013-12-25 07:30:54 UTC,2013-12-25 07:51:39 UTC,1
123,29,,2,2013-12-25 07:30:27 UTC,2013-12-25 07:51:35 UTC,1
122,27,,2,2013-12-25 07:27:11 UTC,2013-12-25 07:51:30 UTC,1
121,24,,2,2013-12-25 07:02:00 UTC,2013-12-25 07:47:35 UTC,1
120,25,,2,2013-12-25 07:01:53 UTC,2013-12-25 07:47:25 UTC,1
119,29,,2,2013-12-25 06:13:47 UTC,2013-12-25 06:34:34 UTC,1
118,28,,2,2013-12-25 06:10:54 UTC,2013-12-25 06:34:29 UTC,1
117,26,,2,2013-12-25 06:10:46 UTC,2013-12-25 06:34:17 UTC,1
116,27,,2,2013-12-25 06:10:39 UTC,2013-12-25 06:34:07 UTC,1
115,25,,2,2013-12-25 02:02:45 UTC,2013-12-25 02:25:04 UTC,1
114,24,,2,2013-12-25 02:01:23 UTC,2013-12-25 02:24:57 UTC,1
113,24,,2,2013-12-18 08:00:09 UTC,2013-12-18 08:25:41 UTC,1
112,24,,2,2013-12-18 07:02:02 UTC,2013-12-18 07:24:21 UTC,1
111,22,,1,2013-11-29 02:15:27 UTC,2013-11-29 02:15:27 UTC,1
110,22,,1,2013-11-29 02:15:19 UTC,2013-11-29 02:15:19 UTC,1
109,22,,1,2013-11-29 02:15:06 UTC,2013-11-29 02:15:06 UTC,1
108,21,,2,2013-11-26 06:51:58 UTC,2013-11-26 10:03:19 UTC,1
107,23,,2,2013-11-26 06:51:51 UTC,2013-11-26 10:00:14 UTC,1
106,22,,2,2013-11-26 06:51:39 UTC,2013-11-26 09:49:37 UTC,1
105,21,,2,2013-11-26 06:26:39 UTC,2013-11-26 08:02:45 UTC,1
104,23,,2,2013-11-26 06:25:44 UTC,2013-11-26 08:01:24 UTC,1
103,22,,2,2013-11-26 06:25:32 UTC,2013-11-26 08:00:32 UTC,1
102,4,,2,2013-11-26 02:36:16 UTC,2013-11-26 02:49:19 UTC,1
101,21,,2,2013-11-26 02:30:38 UTC,2013-11-26 02:50:44 UTC,1
100,23,,2,2013-11-26 02:30:31 UTC,2013-11-26 02:50:21 UTC,1
99,22,,2,2013-11-26 02:29:59 UTC,2013-11-26 02:50:03 UTC,1
98,5,,2,2013-11-26 02:29:20 UTC,2013-11-26 02:49:04 UTC,1
97,21,,2,2013-11-20 10:01:01 UTC,2013-11-20 10:14:37 UTC,1
96,22,,2,2013-11-20 07:27:01 UTC,2013-11-20 07:56:34 UTC,1
95,21,,1,2013-11-20 06:43:19 UTC,2013-11-20 06:43:19 UTC,1
94,21,,1,2013-11-20 06:06:59 UTC,2013-11-20 06:06:59 UTC,1
93,21,,2,2013-11-20 06:06:54 UTC,2013-11-20 06:28:14 UTC,1
92,22,,2,2013-11-20 06:06:41 UTC,2013-11-20 06:28:09 UTC,1
91,20,,2,2013-11-07 06:45:35 UTC,2013-11-07 08:06:49 UTC,1
90,20,,1,2013-11-07 06:45:22 UTC,2013-11-07 06:45:22 UTC,1
89,20,,1,2013-11-07 06:45:15 UTC,2013-11-07 06:45:15 UTC,1
88,20,,1,2013-11-07 06:45:10 UTC,2013-11-07 06:45:10 UTC,1
87,11,,2,2013-11-07 06:15:50 UTC,2013-11-07 07:03:41 UTC,1
86,20,,2,2013-11-07 06:12:20 UTC,2013-11-07 07:01:52 UTC,1
85,2,,2,2013-11-07 03:25:29 UTC,2013-11-07 03:27:22 UTC,1
84,2,,2,2013-11-06 11:41:50 UTC,2013-11-06 11:42:15 UTC,1
83,8,,2,2013-11-01 08:38:43 UTC,2013-11-01 09:21:51 UTC,1
82,11,,1,2013-11-01 01:50:03 UTC,2013-11-01 01:50:03 UTC,1
81,11,,1,2013-11-01 01:49:53 UTC,2013-11-01 01:49:53 UTC,1
80,11,,1,2013-11-01 01:49:45 UTC,2013-11-01 01:49:45 UTC,1
79,11,,1,2013-11-01 01:49:36 UTC,2013-11-01 01:49:36 UTC,1
78,8,,1,2013-11-01 01:48:27 UTC,2013-11-01 01:48:27 UTC,1
77,8,,1,2013-11-01 01:48:01 UTC,2013-11-01 01:48:01 UTC,1
76,8,,1,2013-11-01 01:45:53 UTC,2013-11-01 01:45:53 UTC,1
75,20,,1,2013-10-31 08:32:43 UTC,2013-10-31 08:32:43 UTC,1
74,19,,1,2013-10-31 08:32:38 UTC,2013-10-31 08:32:38 UTC,1
73,18,,2,2013-10-31 08:30:31 UTC,2013-10-31 09:32:47 UTC,1
72,19,,2,2013-10-31 08:07:52 UTC,2013-10-31 10:04:12 UTC,1
71,18,,2,2013-10-31 08:07:37 UTC,2013-10-31 09:30:06 UTC,1
70,20,,2,2013-10-31 08:07:34 UTC,2013-10-31 10:36:20 UTC,1
69,13,,1,2013-10-31 06:25:19 UTC,2013-10-31 06:25:19 UTC,1
68,9,,1,2013-10-31 06:22:38 UTC,2013-10-31 06:22:38 UTC,1
67,13,,2,2013-10-31 06:10:04 UTC,2013-10-31 06:42:05 UTC,1
66,9,,2,2013-10-31 06:02:24 UTC,2013-10-31 06:41:19 UTC,1
65,20,,2,2013-10-30 03:14:00 UTC,2013-10-30 03:35:23 UTC,1
64,19,,2,2013-10-30 03:13:53 UTC,2013-10-30 03:35:14 UTC,1
63,18,,2,2013-10-30 03:13:20 UTC,2013-10-30 03:28:22 UTC,1
62,3,,1,2013-10-29 07:07:34 UTC,2013-10-29 07:07:34 UTC,1
61,3,,1,2013-10-29 07:07:14 UTC,2013-10-29 07:07:14 UTC,1
60,3,,1,2013-10-29 07:07:01 UTC,2013-10-29 07:07:01 UTC,1
59,3,,1,2013-10-29 07:06:44 UTC,2013-10-29 07:06:44 UTC,1
58,3,,2,2013-10-29 06:29:13 UTC,2013-10-29 07:13:10 UTC,1
57,13,,1,2013-10-29 06:13:21 UTC,2013-10-29 06:13:21 UTC,1
56,4,,2,2013-10-29 06:09:22 UTC,2013-10-29 07:03:54 UTC,1
55,17,,2,2013-10-29 06:09:01 UTC,2013-10-29 07:09:17 UTC,1
54,11,,1,2013-10-29 02:44:24 UTC,2013-10-29 02:44:24 UTC,1
53,15,,1,2013-10-29 02:17:27 UTC,2013-10-29 02:17:27 UTC,1
52,15,,2,2013-10-29 01:47:38 UTC,2013-10-29 02:12:06 UTC,1
51,13,,2,2013-10-29 01:42:45 UTC,2013-10-29 02:43:53 UTC,1
50,12,,2,2013-10-29 01:28:42 UTC,2013-10-29 02:17:57 UTC,1
49,12,,2,2013-10-29 01:28:06 UTC,2013-10-29 02:17:49 UTC,1
48,12,,1,2013-10-28 15:27:16 UTC,2013-10-28 15:27:16 UTC,1
47,10,,2,2013-10-28 11:03:45 UTC,2013-10-29 02:18:29 UTC,1
46,8,,2,2013-10-28 10:13:11 UTC,2013-10-29 02:52:25 UTC,1
45,11,,1,2013-10-28 10:08:57 UTC,2013-10-28 10:08:57 UTC,1
44,9,,1,2013-10-28 10:06:59 UTC,2013-10-28 10:06:59 UTC,1
43,13,,1,2013-10-28 10:05:36 UTC,2013-10-28 10:05:36 UTC,1
42,12,,1,2013-10-28 10:05:30 UTC,2013-10-28 10:05:30 UTC,1
41,10,,1,2013-10-28 10:00:37 UTC,2013-10-28 10:00:37 UTC,1
40,11,,2,2013-10-28 09:44:38 UTC,2013-10-28 10:31:39 UTC,1
39,12,,1,2013-10-28 09:44:36 UTC,2013-10-28 09:44:36 UTC,1
38,12,,2,2013-10-28 09:44:18 UTC,2013-10-28 10:42:50 UTC,1
37,13,,2,2013-10-28 09:44:04 UTC,2013-10-28 10:45:15 UTC,1
36,10,,2,2013-10-28 09:44:01 UTC,2013-10-28 10:46:38 UTC,1
35,8,,2,2013-10-28 09:43:55 UTC,2013-10-28 10:48:25 UTC,1
34,9,,2,2013-10-28 09:43:54 UTC,2013-10-28 10:49:34 UTC,1
33,16,,1,2013-10-28 07:51:32 UTC,2013-10-28 07:51:32 UTC,1
32,5,,1,2013-10-28 07:50:57 UTC,2013-10-28 07:50:57 UTC,1
31,15,,2,2013-10-24 02:05:40 UTC,2013-10-24 02:11:58 UTC,1
30,15,,1,2013-10-24 02:05:34 UTC,2013-10-24 02:05:34 UTC,1
29,15,,2,2013-10-24 01:38:51 UTC,2013-10-24 01:58:01 UTC,1
28,14,,1,2013-10-23 10:50:44 UTC,2013-10-23 10:50:44 UTC,1
27,12,,1,2013-10-23 09:57:08 UTC,2013-10-23 09:57:08 UTC,1
26,13,,2,2013-10-23 09:51:15 UTC,2013-10-23 09:55:25 UTC,1
25,9,,2,2013-10-23 09:44:47 UTC,2013-10-23 09:51:08 UTC,1
24,10,,2,2013-10-23 09:39:36 UTC,2013-10-23 09:44:19 UTC,1
23,11,,2,2013-10-23 09:30:00 UTC,2013-10-23 09:44:32 UTC,1
22,13,,2,2013-10-23 09:24:23 UTC,2013-10-23 09:43:56 UTC,1
21,13,,1,2013-10-23 09:24:15 UTC,2013-10-23 09:24:15 UTC,1
20,5,,2,2013-10-23 09:10:11 UTC,2013-10-23 09:21:49 UTC,1
19,10,,2,2013-10-23 09:08:18 UTC,2013-10-23 09:26:49 UTC,1
18,4,,2,2013-10-23 09:07:01 UTC,2013-10-23 09:22:37 UTC,1
17,12,,2,2013-10-23 09:06:20 UTC,2013-10-23 09:27:11 UTC,1
16,11,,2,2013-10-23 09:04:18 UTC,2013-10-23 09:27:00 UTC,1
15,8,,2,2013-10-23 09:03:03 UTC,2013-10-23 09:27:20 UTC,1
14,9,,2,2013-10-23 09:03:02 UTC,2013-10-23 09:25:30 UTC,1
13,8,,1,2013-10-23 09:02:54 UTC,2013-10-23 09:02:54 UTC,1
12,7,,1,2013-10-23 08:10:38 UTC,2013-10-23 08:10:38 UTC,1
11,7,,1,2013-10-23 08:10:31 UTC,2013-10-23 08:10:31 UTC,1
10,7,,1,2013-10-23 08:07:57 UTC,2013-10-23 08:07:57 UTC,1
9,5,,1,2013-10-23 04:25:06 UTC,2013-10-23 04:25:06 UTC,1
8,5,,2,2013-10-23 04:24:01 UTC,2013-10-23 04:24:51 UTC,1
7,6,,1,2013-10-22 06:17:26 UTC,2013-10-22 06:17:26 UTC,1
6,6,,1,2013-10-22 06:17:23 UTC,2013-10-22 06:17:23 UTC,1
5,5,,2,2013-10-21 07:05:59 UTC,2013-10-21 08:38:25 UTC,1
4,4,,2,2013-10-21 07:05:55 UTC,2013-10-21 08:41:29 UTC,1
3,3,,2,2013-10-21 07:00:58 UTC,2013-10-21 08:35:34 UTC,1
2,2,,2,2013-10-21 06:47:18 UTC,2013-10-21 06:48:10 UTC,1
1,2,,1,2013-10-21 06:27:32 UTC,2013-10-21 06:27:32 UTC,1
