--
-- PostgreSQL database dump
--

-- Dumped from database version 9.1.13
-- Dumped by pg_dump version 9.1.13
-- Started on 2014-08-18 08:30:31 ICT

SET statement_timeout = 0;
SET client_encoding = 'UTF8';
SET standard_conforming_strings = on;
SET check_function_bodies = false;
SET client_min_messages = warning;

--
-- TOC entry 192 (class 3079 OID 11683)
-- Name: plpgsql; Type: EXTENSION; Schema: -; Owner: 
--

CREATE EXTENSION IF NOT EXISTS plpgsql WITH SCHEMA pg_catalog;


--
-- TOC entry 2068 (class 0 OID 0)
-- Dependencies: 192
-- Name: EXTENSION plpgsql; Type: COMMENT; Schema: -; Owner: 
--

COMMENT ON EXTENSION plpgsql IS 'PL/pgSQL procedural language';


SET search_path = public, pg_catalog;

SET default_tablespace = '';

SET default_with_oids = false;

--
-- TOC entry 191 (class 1259 OID 16663)
-- Dependencies: 5
-- Name: schema_migrations; Type: TABLE; Schema: public; Owner: postgres; Tablespace: 
--

CREATE TABLE schema_migrations (
    version character varying(255) NOT NULL
);


ALTER TABLE public.schema_migrations OWNER TO postgres;

--
-- TOC entry 162 (class 1259 OID 16531)
-- Dependencies: 5
-- Name: training_answer; Type: TABLE; Schema: public; Owner: postgres; Tablespace: 
--

CREATE TABLE training_answer (
    answer_id integer NOT NULL,
    question_id bigint,
    answer_no integer,
    answer_content text,
    answer_file character varying(512),
    answer_correct integer,
    created_at timestamp without time zone,
    updated_at timestamp without time zone,
    active_flag integer
);


ALTER TABLE public.training_answer OWNER TO postgres;

--
-- TOC entry 161 (class 1259 OID 16529)
-- Dependencies: 5 162
-- Name: training_answer_answer_id_seq; Type: SEQUENCE; Schema: public; Owner: postgres
--

CREATE SEQUENCE training_answer_answer_id_seq
    START WITH 1
    INCREMENT BY 1
    NO MINVALUE
    NO MAXVALUE
    CACHE 1;


ALTER TABLE public.training_answer_answer_id_seq OWNER TO postgres;

--
-- TOC entry 2069 (class 0 OID 0)
-- Dependencies: 161
-- Name: training_answer_answer_id_seq; Type: SEQUENCE OWNED BY; Schema: public; Owner: postgres
--

ALTER SEQUENCE training_answer_answer_id_seq OWNED BY training_answer.answer_id;


--
-- TOC entry 164 (class 1259 OID 16542)
-- Dependencies: 5
-- Name: training_answer_sheet; Type: TABLE; Schema: public; Owner: postgres; Tablespace: 
--

CREATE TABLE training_answer_sheet (
    answer_sheet_id integer NOT NULL,
    user_id integer,
    exam_question_id integer,
    examination_id bigint,
    subject_id integer,
    no integer,
    exam_result integer,
    exam_time bigint,
    started_at timestamp without time zone,
    created_at timestamp without time zone,
    updated_at timestamp without time zone,
    active_flag integer
);


ALTER TABLE public.training_answer_sheet OWNER TO postgres;

--
-- TOC entry 163 (class 1259 OID 16540)
-- Dependencies: 164 5
-- Name: training_answer_sheet_answer_sheet_id_seq; Type: SEQUENCE; Schema: public; Owner: postgres
--

CREATE SEQUENCE training_answer_sheet_answer_sheet_id_seq
    START WITH 1
    INCREMENT BY 1
    NO MINVALUE
    NO MAXVALUE
    CACHE 1;


ALTER TABLE public.training_answer_sheet_answer_sheet_id_seq OWNER TO postgres;

--
-- TOC entry 2070 (class 0 OID 0)
-- Dependencies: 163
-- Name: training_answer_sheet_answer_sheet_id_seq; Type: SEQUENCE OWNED BY; Schema: public; Owner: postgres
--

ALTER SEQUENCE training_answer_sheet_answer_sheet_id_seq OWNED BY training_answer_sheet.answer_sheet_id;


--
-- TOC entry 166 (class 1259 OID 16550)
-- Dependencies: 5
-- Name: training_answer_sheet_detail; Type: TABLE; Schema: public; Owner: postgres; Tablespace: 
--

CREATE TABLE training_answer_sheet_detail (
    answer_sheet_detail_id integer NOT NULL,
    answer_sheet_id bigint,
    question_id bigint,
    answer_id bigint,
    no integer,
    answer_content text,
    answer_file character varying(512),
    answer_correct integer,
    created_at timestamp without time zone,
    updated_at timestamp without time zone,
    active_flag integer
);


ALTER TABLE public.training_answer_sheet_detail OWNER TO postgres;

--
-- TOC entry 165 (class 1259 OID 16548)
-- Dependencies: 166 5
-- Name: training_answer_sheet_detail_answer_sheet_detail_id_seq; Type: SEQUENCE; Schema: public; Owner: postgres
--

CREATE SEQUENCE training_answer_sheet_detail_answer_sheet_detail_id_seq
    START WITH 1
    INCREMENT BY 1
    NO MINVALUE
    NO MAXVALUE
    CACHE 1;


ALTER TABLE public.training_answer_sheet_detail_answer_sheet_detail_id_seq OWNER TO postgres;

--
-- TOC entry 2071 (class 0 OID 0)
-- Dependencies: 165
-- Name: training_answer_sheet_detail_answer_sheet_detail_id_seq; Type: SEQUENCE OWNED BY; Schema: public; Owner: postgres
--

ALTER SEQUENCE training_answer_sheet_detail_answer_sheet_detail_id_seq OWNED BY training_answer_sheet_detail.answer_sheet_detail_id;


--
-- TOC entry 168 (class 1259 OID 16561)
-- Dependencies: 5
-- Name: training_conclusion; Type: TABLE; Schema: public; Owner: postgres; Tablespace: 
--

CREATE TABLE training_conclusion (
    conclusion_id integer NOT NULL,
    conclusion_name character varying(128),
    created_at timestamp without time zone,
    updated_at timestamp without time zone,
    active_flag integer
);


ALTER TABLE public.training_conclusion OWNER TO postgres;

--
-- TOC entry 167 (class 1259 OID 16559)
-- Dependencies: 5 168
-- Name: training_conclusion_conclusion_id_seq; Type: SEQUENCE; Schema: public; Owner: postgres
--

CREATE SEQUENCE training_conclusion_conclusion_id_seq
    START WITH 1
    INCREMENT BY 1
    NO MINVALUE
    NO MAXVALUE
    CACHE 1;


ALTER TABLE public.training_conclusion_conclusion_id_seq OWNER TO postgres;

--
-- TOC entry 2072 (class 0 OID 0)
-- Dependencies: 167
-- Name: training_conclusion_conclusion_id_seq; Type: SEQUENCE OWNED BY; Schema: public; Owner: postgres
--

ALTER SEQUENCE training_conclusion_conclusion_id_seq OWNED BY training_conclusion.conclusion_id;


--
-- TOC entry 170 (class 1259 OID 16569)
-- Dependencies: 5
-- Name: training_exam_question; Type: TABLE; Schema: public; Owner: postgres; Tablespace: 
--

CREATE TABLE training_exam_question (
    exam_question_id integer NOT NULL,
    subject_id integer,
    level_id integer,
    number_correct integer,
    exam_time integer,
    created_at timestamp without time zone,
    updated_at timestamp without time zone,
    active_flag integer
);


ALTER TABLE public.training_exam_question OWNER TO postgres;

--
-- TOC entry 172 (class 1259 OID 16577)
-- Dependencies: 5
-- Name: training_exam_question_detail; Type: TABLE; Schema: public; Owner: postgres; Tablespace: 
--

CREATE TABLE training_exam_question_detail (
    exam_question_detail_id integer NOT NULL,
    exam_question_id integer,
    subject_id integer,
    question_group_id integer,
    number_question integer,
    no integer,
    created_at timestamp without time zone,
    updated_at timestamp without time zone,
    active_flag integer
);


ALTER TABLE public.training_exam_question_detail OWNER TO postgres;

--
-- TOC entry 171 (class 1259 OID 16575)
-- Dependencies: 5 172
-- Name: training_exam_question_detail_exam_question_detail_id_seq; Type: SEQUENCE; Schema: public; Owner: postgres
--

CREATE SEQUENCE training_exam_question_detail_exam_question_detail_id_seq
    START WITH 1
    INCREMENT BY 1
    NO MINVALUE
    NO MAXVALUE
    CACHE 1;


ALTER TABLE public.training_exam_question_detail_exam_question_detail_id_seq OWNER TO postgres;

--
-- TOC entry 2073 (class 0 OID 0)
-- Dependencies: 171
-- Name: training_exam_question_detail_exam_question_detail_id_seq; Type: SEQUENCE OWNED BY; Schema: public; Owner: postgres
--

ALTER SEQUENCE training_exam_question_detail_exam_question_detail_id_seq OWNED BY training_exam_question_detail.exam_question_detail_id;


--
-- TOC entry 169 (class 1259 OID 16567)
-- Dependencies: 5 170
-- Name: training_exam_question_exam_question_id_seq; Type: SEQUENCE; Schema: public; Owner: postgres
--

CREATE SEQUENCE training_exam_question_exam_question_id_seq
    START WITH 1
    INCREMENT BY 1
    NO MINVALUE
    NO MAXVALUE
    CACHE 1;


ALTER TABLE public.training_exam_question_exam_question_id_seq OWNER TO postgres;

--
-- TOC entry 2074 (class 0 OID 0)
-- Dependencies: 169
-- Name: training_exam_question_exam_question_id_seq; Type: SEQUENCE OWNED BY; Schema: public; Owner: postgres
--

ALTER SEQUENCE training_exam_question_exam_question_id_seq OWNED BY training_exam_question.exam_question_id;


--
-- TOC entry 174 (class 1259 OID 16585)
-- Dependencies: 5
-- Name: training_exam_session; Type: TABLE; Schema: public; Owner: postgres; Tablespace: 
--

CREATE TABLE training_exam_session (
    exam_session_id integer NOT NULL,
    exam_session_name character varying(256),
    exam_date timestamp without time zone,
    exam_duration integer,
    level_id integer,
    created_at timestamp without time zone,
    updated_at timestamp without time zone,
    active_flag integer
);


ALTER TABLE public.training_exam_session OWNER TO postgres;

--
-- TOC entry 176 (class 1259 OID 16593)
-- Dependencies: 5
-- Name: training_exam_session_detail; Type: TABLE; Schema: public; Owner: postgres; Tablespace: 
--

CREATE TABLE training_exam_session_detail (
    exam_session_detail_id integer NOT NULL,
    exam_session_id bigint,
    subject_id integer,
    no integer,
    created_at timestamp without time zone,
    updated_at timestamp without time zone,
    active_flag integer
);


ALTER TABLE public.training_exam_session_detail OWNER TO postgres;

--
-- TOC entry 175 (class 1259 OID 16591)
-- Dependencies: 176 5
-- Name: training_exam_session_detail_exam_session_detail_id_seq; Type: SEQUENCE; Schema: public; Owner: postgres
--

CREATE SEQUENCE training_exam_session_detail_exam_session_detail_id_seq
    START WITH 1
    INCREMENT BY 1
    NO MINVALUE
    NO MAXVALUE
    CACHE 1;


ALTER TABLE public.training_exam_session_detail_exam_session_detail_id_seq OWNER TO postgres;

--
-- TOC entry 2075 (class 0 OID 0)
-- Dependencies: 175
-- Name: training_exam_session_detail_exam_session_detail_id_seq; Type: SEQUENCE OWNED BY; Schema: public; Owner: postgres
--

ALTER SEQUENCE training_exam_session_detail_exam_session_detail_id_seq OWNED BY training_exam_session_detail.exam_session_detail_id;


--
-- TOC entry 173 (class 1259 OID 16583)
-- Dependencies: 5 174
-- Name: training_exam_session_exam_session_id_seq; Type: SEQUENCE; Schema: public; Owner: postgres
--

CREATE SEQUENCE training_exam_session_exam_session_id_seq
    START WITH 1
    INCREMENT BY 1
    NO MINVALUE
    NO MAXVALUE
    CACHE 1;


ALTER TABLE public.training_exam_session_exam_session_id_seq OWNER TO postgres;

--
-- TOC entry 2076 (class 0 OID 0)
-- Dependencies: 173
-- Name: training_exam_session_exam_session_id_seq; Type: SEQUENCE OWNED BY; Schema: public; Owner: postgres
--

ALTER SEQUENCE training_exam_session_exam_session_id_seq OWNED BY training_exam_session.exam_session_id;


--
-- TOC entry 178 (class 1259 OID 16601)
-- Dependencies: 5
-- Name: training_examination; Type: TABLE; Schema: public; Owner: postgres; Tablespace: 
--

CREATE TABLE training_examination (
    examination_id integer NOT NULL,
    user_id integer,
    conclusion_id integer,
    status integer,
    created_at timestamp without time zone,
    updated_at timestamp without time zone,
    active_flag integer
);


ALTER TABLE public.training_examination OWNER TO postgres;

--
-- TOC entry 177 (class 1259 OID 16599)
-- Dependencies: 178 5
-- Name: training_examination_examination_id_seq; Type: SEQUENCE; Schema: public; Owner: postgres
--

CREATE SEQUENCE training_examination_examination_id_seq
    START WITH 1
    INCREMENT BY 1
    NO MINVALUE
    NO MAXVALUE
    CACHE 1;


ALTER TABLE public.training_examination_examination_id_seq OWNER TO postgres;

--
-- TOC entry 2077 (class 0 OID 0)
-- Dependencies: 177
-- Name: training_examination_examination_id_seq; Type: SEQUENCE OWNED BY; Schema: public; Owner: postgres
--

ALTER SEQUENCE training_examination_examination_id_seq OWNED BY training_examination.examination_id;


--
-- TOC entry 180 (class 1259 OID 16609)
-- Dependencies: 5
-- Name: training_level; Type: TABLE; Schema: public; Owner: postgres; Tablespace: 
--

CREATE TABLE training_level (
    level_id integer NOT NULL,
    level_name character varying(128),
    created_at timestamp without time zone,
    updated_at timestamp without time zone,
    active_flag integer
);


ALTER TABLE public.training_level OWNER TO postgres;

--
-- TOC entry 179 (class 1259 OID 16607)
-- Dependencies: 180 5
-- Name: training_level_level_id_seq; Type: SEQUENCE; Schema: public; Owner: postgres
--

CREATE SEQUENCE training_level_level_id_seq
    START WITH 1
    INCREMENT BY 1
    NO MINVALUE
    NO MAXVALUE
    CACHE 1;


ALTER TABLE public.training_level_level_id_seq OWNER TO postgres;

--
-- TOC entry 2078 (class 0 OID 0)
-- Dependencies: 179
-- Name: training_level_level_id_seq; Type: SEQUENCE OWNED BY; Schema: public; Owner: postgres
--

ALTER SEQUENCE training_level_level_id_seq OWNED BY training_level.level_id;


--
-- TOC entry 182 (class 1259 OID 16617)
-- Dependencies: 5
-- Name: training_question; Type: TABLE; Schema: public; Owner: postgres; Tablespace: 
--

CREATE TABLE training_question (
    question_id integer NOT NULL,
    subject_id integer,
    question_group_id integer,
    question_content text,
    question_file character varying(512),
    answer_type integer,
    description text,
    created_at timestamp without time zone,
    updated_at timestamp without time zone,
    active_flag integer
);


ALTER TABLE public.training_question OWNER TO postgres;

--
-- TOC entry 184 (class 1259 OID 16628)
-- Dependencies: 5
-- Name: training_question_group; Type: TABLE; Schema: public; Owner: postgres; Tablespace: 
--

CREATE TABLE training_question_group (
    question_group_id integer NOT NULL,
    question_group_name character varying(128),
    created_at timestamp without time zone,
    updated_at timestamp without time zone,
    active_flag integer
);


ALTER TABLE public.training_question_group OWNER TO postgres;

--
-- TOC entry 183 (class 1259 OID 16626)
-- Dependencies: 184 5
-- Name: training_question_group_question_group_id_seq; Type: SEQUENCE; Schema: public; Owner: postgres
--

CREATE SEQUENCE training_question_group_question_group_id_seq
    START WITH 1
    INCREMENT BY 1
    NO MINVALUE
    NO MAXVALUE
    CACHE 1;


ALTER TABLE public.training_question_group_question_group_id_seq OWNER TO postgres;

--
-- TOC entry 2079 (class 0 OID 0)
-- Dependencies: 183
-- Name: training_question_group_question_group_id_seq; Type: SEQUENCE OWNED BY; Schema: public; Owner: postgres
--

ALTER SEQUENCE training_question_group_question_group_id_seq OWNED BY training_question_group.question_group_id;


--
-- TOC entry 181 (class 1259 OID 16615)
-- Dependencies: 182 5
-- Name: training_question_question_id_seq; Type: SEQUENCE; Schema: public; Owner: postgres
--

CREATE SEQUENCE training_question_question_id_seq
    START WITH 1
    INCREMENT BY 1
    NO MINVALUE
    NO MAXVALUE
    CACHE 1;


ALTER TABLE public.training_question_question_id_seq OWNER TO postgres;

--
-- TOC entry 2080 (class 0 OID 0)
-- Dependencies: 181
-- Name: training_question_question_id_seq; Type: SEQUENCE OWNED BY; Schema: public; Owner: postgres
--

ALTER SEQUENCE training_question_question_id_seq OWNED BY training_question.question_id;


--
-- TOC entry 186 (class 1259 OID 16636)
-- Dependencies: 5
-- Name: training_subject; Type: TABLE; Schema: public; Owner: postgres; Tablespace: 
--

CREATE TABLE training_subject (
    subject_id integer NOT NULL,
    subject_name character varying(256),
    created_at timestamp without time zone,
    updated_at timestamp without time zone,
    active_flag integer
);


ALTER TABLE public.training_subject OWNER TO postgres;

--
-- TOC entry 188 (class 1259 OID 16644)
-- Dependencies: 5
-- Name: training_subject_question_group; Type: TABLE; Schema: public; Owner: postgres; Tablespace: 
--

CREATE TABLE training_subject_question_group (
    subject_question_group_id integer NOT NULL,
    subject_id integer,
    question_group_id integer,
    created_at timestamp without time zone,
    updated_at timestamp without time zone,
    active_flag integer
);


ALTER TABLE public.training_subject_question_group OWNER TO postgres;

--
-- TOC entry 187 (class 1259 OID 16642)
-- Dependencies: 188 5
-- Name: training_subject_question_group_subject_question_group_id_seq; Type: SEQUENCE; Schema: public; Owner: postgres
--

CREATE SEQUENCE training_subject_question_group_subject_question_group_id_seq
    START WITH 1
    INCREMENT BY 1
    NO MINVALUE
    NO MAXVALUE
    CACHE 1;


ALTER TABLE public.training_subject_question_group_subject_question_group_id_seq OWNER TO postgres;

--
-- TOC entry 2081 (class 0 OID 0)
-- Dependencies: 187
-- Name: training_subject_question_group_subject_question_group_id_seq; Type: SEQUENCE OWNED BY; Schema: public; Owner: postgres
--

ALTER SEQUENCE training_subject_question_group_subject_question_group_id_seq OWNED BY training_subject_question_group.subject_question_group_id;


--
-- TOC entry 185 (class 1259 OID 16634)
-- Dependencies: 5 186
-- Name: training_subject_subject_id_seq; Type: SEQUENCE; Schema: public; Owner: postgres
--

CREATE SEQUENCE training_subject_subject_id_seq
    START WITH 1
    INCREMENT BY 1
    NO MINVALUE
    NO MAXVALUE
    CACHE 1;


ALTER TABLE public.training_subject_subject_id_seq OWNER TO postgres;

--
-- TOC entry 2082 (class 0 OID 0)
-- Dependencies: 185
-- Name: training_subject_subject_id_seq; Type: SEQUENCE OWNED BY; Schema: public; Owner: postgres
--

ALTER SEQUENCE training_subject_subject_id_seq OWNED BY training_subject.subject_id;


--
-- TOC entry 190 (class 1259 OID 16652)
-- Dependencies: 5
-- Name: training_user; Type: TABLE; Schema: public; Owner: postgres; Tablespace: 
--

CREATE TABLE training_user (
    user_id integer NOT NULL,
    full_name character varying(256) NOT NULL,
    email character varying(256),
    password_digest character varying(64),
    remember_token character varying(256),
    user_admin integer,
    created_at timestamp without time zone,
    updated_at timestamp without time zone,
    active_flag integer
);


ALTER TABLE public.training_user OWNER TO postgres;

--
-- TOC entry 189 (class 1259 OID 16650)
-- Dependencies: 190 5
-- Name: training_user_user_id_seq; Type: SEQUENCE; Schema: public; Owner: postgres
--

CREATE SEQUENCE training_user_user_id_seq
    START WITH 1
    INCREMENT BY 1
    NO MINVALUE
    NO MAXVALUE
    CACHE 1;


ALTER TABLE public.training_user_user_id_seq OWNER TO postgres;

--
-- TOC entry 2083 (class 0 OID 0)
-- Dependencies: 189
-- Name: training_user_user_id_seq; Type: SEQUENCE OWNED BY; Schema: public; Owner: postgres
--

ALTER SEQUENCE training_user_user_id_seq OWNED BY training_user.user_id;


--
-- TOC entry 1881 (class 2604 OID 16534)
-- Dependencies: 162 161 162
-- Name: answer_id; Type: DEFAULT; Schema: public; Owner: postgres
--

ALTER TABLE ONLY training_answer ALTER COLUMN answer_id SET DEFAULT nextval('training_answer_answer_id_seq'::regclass);


--
-- TOC entry 1882 (class 2604 OID 16545)
-- Dependencies: 163 164 164
-- Name: answer_sheet_id; Type: DEFAULT; Schema: public; Owner: postgres
--

ALTER TABLE ONLY training_answer_sheet ALTER COLUMN answer_sheet_id SET DEFAULT nextval('training_answer_sheet_answer_sheet_id_seq'::regclass);


--
-- TOC entry 1883 (class 2604 OID 16553)
-- Dependencies: 165 166 166
-- Name: answer_sheet_detail_id; Type: DEFAULT; Schema: public; Owner: postgres
--

ALTER TABLE ONLY training_answer_sheet_detail ALTER COLUMN answer_sheet_detail_id SET DEFAULT nextval('training_answer_sheet_detail_answer_sheet_detail_id_seq'::regclass);


--
-- TOC entry 1884 (class 2604 OID 16564)
-- Dependencies: 167 168 168
-- Name: conclusion_id; Type: DEFAULT; Schema: public; Owner: postgres
--

ALTER TABLE ONLY training_conclusion ALTER COLUMN conclusion_id SET DEFAULT nextval('training_conclusion_conclusion_id_seq'::regclass);


--
-- TOC entry 1885 (class 2604 OID 16572)
-- Dependencies: 169 170 170
-- Name: exam_question_id; Type: DEFAULT; Schema: public; Owner: postgres
--

ALTER TABLE ONLY training_exam_question ALTER COLUMN exam_question_id SET DEFAULT nextval('training_exam_question_exam_question_id_seq'::regclass);


--
-- TOC entry 1886 (class 2604 OID 16580)
-- Dependencies: 171 172 172
-- Name: exam_question_detail_id; Type: DEFAULT; Schema: public; Owner: postgres
--

ALTER TABLE ONLY training_exam_question_detail ALTER COLUMN exam_question_detail_id SET DEFAULT nextval('training_exam_question_detail_exam_question_detail_id_seq'::regclass);


--
-- TOC entry 1887 (class 2604 OID 16588)
-- Dependencies: 174 173 174
-- Name: exam_session_id; Type: DEFAULT; Schema: public; Owner: postgres
--

ALTER TABLE ONLY training_exam_session ALTER COLUMN exam_session_id SET DEFAULT nextval('training_exam_session_exam_session_id_seq'::regclass);


--
-- TOC entry 1888 (class 2604 OID 16596)
-- Dependencies: 175 176 176
-- Name: exam_session_detail_id; Type: DEFAULT; Schema: public; Owner: postgres
--

ALTER TABLE ONLY training_exam_session_detail ALTER COLUMN exam_session_detail_id SET DEFAULT nextval('training_exam_session_detail_exam_session_detail_id_seq'::regclass);


--
-- TOC entry 1889 (class 2604 OID 16604)
-- Dependencies: 177 178 178
-- Name: examination_id; Type: DEFAULT; Schema: public; Owner: postgres
--

ALTER TABLE ONLY training_examination ALTER COLUMN examination_id SET DEFAULT nextval('training_examination_examination_id_seq'::regclass);


--
-- TOC entry 1890 (class 2604 OID 16612)
-- Dependencies: 180 179 180
-- Name: level_id; Type: DEFAULT; Schema: public; Owner: postgres
--

ALTER TABLE ONLY training_level ALTER COLUMN level_id SET DEFAULT nextval('training_level_level_id_seq'::regclass);


--
-- TOC entry 1891 (class 2604 OID 16620)
-- Dependencies: 182 181 182
-- Name: question_id; Type: DEFAULT; Schema: public; Owner: postgres
--

ALTER TABLE ONLY training_question ALTER COLUMN question_id SET DEFAULT nextval('training_question_question_id_seq'::regclass);


--
-- TOC entry 1892 (class 2604 OID 16631)
-- Dependencies: 183 184 184
-- Name: question_group_id; Type: DEFAULT; Schema: public; Owner: postgres
--

ALTER TABLE ONLY training_question_group ALTER COLUMN question_group_id SET DEFAULT nextval('training_question_group_question_group_id_seq'::regclass);


--
-- TOC entry 1893 (class 2604 OID 16639)
-- Dependencies: 186 185 186
-- Name: subject_id; Type: DEFAULT; Schema: public; Owner: postgres
--

ALTER TABLE ONLY training_subject ALTER COLUMN subject_id SET DEFAULT nextval('training_subject_subject_id_seq'::regclass);


--
-- TOC entry 1894 (class 2604 OID 16647)
-- Dependencies: 188 187 188
-- Name: subject_question_group_id; Type: DEFAULT; Schema: public; Owner: postgres
--

ALTER TABLE ONLY training_subject_question_group ALTER COLUMN subject_question_group_id SET DEFAULT nextval('training_subject_question_group_subject_question_group_id_seq'::regclass);


--
-- TOC entry 1895 (class 2604 OID 16655)
-- Dependencies: 190 189 190
-- Name: user_id; Type: DEFAULT; Schema: public; Owner: postgres
--

ALTER TABLE ONLY training_user ALTER COLUMN user_id SET DEFAULT nextval('training_user_user_id_seq'::regclass);


--
-- TOC entry 2060 (class 0 OID 16663)
-- Dependencies: 191 2061
-- Data for Name: schema_migrations; Type: TABLE DATA; Schema: public; Owner: postgres
--

COPY schema_migrations (version) FROM stdin;
20131017043033
\.


--
-- TOC entry 2031 (class 0 OID 16531)
-- Dependencies: 162 2061
-- Data for Name: training_answer; Type: TABLE DATA; Schema: public; Owner: postgres
--

COPY training_answer (answer_id, question_id, answer_no, answer_content, answer_file, answer_correct, created_at, updated_at, active_flag) FROM stdin;
256	76	1	Is used with the DISTINCT SQL keyword only.	\N	0	2013-10-21 02:35:16	2013-10-21 02:35:16	1
1	1	1	COUNT()	\N	1	2013-10-11 12:00:00	2013-10-11 12:00:00	1
259	77	1	update only one row at a time.	\N	0	2013-10-21 02:43:07	2013-10-21 02:43:07	1
4	2	1	Specify range for search condition	\N	0	2013-10-11 12:00:00	2013-10-11 12:00:00	1
7	3	1	SELECT COUNT (user_id) FROM users would only return the number of user_id’s.	\N	1	2013-10-11 12:00:00	2013-10-11 12:00:00	1
263	78	1	The TRUNCATE clause deletes all rows in a database table, while the DELETE clause can have a WHERE condition and might or might not delete all rows in a table.	\N	1	2013-10-21 02:44:14	2013-10-21 02:44:14	1
8	4	1	Use DISTINCT in the query, such as SELECT DISTINCT user_firstname FROM users; You can also ask for a number of distinct values by saying SELECT COUNT (DISTINCT user_firstname) FROM users;	\N	1	2013-10-11 12:00:00	2013-10-11 12:00:00	1
9	5	1	\N	1/exercise1_answer.jpg	1	2013-10-11 12:00:00	2013-10-11 12:00:00	1
10	6	1	rails c	\N	0	2013-10-14 12:00:00	2013-10-14 12:00:00	1
266	79	1	WHERE clause.	\N	1	2013-10-21 02:44:54	2013-10-21 02:44:54	1
14	7	1	rake route	\N	0	2013-10-14 12:00:00	2013-10-14 12:00:00	1
270	80	1	SELECT ADD(Price) FROM Sales	\N	0	2013-10-21 02:45:41	2013-10-21 02:45:41	1
18	8	1	rake db:migrate	\N	0	2013-10-14 12:00:00	2013-10-14 12:00:00	1
274	81	1	SELECT AVG(OrderNumber) FROM Sales	\N	0	2013-10-21 02:48:03	2013-10-21 02:48:03	1
277	82	1	SELECT book_title FROM books LIMIT 25, 100. The first number in LIMIT is the offset, the second is the number.	\N	\N	2013-10-21 02:50:30	2013-10-21 02:50:30	1
22	9	1	{:foo => 'bar'}	\N	0	2013-10-14 12:00:00	2013-10-14 12:00:00	1
278	83	1	SELECT SQL_CALC_FOUND_ROWS page_title FROM web_pages LIMIT 1,10; SELECT FOUND_ROWS(); The second query (not that COUNT() is never used) will tell you how many results there’re total, so you can display a phrase "Found 13,450,600 results, displaying 1-10". Note that FOUND_ROWS does not pay attention to the LIMITs you specified and always returns the total number of rows affected by query.	\N	\N	2013-10-21 02:51:09	2013-10-21 02:51:09	1
279	84	1	SELECT team_name FROM teams WHERE team_won IN (2, 4, 6, 8)	\N	\N	2013-10-21 02:53:12	2013-10-21 02:53:12	1
280	85	1	SELECT user_name FROM users WHERE ISNULL(user_phonenumber);	\N	\N	2013-10-21 02:53:28	2013-10-21 02:53:28	1
281	86	1	It’s equivalent to saying SELECT user_name, user_isp FROM users LEFT JOIN isps WHERE users.user_id=isps.user_id	\N	\N	2013-10-21 02:53:43	2013-10-21 02:53:43	1
26	10	1	validates :title, :length, maximum: 20	\N	0	2013-10-14 12:00:00	2013-10-14 12:00:00	1
282	87	1	What it means is that so of the data that you’re trying to delete is still alive in another table. Like if you have a table for universities and a table for students, which contains the ID of the university they go to, running a delete on a university table will fail if the students table still contains people enrolled at that university. Proper way to do it would be to delete the offending data first, and then delete the university in question. Quick way would involve running SET foreign_key_checks=0 before the DELETE command, and setting the parameter back to 1 after the DELETE is done. If your foreign key was formulated with ON DELETE CASCADE, the data in dependent tables will be removed automatically.		\N	2013-10-21 02:53:58	2013-10-21 02:59:35	1
283	88	1	When you’re not deleting by row ID. Such as in DELETE FROM techpreparation_com_questions ORDER BY timestamp LIMIT 1. This will delete the most recently posted question in the table techpreparation_com_questions.		\N	2013-10-21 02:54:22	2013-10-21 02:59:20	1
284	89	1	ALTER TABLE techpreparation_questions CHANGE techpreparation_content techpreparation_CONTENT VARCHAR(50).		\N	2013-10-21 02:54:36	2013-10-21 02:59:09	1
285	90	1	ALTER TABLE techpreparation_answers DROP answer_user_id.		\N	2013-10-21 02:54:48	2013-10-21 02:58:56	1
30	11	1	validates :age, numericality: {greater_than_or_equal_to: 0, only_integer: true}	\N	1	2013-10-14 12:00:00	2013-10-14 12:00:00	1
286	91	1	CONCAT (string1, string2, string3)		\N	2013-10-21 02:55:00	2013-10-21 02:58:38	1
287	92	1	SELECT SUBSTR(title, 1, 10) from techpreparation_questions;		\N	2013-10-21 02:55:11	2013-10-21 02:58:19	1
288	93	1	The first is, naturally, the character count. The second is byte count. For the Latin characters the numbers are the same, but they’re not the same for Unicode and other encodings.	\N	\N	2013-10-21 02:55:31	2013-10-21 02:55:31	1
289	94	1	SELECT (techpreparation_question USING utf8);	\N	\N	2013-10-21 02:55:45	2013-10-21 02:55:45	1
34	12	1	update_attributes! Khi validate lỗi thì trả về ngoại lệ	\N	1	2013-10-14 12:00:00	2013-10-14 12:00:00	1
290	95	1	% corresponds to 0 or more characters, _ is exactly one character. 	\N	\N	2013-10-21 02:55:59	2013-10-21 02:55:59	1
291	96	1	At least one character. Appendix G. Regular Expressions from MySQL manual is worth perusing before the interview.	\N	\N	2013-10-21 02:56:12	2013-10-21 02:56:12	1
292	97	1	SELECT MONTH(techpreparation_timestamp) from techpreparation_questions;	\N	\N	2013-10-21 02:56:28	2013-10-21 02:56:28	1
293	98	1	SELECT DATE_FORMAT(techpreparation_timestamp, ‘%Y-%m-%d’) from techpreparation_questions; A similar TIME_FORMAT function deals with time.	\N	\N	2013-10-21 02:56:44	2013-10-21 02:56:44	1
38	13	1	scope :administrators, where([:admin, true]	\N	0	2013-10-14 12:00:00	2013-10-14 12:00:00	1
294	99	1	ADDDATE(techpreparation_publication_date, INTERVAL 3 MINUTE)	\N	\N	2013-10-21 02:56:58	2013-10-21 02:56:58	1
295	100	1	Internally Unix timestamps are stored as 32-bit integers, while MySQL timestamps are stored in a similar manner, but represented in readable YYYY-MM-DD HH:MM:SS format.	\N	\N	2013-10-21 02:57:11	2013-10-21 02:57:11	1
296	101	1		\N	\N	2013-10-21 03:15:28	2013-10-21 03:15:28	1
42	14	1	has_many :employees, :dependent => :nullify	\N	0	2013-10-14 12:00:00	2013-10-14 12:00:00	1
46	15	1	create_index :users, :name	\N	0	2013-10-14 12:00:00	2013-10-14 12:00:00	1
50	16	1	root :to => 'welcome#index'	\N	1	2013-10-14 12:00:00	2013-10-14 12:00:00	1
54	17	1	collection	\N	0	2013-10-14 12:00:00	2013-10-14 12:00:00	1
58	18	1	before :require_admin	\N	0	2013-10-14 12:00:00	2013-10-14 12:00:00	1
62	19	1	redirect_to @book, :message => "Book was successfully created."	\N	0	2013-10-14 12:00:00	2013-10-14 12:00:00	1
66	20	1	link_for	\N	0	2013-10-14 12:00:00	2013-10-14 12:00:00	1
70	21	1	<%= yield :head %>	\N	1	2013-10-14 12:00:00	2013-10-14 12:00:00	1
74	22	1	/users/1/edit	\N	0	2013-10-14 12:00:00	2013-10-14 12:00:00	1
78	23	1	default :from => 'no-reply@example.com	\N	1	2013-10-14 12:00:00	2013-10-14 12:00:00	1
82	24	1	rails create ittrain	\N	0	2013-10-14 12:00:00	2013-10-14 12:00:00	1
86	25	1	ActionView	\N	0	2013-10-14 12:00:00	2013-10-14 12:00:00	1
90	26	1	“people”	\N	1	2013-10-14 12:00:00	2013-10-14 12:00:00	1
94	27	1	TRUE	\N	0	2013-10-14 12:00:00	2013-10-14 12:00:00	1
98	28	1	User.where(:login, "foo")	\N	0	2013-10-14 12:00:00	2013-10-14 12:00:00	1
102	29	1	after_save	\N	1	2013-10-14 12:00:00	2013-10-14 12:00:00	1
106	30	1	remove_column :users, :email	\N	1	2013-10-14 12:00:00	2013-10-14 12:00:00	1
110	31	1	updated_at	\N	0	2013-10-14 12:00:00	2013-10-14 12:00:00	1
114	32	1	show, new, create, edit, update, destroy	\N	1	2013-10-14 12:00:00	2013-10-14 12:00:00	1
118	33	1	session[:user_id] = @user.id	\N	1	2013-10-14 12:00:00	2013-10-14 12:00:00	1
122	34	1	comment_url(@message_board, @comment)	\N	0	2013-10-14 12:00:00	2013-10-14 12:00:00	1
126	35	1	request_from	\N	0	2013-10-14 12:00:00	2013-10-14 12:00:00	1
130	39	1	MOST	\N	0	2013-10-17 09:57:41	2013-10-17 11:10:30	1
134	40	1		1/1382004394exercise1_answer.jpg	\N	2013-10-17 10:06:34	2013-10-17 10:06:34	1
139	41	1			\N	2013-10-18 08:41:28	2013-10-21 03:14:55	1
140	42	1	INSERT	\N	0	2013-10-21 01:55:54	2013-10-21 01:55:54	1
144	43	1	the SELECT clause only	\N	1	2013-10-21 01:58:20	2013-10-21 01:58:20	1
148	44	1	Different Mode Level	\N	0	2013-10-21 02:00:03	2013-10-21 02:00:03	1
152	45	1	MOST	\N	0	2013-10-21 02:01:41	2013-10-21 02:01:41	1
156	46	1	INSERT INTO Projects (ProjectName, ProjectDescription) VALUES ('Content Development', 'Website content development project')	\N	1	2013-10-21 02:04:26	2013-10-21 02:04:26	1
160	47	1	INSERT INTO	\N	1	2013-10-21 02:05:20	2013-10-21 02:05:20	1
164	48	1	DELETE	\N	1	2013-10-21 02:07:00	2013-10-21 02:07:00	1
168	49	1	SELECT CustomerName, COUNT(CustomerName) FROM Orders	\N	0	2013-10-21 02:08:41	2013-10-21 02:08:41	1
171	50	1	Strong Question Language	\N	0	2013-10-21 02:09:21	2013-10-21 02:09:21	1
174	51	1	SELECT	\N	1	2013-10-21 02:09:45	2013-10-21 02:09:45	1
178	52	1	SAVE	\N	0	2013-10-21 02:10:16	2013-10-21 02:10:16	1
182	53	1	SELECT Persons.FirstName	\N	0	2013-10-21 02:10:53	2013-10-21 02:10:53	1
185	54	1	SELECT *.Persons	\N	0	2013-10-21 02:11:32	2013-10-21 02:11:32	1
189	55	1	SELECT * FROM Persons WHERE FirstName'Peter'	\N	0	2013-10-21 02:12:05	2013-10-21 02:12:05	1
193	56	1	SELECT * FROM Persons WHERE FirstName='a'	\N	0	2013-10-21 02:25:26	2013-10-21 02:25:26	1
197	57	1	False	\N	0	2013-10-21 02:25:53	2013-10-21 02:25:53	1
199	58	1	SELECT * FROM Persons WHERE FirstName='Peter' AND LastName='Jackson'	\N	1	2013-10-21 02:26:19	2013-10-21 02:26:19	1
202	59	1	SELECT * FROM Persons WHERE LastName BETWEEN 'Hansen' AND 'Pettersen'	\N	1	2013-10-21 02:26:54	2013-10-21 02:26:54	1
205	60	1	SELECT DISTINCT	\N	1	2013-10-21 02:27:26	2013-10-21 02:27:26	1
208	61	1	ORDER BY	\N	1	2013-10-21 02:27:50	2013-10-21 02:27:50	1
212	62	1	SELECT * FROM Persons SORT BY 'FirstName' DESC	\N	0	2013-10-21 02:28:23	2013-10-21 02:28:23	1
216	63	1	INSERT INTO Persons VALUES ('Jimmy', 'Jackson')	\N	1	2013-10-21 02:28:45	2013-10-21 02:28:45	1
219	64	1	UPDATE Persons SET LastName='Hansen' INTO LastName='Nilsen'	\N	0	2013-10-21 02:29:09	2013-10-21 02:29:09	1
223	65	1	DELETE FROM Persons WHERE FirstName = 'Peter'	\N	1	2013-10-21 02:30:12	2013-10-21 02:30:12	1
226	66	1	SELECT COUNT() FROM Persons	\N	0	2013-10-21 02:30:38	2013-10-21 02:30:38	1
230	67	1	ASC	\N	1	2013-10-21 02:31:10	2013-10-21 02:31:10	1
233	68	1	No	\N	1	2013-10-21 02:31:32	2013-10-21 02:31:32	1
235	69	1	SELECT Username, Password FROM Users	\N	1	2013-10-21 02:31:55	2013-10-21 02:31:55	1
238	70	1	Cursor is acronym for Current Set Of Records and is a database object pointing to a currently selected set of records.	\N	1	2013-10-21 02:32:36	2013-10-21 02:32:36	1
241	71	1	Definition of the condition to be met for the rows to be returned.	\N	1	2013-10-21 02:33:10	2013-10-21 02:33:10	1
244	72	1	The SQL ALTER TABLE clause modifies a table definition by altering, adding, or deleting table columns and/or constraints.	\N	1	2013-10-21 02:33:36	2013-10-21 02:33:36	1
248	73	1	The WHERE and the HAVING clauses are identical	\N	0	2013-10-21 02:34:05	2013-10-21 02:34:05	1
251	74	1	The AS SQL clause is used change the name of a column in the result set or to assign a name to a derived column.	\N	1	2013-10-21 02:34:30	2013-10-21 02:34:30	1
254	75	1	Yes	\N	1	2013-10-21 02:34:49	2013-10-21 02:34:49	1
257	76	2	Determines if a value matches any of the values in a list or a sub-query.	\N	1	2013-10-21 02:35:16	2013-10-21 02:35:16	1
2	1	2	NUMBER()	\N	0	2013-10-11 12:00:00	2013-10-11 12:00:00	1
260	77	2	update more than one row at a time.	\N	1	2013-10-21 02:43:07	2013-10-21 02:43:07	1
5	2	2	Specify search condition	\N	0	2013-10-11 12:00:00	2013-10-11 12:00:00	1
264	78	2	The DELETE clause deletes all rows in a database table, while the TRUNCATE clause can have a WHERE condition and might or might not delete all rows in a table.	\N	0	2013-10-21 02:44:14	2013-10-21 02:44:14	1
11	6	2	rails	\N	0	2013-10-14 12:00:00	2013-10-14 12:00:00	1
267	79	2	GROUP BY clause.	\N	0	2013-10-21 02:44:54	2013-10-21 02:44:54	1
15	7	2	rake routings	\N	0	2013-10-14 12:00:00	2013-10-14 12:00:00	1
271	80	2	SELECT SUM(Price) FROM Sales	\N	1	2013-10-21 02:45:41	2013-10-21 02:45:41	1
19	8	2	rake db:add	\N	0	2013-10-14 12:00:00	2013-10-14 12:00:00	1
275	81	2	SELECT COUNT(*) FROM Sales	\N	1	2013-10-21 02:48:03	2013-10-21 02:48:03	1
23	9	2	{'foo' => 'hoge'}	\N	0	2013-10-14 12:00:00	2013-10-14 12:00:00	1
27	10	2	validates :title, maximum: 20	\N	0	2013-10-14 12:00:00	2013-10-14 12:00:00	1
31	11	2	validates :age, numericality: {greater_than_or_equal_to: 0}	\N	0	2013-10-14 12:00:00	2013-10-14 12:00:00	1
35	12	2	update_attributes! Dù validate lỗi thì vẫn cập nhật record	\N	0	2013-10-14 12:00:00	2013-10-14 12:00:00	1
39	13	2	scope :administrators, :where => {:admin => true}	\N	0	2013-10-14 12:00:00	2013-10-14 12:00:00	1
43	14	2	has_many :employees, :dependent => :destroy	\N	1	2013-10-14 12:00:00	2013-10-14 12:00:00	1
47	15	2	use_index :users, :name	\N	0	2013-10-14 12:00:00	2013-10-14 12:00:00	1
51	16	2	root 'welcome#index'	\N	0	2013-10-14 12:00:00	2013-10-14 12:00:00	1
55	17	2	namespace	\N	0	2013-10-14 12:00:00	2013-10-14 12:00:00	1
59	18	2	before_filter :require_admin	\N	1	2013-10-14 12:00:00	2013-10-14 12:00:00	1
63	19	2	redirect_to @book, :notice => "Book was successfully created."	\N	1	2013-10-14 12:00:00	2013-10-14 12:00:00	1
67	20	2	link_tag	\N	0	2013-10-14 12:00:00	2013-10-14 12:00:00	1
71	21	2	<%= yield :partial => 'head' %>	\N	0	2013-10-14 12:00:00	2013-10-14 12:00:00	1
75	22	2	/users/new	\N	0	2013-10-14 12:00:00	2013-10-14 12:00:00	1
79	23	2	default :from, 'no-reply@example.com'	\N	0	2013-10-14 12:00:00	2013-10-14 12:00:00	1
83	24	2	rails project ittrain	\N	0	2013-10-14 12:00:00	2013-10-14 12:00:00	1
87	25	2	ActiveModel	\N	0	2013-10-14 12:00:00	2013-10-14 12:00:00	1
91	26	2	“person”	\N	0	2013-10-14 12:00:00	2013-10-14 12:00:00	1
95	27	2	FALSE	\N	1	2013-10-14 12:00:00	2013-10-14 12:00:00	1
99	28	2	User.where(:login => "foo")	\N	1	2013-10-14 12:00:00	2013-10-14 12:00:00	1
103	29	2	after_create	\N	0	2013-10-14 12:00:00	2013-10-14 12:00:00	1
107	30	2	delete_column :users, :email	\N	0	2013-10-14 12:00:00	2013-10-14 12:00:00	1
111	31	2	deleted_at	\N	1	2013-10-14 12:00:00	2013-10-14 12:00:00	1
115	32	2	show, entry, create, edit, update, delete	\N	0	2013-10-14 12:00:00	2013-10-14 12:00:00	1
119	33	2	session(:user_id, @user.id)	\N	0	2013-10-14 12:00:00	2013-10-14 12:00:00	1
123	34	2	comments_url(@message_board)	\N	0	2013-10-14 12:00:00	2013-10-14 12:00:00	1
127	35	2	request_to	\N	0	2013-10-14 12:00:00	2013-10-14 12:00:00	1
131	39	2	MAX	\N	1	2013-10-17 09:57:41	2013-10-17 09:57:41	1
141	42	2	SELECT	\N	0	2013-10-21 01:55:54	2013-10-21 01:55:54	1
145	43	2	the DELETE and UPDATE clauses	\N	0	2013-10-21 01:58:20	2013-10-21 01:58:20	1
149	44	2	Data Model Language	\N	0	2013-10-21 02:00:03	2013-10-21 02:00:03	1
153	45	2	MAX	\N	1	2013-10-21 02:01:41	2013-10-21 02:01:41	1
157	46	2	SAVE INTO Projects (ProjectName, ProjectDescription) VALUES ('Content Development', 'Website content development project')	\N	0	2013-10-21 02:04:26	2013-10-21 02:04:26	1
161	47	2	WRITE	\N	0	2013-10-21 02:05:20	2013-10-21 02:05:20	1
165	48	2	REMOVE	\N	0	2013-10-21 02:07:00	2013-10-21 02:07:00	1
169	49	2	SELECT CustomerName, COUNT(CustomerName) FROM Orders GROUP BY CustomerName	\N	1	2013-10-21 02:08:41	2013-10-21 02:08:41	1
172	50	2	Structured Query Language	\N	1	2013-10-21 02:09:21	2013-10-21 02:09:21	1
175	51	2	GET	\N	0	2013-10-21 02:09:45	2013-10-21 02:09:45	1
179	52	2	SAVE AS	\N	0	2013-10-21 02:10:16	2013-10-21 02:10:16	1
183	53	2	SELECT FirstName FROM Persons	\N	1	2013-10-21 02:10:53	2013-10-21 02:10:53	1
186	54	2	SELECT [all] FROM Persons	\N	0	2013-10-21 02:11:32	2013-10-21 02:11:32	1
190	55	2	SELECT [all] FROM Persons WHERE FirstName LIKE 'Peter'	\N	0	2013-10-21 02:12:05	2013-10-21 02:12:05	1
194	56	2	SELECT * FROM Persons WHERE FirstName LIKE 'a%'	\N	1	2013-10-21 02:25:26	2013-10-21 02:25:26	1
198	57	2	True	\N	1	2013-10-21 02:25:53	2013-10-21 02:25:53	1
200	58	2	SELECT FirstName='Peter', LastName='Jackson' FROM Persons	\N	0	2013-10-21 02:26:19	2013-10-21 02:26:19	1
203	59	2	SELECT * FROM Persons WHERE LastName>'Hansen' AND LastName	\N	0	2013-10-21 02:26:54	2013-10-21 02:26:54	1
206	60	2	SELECT DIFFERENT	\N	0	2013-10-21 02:27:26	2013-10-21 02:27:26	1
209	61	2	SORT	\N	0	2013-10-21 02:27:50	2013-10-21 02:27:50	1
213	62	2	SELECT * FROM Persons ORDER FirstName DESC	\N	0	2013-10-21 02:28:23	2013-10-21 02:28:23	1
217	63	2	INSERT VALUES ('Jimmy', 'Jackson') INTO Persons	\N	0	2013-10-21 02:28:45	2013-10-21 02:28:45	1
220	64	2	MODIFY Persons SET LastName='Nilsen' WHERE LastName='Hansen'	\N	0	2013-10-21 02:29:09	2013-10-21 02:29:09	1
224	65	2	DELETE ROW FirstName='Peter' FROM Persons	\N	0	2013-10-21 02:30:12	2013-10-21 02:30:12	1
227	66	2	SELECT COLUMNS() FROM Persons	\N	0	2013-10-21 02:30:38	2013-10-21 02:30:38	1
231	67	2	DESC	\N	0	2013-10-21 02:31:10	2013-10-21 02:31:10	1
234	68	2	Yes	\N	0	2013-10-21 02:31:32	2013-10-21 02:31:32	1
236	69	2	SELECT Username AND Password FROM Users	\N	0	2013-10-21 02:31:55	2013-10-21 02:31:55	1
239	70	2	A cursor is SQL keyword specifying a retrieved data order.	\N	0	2013-10-21 02:32:36	2013-10-21 02:32:36	1
242	71	2	A list of columns to be selected.	\N	0	2013-10-21 02:33:10	2013-10-21 02:33:10	1
245	72	2	The SQL ALTER TABLE clause is used to insert data into database table.	\N	0	2013-10-21 02:33:36	2013-10-21 02:33:36	1
249	73	2	The HAVING SQL clause condition(s) is applied to all rows in the result set before the WHERE clause is applied (if present). The WHERE clause is used only with SELECT SQL statements and specifies a search condition for an aggregate or a group.	\N	0	2013-10-21 02:34:05	2013-10-21 02:34:05	1
252	74	2	The AS clause is used with the JOIN clause only.	\N	0	2013-10-21 02:34:30	2013-10-21 02:34:30	1
255	75	2	No	\N	0	2013-10-21 02:34:49	2013-10-21 02:34:49	1
258	76	3	Defines the tables we are selecting or deleting data from	\N	0	2013-10-21 02:35:16	2013-10-21 02:35:16	1
3	1	3	SUM()	\N	0	2013-10-11 12:00:00	2013-10-11 12:00:00	1
261	77	3	delete more than one row at a time.	\N	0	2013-10-21 02:43:07	2013-10-21 02:43:07	1
6	2	3	Specify what table we are selecting or deleting data from	\N	1	2013-10-11 12:00:00	2013-10-11 12:00:00	1
265	78	3	The TRUNCATE clause is identical to the DELETE clause	\N	0	2013-10-21 02:44:14	2013-10-21 02:44:14	1
12	6	3	rails a	\N	0	2013-10-14 12:00:00	2013-10-14 12:00:00	1
268	79	3	ORDER BY clause.	\N	0	2013-10-21 02:44:54	2013-10-21 02:44:54	1
16	7	3	rake routes	\N	1	2013-10-14 12:00:00	2013-10-14 12:00:00	1
272	80	3	SELECT TOTAL(Price) FROM Sales	\N	0	2013-10-21 02:45:41	2013-10-21 02:45:41	1
20	8	3	rake db:schema:load	\N	0	2013-10-14 12:00:00	2013-10-14 12:00:00	1
276	81	3	SELECT SUM(OrderNumber) FROM Sales 	\N	0	2013-10-21 02:48:03	2013-10-21 02:48:03	1
24	9	3	{'foo' => 'bar', :foo => 'hoge'}	\N	0	2013-10-14 12:00:00	2013-10-14 12:00:00	1
28	10	3	validates :title, length: {maximum: 20}	\N	1	2013-10-14 12:00:00	2013-10-14 12:00:00	1
32	11	3	validates :age, integer: {greater_than_or_equal_to: 0}	\N	0	2013-10-14 12:00:00	2013-10-14 12:00:00	1
36	12	3	update_attributes Khi validate lỗi thì trả về ngoại lệ	\N	0	2013-10-14 12:00:00	2013-10-14 12:00:00	1
40	13	3	scope :administrators, where(:admin => true)	\N	1	2013-10-14 12:00:00	2013-10-14 12:00:00	1
44	14	3	has_many :employees, :autodestroy => :true	\N	0	2013-10-14 12:00:00	2013-10-14 12:00:00	1
48	15	3	index :users, :name	\N	0	2013-10-14 12:00:00	2013-10-14 12:00:00	1
52	16	3	match :root => 'welcome#index'	\N	0	2013-10-14 12:00:00	2013-10-14 12:00:00	1
56	17	3	member	\N	1	2013-10-14 12:00:00	2013-10-14 12:00:00	1
60	18	3	after_filter :require_admin\n	\N	0	2013-10-14 12:00:00	2013-10-14 12:00:00	1
64	19	3	redirect @book, :notice => "Book was successfully created."	\N	0	2013-10-14 12:00:00	2013-10-14 12:00:00	1
68	20	3	link_to	\N	1	2013-10-14 12:00:00	2013-10-14 12:00:00	1
72	21	3	<%= render :head  %>	\N	0	2013-10-14 12:00:00	2013-10-14 12:00:00	1
76	22	3	/users	\N	0	2013-10-14 12:00:00	2013-10-14 12:00:00	1
80	23	3	from 'no-reply@example.com'	\N	0	2013-10-14 12:00:00	2013-10-14 12:00:00	1
84	24	3	rails new ittrain	\N	1	2013-10-14 12:00:00	2013-10-14 12:00:00	1
88	25	3	ActionContrller	\N	0	2013-10-14 12:00:00	2013-10-14 12:00:00	1
92	26	3	“People”	\N	0	2013-10-14 12:00:00	2013-10-14 12:00:00	1
96	27	3	nil	\N	0	2013-10-14 12:00:00	2013-10-14 12:00:00	1
100	28	3	User.select(:login => "foo")	\N	0	2013-10-14 12:00:00	2013-10-14 12:00:00	1
104	29	3	after_update	\N	0	2013-10-14 12:00:00	2013-10-14 12:00:00	1
108	30	3	remove :users, :email	\N	0	2013-10-14 12:00:00	2013-10-14 12:00:00	1
112	31	3	login	\N	0	2013-10-14 12:00:00	2013-10-14 12:00:00	1
116	32	3	index, show, new, create, edit, update, destroy	\N	0	2013-10-14 12:00:00	2013-10-14 12:00:00	1
120	33	3	session.set(:user_id, @user.id)	\N	0	2013-10-14 12:00:00	2013-10-14 12:00:00	1
124	34	3	message_board_comment_url(@message_board, @comment)	\N	1	2013-10-14 12:00:00	2013-10-14 12:00:00	1
128	35	3	respond_from	\N	0	2013-10-14 12:00:00	2013-10-14 12:00:00	1
132	39	3	TOP	\N	0	2013-10-17 09:57:41	2013-10-17 09:57:41	1
142	42	3	UPDATE	\N	0	2013-10-21 01:55:54	2013-10-21 01:55:54	1
146	43	3	the UPDATE clause only	\N	0	2013-10-21 01:58:20	2013-10-21 01:58:20	1
150	44	3	Data Mode Lane	\N	0	2013-10-21 02:00:03	2013-10-21 02:00:03	1
154	45	3	TOP	\N	0	2013-10-21 02:01:41	2013-10-21 02:01:41	1
158	46	3	INSERT Projects VALUES ('Content Development', 'Website content development project')	\N	0	2013-10-21 02:04:26	2013-10-21 02:04:26	1
162	47	3	SELECT	\N	0	2013-10-21 02:05:20	2013-10-21 02:05:20	1
166	48	3	DROP DATA	\N	0	2013-10-21 02:07:00	2013-10-21 02:07:00	1
170	49	3	SELECT CustomerName, COUNT(CustomerName) FROM Orders ORDER BY CustomerName	\N	0	2013-10-21 02:08:41	2013-10-21 02:08:41	1
173	50	3	Structured Question Language	\N	0	2013-10-21 02:09:21	2013-10-21 02:09:21	1
176	51	3	OPEN	\N	0	2013-10-21 02:09:45	2013-10-21 02:09:45	1
180	52	3	MODIFY	\N	0	2013-10-21 02:10:16	2013-10-21 02:10:16	1
184	53	3	EXTRACT FirstName FROM Persons	\N	0	2013-10-21 02:10:53	2013-10-21 02:10:53	1
187	54	3	SELECT * FROM Persons	\N	1	2013-10-21 02:11:32	2013-10-21 02:11:32	1
191	55	3	SELECT * FROM Persons WHERE FirstName='Peter'	\N	1	2013-10-21 02:12:05	2013-10-21 02:12:05	1
195	56	3	SELECT * FROM Persons WHERE FirstName LIKE '%a'	\N	0	2013-10-21 02:25:26	2013-10-21 02:25:26	1
201	58	3	SELECT * FROM Persons WHERE FirstName'Peter' AND LastName'Jackson'	\N	0	2013-10-21 02:26:19	2013-10-21 02:26:19	1
204	59	3	SELECT LastName>'Hansen' AND LastName	\N	0	2013-10-21 02:26:54	2013-10-21 02:26:54	1
207	60	3	SELECT UNIQUE	\N	0	2013-10-21 02:27:26	2013-10-21 02:27:26	1
210	61	3	ORDER	\N	0	2013-10-21 02:27:50	2013-10-21 02:27:50	1
214	62	3	SELECT * FROM Persons SORT 'FirstName' DESC	\N	0	2013-10-21 02:28:23	2013-10-21 02:28:23	1
218	63	3	INSERT ('Jimmy', 'Jackson') INTO Persons	\N	0	2013-10-21 02:28:45	2013-10-21 02:28:45	1
221	64	3	MODIFY Persons SET LastName='Hansen' INTO LastName='Nilsen	\N	0	2013-10-21 02:29:09	2013-10-21 02:29:09	1
225	65	3	DELETE FirstName='Peter' FROM Persons	\N	0	2013-10-21 02:30:12	2013-10-21 02:30:12	1
228	66	3	SELECT COLUMNS(*) FROM Persons	\N	0	2013-10-21 02:30:38	2013-10-21 02:30:38	1
232	67	3	There is no default value.	\N	0	2013-10-21 02:31:10	2013-10-21 02:31:10	1
237	69	3	SELECT Username, Password WHERE Username = 'user1'	\N	0	2013-10-21 02:31:55	2013-10-21 02:31:55	1
240	70	3	A blinking vertical line that indicates the location of the next input on the display screen.	\N	0	2013-10-21 02:32:36	2013-10-21 02:32:36	1
243	71	3	The name of the table we are selecting from.	\N	0	2013-10-21 02:33:10	2013-10-21 02:33:10	1
246	72	3	THE SQL ALTER TABLE deletes data from database table.	\N	0	2013-10-21 02:33:36	2013-10-21 02:33:36	1
250	73	3	The WHERE SQL clause condition(s) is applied to all rows in the result set before the HAVING clause is applied (if present). The HAVING clause is used only with SELECT SQL statements and specifies a search condition for an aggregate or a group.	\N	1	2013-10-21 02:34:05	2013-10-21 02:34:05	1
253	74	3	The AS clause defines a search condition.	\N	0	2013-10-21 02:34:30	2013-10-21 02:34:30	1
262	77	4	delete only one row at a time..	\N	0	2013-10-21 02:43:07	2013-10-21 02:43:07	1
13	6	4	rails s	\N	1	2013-10-14 12:00:00	2013-10-14 12:00:00	1
269	79	4	JOIN clause.	\N	0	2013-10-21 02:44:54	2013-10-21 02:44:54	1
17	7	4	rake routing	\N	0	2013-10-14 12:00:00	2013-10-14 12:00:00	1
273	80	4	SELECT SUM(Price) WHERE Sales	\N	0	2013-10-21 02:45:41	2013-10-21 02:45:41	1
21	8	4	rake db:create	\N	1	2013-10-14 12:00:00	2013-10-14 12:00:00	1
25	9	4	{:foo => 'hoge'}	\N	1	2013-10-14 12:00:00	2013-10-14 12:00:00	1
29	10	4	validates :title, length: true, maximum: 20\n	\N	0	2013-10-14 12:00:00	2013-10-14 12:00:00	1
33	11	4	validates :age, only_integer: {greater_than_or_equal_to: 0}	\N	0	2013-10-14 12:00:00	2013-10-14 12:00:00	1
37	12	4	update_attributes Dù validate lỗi thì vẫn cập nhật record	\N	0	2013-10-14 12:00:00	2013-10-14 12:00:00	1
41	13	4	scope :administrators, :admin => true	\N	0	2013-10-14 12:00:00	2013-10-14 12:00:00	1
45	14	4	has_many :employees, :autonullify => true	\N	0	2013-10-14 12:00:00	2013-10-14 12:00:00	1
49	15	4	add_index :users, :name	\N	1	2013-10-14 12:00:00	2013-10-14 12:00:00	1
53	16	4	get :root => 'welcome#index'	\N	0	2013-10-14 12:00:00	2013-10-14 12:00:00	1
57	17	4	match	\N	0	2013-10-14 12:00:00	2013-10-14 12:00:00	1
61	18	4	after :require_admin	\N	0	2013-10-14 12:00:00	2013-10-14 12:00:00	1
65	19	4	redirect @book, :message => "Book was successfully created."	\N	0	2013-10-14 12:00:00	2013-10-14 12:00:00	1
69	20	4	link	\N	0	2013-10-14 12:00:00	2013-10-14 12:00:00	1
73	21	4	<%= render :partial => 'head' %>	\N	0	2013-10-14 12:00:00	2013-10-14 12:00:00	1
77	22	4	/users/1	\N	1	2013-10-14 12:00:00	2013-10-14 12:00:00	1
81	23	4	send_from 'no-reply@example.com'	\N	0	2013-10-14 12:00:00	2013-10-14 12:00:00	1
85	24	4	rails ittrain	\N	0	2013-10-14 12:00:00	2013-10-14 12:00:00	1
89	25	4	ActionWebService	\N	1	2013-10-14 12:00:00	2013-10-14 12:00:00	1
93	26	4	“Person”	\N	0	2013-10-14 12:00:00	2013-10-14 12:00:00	1
97	27	4	Trả về ngoại lệ	\N	0	2013-10-14 12:00:00	2013-10-14 12:00:00	1
101	28	4	User.select(:login , "foo")	\N	0	2013-10-14 12:00:00	2013-10-14 12:00:00	1
105	29	4	after_destroy	\N	0	2013-10-14 12:00:00	2013-10-14 12:00:00	1
109	30	4	delete :users, :email	\N	0	2013-10-14 12:00:00	2013-10-14 12:00:00	1
113	31	4	id	\N	0	2013-10-14 12:00:00	2013-10-14 12:00:00	1
117	32	4	index, show, entry, create, edit, update, delete	\N	0	2013-10-14 12:00:00	2013-10-14 12:00:00	1
121	33	4	set_session(:user_id, @user_id)	\N	0	2013-10-14 12:00:00	2013-10-14 12:00:00	1
125	34	4	message_board_comments_url(@message_board)	\N	0	2013-10-14 12:00:00	2013-10-14 12:00:00	1
129	35	4	respond_to	\N	1	2013-10-14 12:00:00	2013-10-14 12:00:00	1
133	39	4	UPPER	\N	0	2013-10-17 09:57:41	2013-10-17 09:57:41	1
143	42	4	INVERT	\N	1	2013-10-21 01:55:54	2013-10-21 01:55:54	1
147	43	4	none of the other three	\N	0	2013-10-21 01:58:20	2013-10-21 01:58:20	1
151	44	4	Data Manipulation language	\N	1	2013-10-21 02:00:03	2013-10-21 02:00:03	1
155	45	4	UPPER	\N	0	2013-10-21 02:01:41	2013-10-21 02:01:41	1
159	46	4	INSERT Projects ('Content Development', 'Website content development project')	\N	0	2013-10-21 02:04:26	2013-10-21 02:04:26	1
163	47	4	ENTER	\N	0	2013-10-21 02:05:20	2013-10-21 02:05:20	1
167	48	4	CLEAR	\N	0	2013-10-21 02:07:00	2013-10-21 02:07:00	1
177	51	4	EXTRACT	\N	0	2013-10-21 02:09:45	2013-10-21 02:09:45	1
181	52	4	UPDATE	\N	1	2013-10-21 02:10:16	2013-10-21 02:10:16	1
188	54	4	SELECT Persons	\N	0	2013-10-21 02:11:32	2013-10-21 02:11:32	1
192	55	4	SELECT [all] FROM Persons WHERE FirstName='Peter'	\N	0	2013-10-21 02:12:05	2013-10-21 02:12:05	1
196	56	4	SELECT * FROM Persons WHERE FirstName='%a%'	\N	0	2013-10-21 02:25:26	2013-10-21 02:25:26	1
211	61	4	SORT BY	\N	0	2013-10-21 02:27:50	2013-10-21 02:27:50	1
215	62	4	SELECT * FROM Persons ORDER BY FirstName DESC	\N	1	2013-10-21 02:28:23	2013-10-21 02:28:23	1
222	64	4	UPDATE Persons SET LastName='Nilsen' WHERE LastName='Hansen'	\N	1	2013-10-21 02:29:09	2013-10-21 02:29:09	1
229	66	4	SELECT COUNT(*) FROM Persons	\N	1	2013-10-21 02:30:38	2013-10-21 02:30:38	1
247	72	4	The SQL ALTER TABLE clause is used to delete a database table.	\N	0	2013-10-21 02:33:36	2013-10-21 02:33:36	1
\.


--
-- TOC entry 2084 (class 0 OID 0)
-- Dependencies: 161
-- Name: training_answer_answer_id_seq; Type: SEQUENCE SET; Schema: public; Owner: postgres
--

SELECT pg_catalog.setval('training_answer_answer_id_seq', 296, true);


--
-- TOC entry 2033 (class 0 OID 16542)
-- Dependencies: 164 2061
-- Data for Name: training_answer_sheet; Type: TABLE DATA; Schema: public; Owner: postgres
--

COPY training_answer_sheet (answer_sheet_id, user_id, exam_question_id, examination_id, subject_id, no, exam_result, exam_time, started_at, created_at, updated_at, active_flag) FROM stdin;
80	8	4	77	3	1	0	\N	2013-11-01 01:48:10	2013-11-01 01:48:01	2013-11-01 01:48:10	1
1	2	1	1	1	1	8	48	2013-10-21 06:27:36	2013-10-21 06:27:32	2013-10-21 06:28:24	1
78	20	4	75	3	1	0	2965	2013-10-31 08:32:59	2013-10-31 08:32:43	2013-10-31 09:22:24	1
74	18	1	71	1	1	24	4996	2013-10-31 08:07:44	2013-10-31 08:07:37	2013-10-31 09:31:00	1
76	18	4	73	3	1	0	3628	2013-10-31 08:30:39	2013-10-31 08:30:31	2013-10-31 09:31:07	1
77	19	4	74	3	1	0	3611	2013-10-31 08:32:41	2013-10-31 08:32:38	2013-10-31 09:32:52	1
75	19	1	72	1	1	25	7158	2013-10-31 08:07:56	2013-10-31 08:07:52	2013-10-31 10:07:14	1
73	20	1	70	1	1	17	8947	2013-10-31 08:07:39	2013-10-31 08:07:34	2013-10-31 10:36:46	1
79	8	4	76	3	1	0	\N	2013-11-01 01:45:56	2013-11-01 01:45:53	2013-11-01 01:45:56	1
17	9	2	14	2	1	21	1231	2013-10-23 09:03:08	2013-10-23 09:03:02	2013-10-23 09:23:39	1
45	9	4	44	3	1	0	\N	2013-10-28 10:07:02	2013-10-28 10:06:59	2013-10-28 10:07:02	1
3	2	1	2	1	1	0	7	2013-10-21 06:47:21	2013-10-21 06:47:18	2013-10-21 06:47:28	1
18	8	2	15	2	1	25	1219	2013-10-23 09:03:27	2013-10-23 09:03:03	2013-10-23 09:23:46	1
24	13	1	21	1	1	\N	\N	\N	2013-10-23 09:24:15	2013-10-23 09:24:15	1
33	15	2	31	2	1	29	1209	2013-10-24 02:05:45	2013-10-24 02:05:40	2013-10-24 02:25:54	1
19	11	2	16	2	1	16	1207	2013-10-23 09:04:24	2013-10-23 09:04:18	2013-10-23 09:24:31	1
34	5	1	32	1	1	\N	\N	\N	2013-10-28 07:50:57	2013-10-28 07:50:57	1
22	10	2	19	2	1	21	1059	2013-10-23 09:08:31	2013-10-23 09:08:18	2013-10-23 09:26:10	1
36	9	1	34	1	1	21	3978	2013-10-28 09:44:11	2013-10-28 09:43:54	2013-10-28 10:50:29	1
5	3	1	3	1	1	17	1767	2013-10-21 07:01:40	2013-10-21 07:00:58	2013-10-21 07:31:07	1
20	12	2	17	2	1	25	1220	2013-10-23 09:06:30	2013-10-23 09:06:20	2013-10-23 09:26:50	1
52	15	1	52	1	1	18	1616	2013-10-29 01:47:42	2013-10-29 01:47:38	2013-10-29 02:14:38	1
9	5	1	5	1	1	22	5700	2013-10-21 07:06:06	2013-10-21 07:05:59	2013-10-21 08:41:06	1
35	16	1	33	1	1	16	533	2013-10-28 07:51:34	2013-10-28 07:51:32	2013-10-28 08:00:27	1
7	4	1	4	1	1	18	5931	2013-10-21 07:06:01	2013-10-21 07:05:55	2013-10-21 08:44:52	1
27	10	2	24	2	1	29	153	2013-10-23 09:39:43	2013-10-23 09:39:36	2013-10-23 09:42:16	1
11	6	2	6	2	1	16	1720	2013-10-22 06:17:33	2013-10-22 06:17:23	2013-10-22 06:46:13	1
26	11	2	23	2	1	26	830	2013-10-23 09:30:06	2013-10-23 09:30:01	2013-10-23 09:43:56	1
12	5	2	8	2	1	1	13	2013-10-23 04:24:05	2013-10-23 04:24:01	2013-10-23 04:24:18	1
13	5	2	9	2	1	0	\N	2013-10-23 04:25:09	2013-10-23 04:25:06	2013-10-23 04:25:09	1
14	7	1	10	1	1	0	22	2013-10-23 08:08:02	2013-10-23 08:07:57	2013-10-23 08:08:24	1
15	7	4	11	3	1	\N	\N	\N	2013-10-23 08:10:31	2013-10-23 08:10:31	1
25	13	2	22	2	1	18	1170	2013-10-23 09:24:32	2013-10-23 09:24:23	2013-10-23 09:44:02	1
16	7	2	12	2	1	0	1579	2013-10-23 08:10:41	2013-10-23 08:10:38	2013-10-23 08:37:00	1
42	10	4	41	3	1	0	3606	2013-10-28 10:00:40	2013-10-28 10:00:37	2013-10-28 11:00:46	1
46	11	4	45	3	1	0	\N	2013-10-28 10:09:01	2013-10-28 10:08:57	2013-10-28 10:09:01	1
21	4	2	18	2	1	29	463	2013-10-23 09:07:05	2013-10-23 09:07:01	2013-10-23 09:14:48	1
23	5	2	20	2	1	29	577	2013-10-23 09:10:18	2013-10-23 09:10:11	2013-10-23 09:19:55	1
65	3	4	62	3	1	0	4262	2013-10-29 07:07:37	2013-10-29 07:07:34	2013-10-29 08:18:39	1
47	8	4	46	3	1	0	4974	2013-10-28 10:13:16	2013-10-28 10:13:11	2013-10-28 11:36:10	1
29	13	2	26	2	1	28	230	2013-10-23 09:51:22	2013-10-23 09:51:15	2013-10-23 09:55:12	1
30	12	2	27	2	1	30	181	2013-10-23 09:57:11	2013-10-23 09:57:08	2013-10-23 10:00:12	1
28	9	2	25	2	1	28	1209	2013-10-23 09:44:51	2013-10-23 09:44:47	2013-10-23 10:05:00	1
31	14	2	28	2	1	0	\N	2013-10-23 10:50:50	2013-10-23 10:50:45	2013-10-23 10:50:50	1
51	13	4	51	3	1	0	2430	2013-10-29 01:42:48	2013-10-29 01:42:45	2013-10-29 02:23:18	1
49	12	4	49	3	1	0	\N	2013-10-29 01:28:09	2013-10-29 01:28:06	2013-10-29 01:28:09	1
32	15	2	29	2	1	17	1082	2013-10-24 01:39:23	2013-10-24 01:38:51	2013-10-24 01:57:25	1
59	13	4	57	3	1	0	\N	2013-10-29 06:13:24	2013-10-29 06:13:21	2013-10-29 06:13:24	1
50	12	4	50	3	1	0	\N	2013-10-29 01:28:45	2013-10-29 01:28:42	2013-10-29 01:28:45	1
44	13	4	43	3	1	0	\N	2013-10-28 10:05:44	2013-10-28 10:05:36	2013-10-28 10:05:44	1
43	12	4	42	3	1	0	55649	2013-10-28 10:06:38	2013-10-28 10:05:30	2013-10-29 01:34:07	1
48	10	4	47	3	1	1	55403	2013-10-28 11:03:47	2013-10-28 11:03:45	2013-10-29 02:27:10	1
41	11	1	40	1	1	15	3453	2013-10-28 09:44:42	2013-10-28 09:44:38	2013-10-28 10:42:15	1
40	12	1	38	1	1	24	3619	2013-10-28 09:44:41	2013-10-28 09:44:18	2013-10-28 10:45:00	1
39	13	1	37	1	1	15	3721	2013-10-28 09:44:13	2013-10-28 09:44:04	2013-10-28 10:46:14	1
38	10	1	36	1	1	21	3844	2013-10-28 09:44:05	2013-10-28 09:44:01	2013-10-28 10:48:09	1
37	8	1	35	1	1	19	3868	2013-10-28 09:44:38	2013-10-28 09:43:55	2013-10-28 10:49:06	1
54	11	4	54	3	1	0	6	2013-10-29 02:44:28	2013-10-29 02:44:24	2013-10-29 02:44:34	1
53	15	4	53	3	1	0	4351	2013-10-29 02:17:35	2013-10-29 02:17:27	2013-10-29 03:30:06	1
62	3	4	59	3	1	0	\N	2013-10-29 07:06:49	2013-10-29 07:06:44	2013-10-29 07:06:49	1
63	3	4	60	3	1	0	\N	2013-10-29 07:07:04	2013-10-29 07:07:01	2013-10-29 07:07:04	1
64	3	4	61	3	1	0	\N	2013-10-29 07:07:18	2013-10-29 07:07:14	2013-10-29 07:07:18	1
57	4	1	56	1	1	23	3511	2013-10-29 06:09:28	2013-10-29 06:09:22	2013-10-29 07:07:59	1
55	17	1	55	1	1	19	3748	2013-10-29 06:09:06	2013-10-29 06:09:01	2013-10-29 07:11:34	1
60	3	1	58	1	1	19	2776	2013-10-29 06:29:22	2013-10-29 06:29:14	2013-10-29 07:15:38	1
82	11	4	79	3	1	0	\N	2013-11-01 01:49:40	2013-11-01 01:49:36	2013-11-01 01:49:40	1
66	18	2	63	2	1	27	836	2013-10-30 03:13:30	2013-10-30 03:13:20	2013-10-30 03:27:26	1
83	11	4	80	3	1	0	\N	2013-11-01 01:49:47	2013-11-01 01:49:45	2013-11-01 01:49:47	1
67	19	2	64	2	1	27	1114	2013-10-30 03:13:58	2013-10-30 03:13:53	2013-10-30 03:32:32	1
84	11	4	81	3	1	0	\N	2013-11-01 01:49:56	2013-11-01 01:49:53	2013-11-01 01:49:56	1
68	20	2	65	2	1	28	1163	2013-10-30 03:14:17	2013-10-30 03:14:00	2013-10-30 03:33:40	1
85	11	4	82	3	1	0	\N	2013-11-01 01:50:09	2013-11-01 01:50:03	2013-11-01 01:50:09	1
81	8	4	78	3	1	0	4288	2013-11-01 01:48:31	2013-11-01 01:48:27	2013-11-01 02:59:59	1
86	8	1	83	1	1	20	2620	2013-11-01 08:38:47	2013-11-01 08:38:43	2013-11-01 09:22:27	1
69	9	1	66	1	1	25	2166	2013-10-31 06:05:39	2013-10-31 06:02:24	2013-10-31 06:41:45	1
70	13	1	67	1	1	25	1976	2013-10-31 06:10:08	2013-10-31 06:10:04	2013-10-31 06:43:04	1
72	13	4	69	3	1	0	3381	2013-10-31 06:25:22	2013-10-31 06:25:19	2013-10-31 07:21:43	1
71	9	4	68	3	1	0	3640	2013-10-31 06:22:41	2013-10-31 06:22:38	2013-10-31 07:23:21	1
2	2	4	1	3	2	0	\N	2013-10-21 06:28:35	2013-10-21 06:27:33	2013-10-21 06:28:35	1
56	17	4	55	3	2	0	1869	2013-10-29 06:29:27	2013-10-29 06:09:02	2013-10-29 07:00:36	1
10	5	4	5	3	2	0	3934	2013-10-21 07:30:08	2013-10-21 07:05:59	2013-10-21 08:35:42	1
8	4	4	4	3	2	0	3178	2013-10-21 07:44:10	2013-10-21 07:05:55	2013-10-21 08:37:08	1
58	4	4	56	3	2	0	1816	2013-10-29 06:32:08	2013-10-29 06:09:23	2013-10-29 07:02:24	1
4	2	4	2	3	2	0	47	2013-10-21 06:47:32	2013-10-21 06:47:18	2013-10-21 06:48:19	1
6	3	4	3	3	2	0	\N	2013-10-21 07:31:35	2013-10-21 07:00:58	2013-10-21 07:31:35	1
61	3	4	58	3	2	0	\N	2013-10-29 07:06:32	2013-10-29 06:29:14	2013-10-29 07:06:32	1
105	29	1	103	1	1	17	1519	2014-08-04 08:47:51.730016	2014-08-04 08:47:46.622171	2014-08-04 09:13:10.602674	1
106	29	4	103	3	2	0	3706	2014-08-04 09:13:36.880639	2014-08-04 08:47:47.266363	2014-08-04 10:15:22.911452	1
91	22	4	88	3	1	\N	\N	\N	2014-07-07 02:27:19.562632	2014-07-07 02:27:19.562632	1
92	22	2	89	2	1	0	\N	2014-07-07 03:01:10.92056	2014-07-07 03:01:06.331424	2014-07-07 03:01:10.922547	1
107	30	2	104	2	1	20	1204	2014-08-13 01:44:46.792763	2014-08-13 01:44:38.041308	2014-08-13 02:04:50.421341	1
88	24	4	85	3	1	0	3604	2014-07-07 02:23:25.658821	2014-07-07 02:23:18.719327	2014-07-07 03:23:29.535876	1
87	23	4	84	3	1	0	3637	2014-07-07 02:23:24.296403	2014-07-07 02:23:14.842446	2014-07-07 03:24:01.447514	1
89	22	4	86	3	1	0	3676	2014-07-07 02:23:31.285314	2014-07-07 02:23:23.712248	2014-07-07 03:24:47.603564	1
90	25	4	87	3	1	0	3621	2014-07-07 02:25:37.707958	2014-07-07 02:25:35.043488	2014-07-07 03:25:58.801359	1
93	24	2	90	2	1	0	\N	2014-07-07 03:42:37.692159	2014-07-07 03:42:22.53935	2014-07-07 03:42:37.693156	1
108	30	2	105	2	1	27	1205	2014-08-13 02:29:59.494196	2014-08-13 02:29:52.236242	2014-08-13 02:50:04.773003	1
94	23	2	91	2	1	19	1204	2014-07-07 03:49:48.163077	2014-07-07 03:49:36.618764	2014-07-07 04:09:52.547095	1
96	23	2	93	2	1	\N	\N	\N	2014-07-07 04:16:45.537175	2014-07-07 04:16:45.537175	1
95	25	2	92	2	1	16	7430	2014-07-07 04:01:34.083531	2014-07-07 04:01:26.84546	2014-07-07 06:05:24.464535	1
97	26	4	94	3	1	0	3605	2014-07-07 05:28:41.058751	2014-07-07 05:28:37.335996	2014-07-07 06:28:46.166667	1
99	27	4	96	3	1	0	2785	2014-07-18 02:19:15.307396	2014-07-18 02:18:36.664028	2014-07-18 03:05:40.412535	1
98	27	1	95	1	1	19	1504	2014-07-18 01:52:58.403522	2014-07-18 01:52:47.613954	2014-07-18 02:18:02.932956	1
100	27	4	97	3	1	0	10	2014-07-18 08:38:46.456819	2014-07-18 08:38:35.951805	2014-07-18 08:38:56.509651	1
101	28	1	99	1	1	\N	\N	\N	2014-07-21 10:10:18.421918	2014-07-21 10:10:18.421918	1
102	28	1	100	1	1	0	47	2014-07-21 10:10:59.20318	2014-07-21 10:10:55.049506	2014-07-21 10:11:46.11309	1
103	29	2	101	2	1	20	1206	2014-07-30 01:43:08.115388	2014-07-30 01:43:01.331154	2014-07-30 02:03:14.934478	1
104	29	2	102	2	1	27	1207	2014-07-30 03:28:14.250274	2014-07-30 03:28:10.118041	2014-07-30 03:48:21.903278	1
\.


--
-- TOC entry 2085 (class 0 OID 0)
-- Dependencies: 163
-- Name: training_answer_sheet_answer_sheet_id_seq; Type: SEQUENCE SET; Schema: public; Owner: postgres
--

SELECT pg_catalog.setval('training_answer_sheet_answer_sheet_id_seq', 108, true);


--
-- TOC entry 2035 (class 0 OID 16550)
-- Dependencies: 166 2061
-- Data for Name: training_answer_sheet_detail; Type: TABLE DATA; Schema: public; Owner: postgres
--

COPY training_answer_sheet_detail (answer_sheet_detail_id, answer_sheet_id, question_id, answer_id, no, answer_content, answer_file, answer_correct, created_at, updated_at, active_flag) FROM stdin;
1	1	77	259	1	\N	\N	0	2013-10-21 06:27:32	2013-10-21 06:28:24	1
2	1	51	174	2	\N	\N	0	2013-10-21 06:27:32	2013-10-21 06:28:24	1
3	1	43	144	3	\N	\N	0	2013-10-21 06:27:32	2013-10-21 06:28:24	1
4	1	63	216	4	\N	\N	0	2013-10-21 06:27:32	2013-10-21 06:28:24	1
5	1	57	197	5	\N	\N	0	2013-10-21 06:27:32	2013-10-21 06:28:24	1
6	1	49	168	6	\N	\N	0	2013-10-21 06:27:32	2013-10-21 06:28:24	1
7	1	72	244	7	\N	\N	0	2013-10-21 06:27:33	2013-10-21 06:28:24	1
8	1	44	148	8	\N	\N	0	2013-10-21 06:27:33	2013-10-21 06:28:24	1
9	1	74	251	9	\N	\N	0	2013-10-21 06:27:33	2013-10-21 06:28:24	1
10	1	76	256	10	\N	\N	0	2013-10-21 06:27:33	2013-10-21 06:28:24	1
11	1	58	199	11	\N	\N	0	2013-10-21 06:27:33	2013-10-21 06:28:24	1
12	1	71	241	12	\N	\N	0	2013-10-21 06:27:33	2013-10-21 06:28:24	1
13	1	53	182	13	\N	\N	0	2013-10-21 06:27:33	2013-10-21 06:28:24	1
14	1	68	233	14	\N	\N	0	2013-10-21 06:27:33	2013-10-21 06:28:24	1
15	1	70	\N	15	\N	\N	0	2013-10-21 06:27:33	2013-10-21 06:27:33	1
16	1	1	\N	16	\N	\N	0	2013-10-21 06:27:33	2013-10-21 06:27:33	1
17	1	80	\N	17	\N	\N	0	2013-10-21 06:27:33	2013-10-21 06:27:33	1
18	1	55	\N	18	\N	\N	0	2013-10-21 06:27:33	2013-10-21 06:27:33	1
19	1	65	\N	19	\N	\N	0	2013-10-21 06:27:33	2013-10-21 06:27:33	1
20	1	61	\N	20	\N	\N	0	2013-10-21 06:27:33	2013-10-21 06:27:33	1
21	1	95	\N	21	aaa	\N	0	2013-10-21 06:27:33	2013-10-21 06:28:24	1
22	1	4	\N	22	bbb	\N	0	2013-10-21 06:27:33	2013-10-21 06:28:24	1
23	1	93	\N	23	ccc	\N	0	2013-10-21 06:27:33	2013-10-21 06:28:24	1
24	1	89	\N	24	ddd	\N	0	2013-10-21 06:27:33	2013-10-21 06:28:24	1
25	1	92	\N	25	eee	\N	0	2013-10-21 06:27:33	2013-10-21 06:28:24	1
26	3	62	212	1	\N	\N	0	2013-10-21 06:47:18	2013-10-21 06:47:28	1
27	3	57	197	2	\N	\N	0	2013-10-21 06:47:18	2013-10-21 06:47:28	1
28	3	71	\N	3	\N	\N	0	2013-10-21 06:47:18	2013-10-21 06:47:18	1
29	3	70	\N	4	\N	\N	0	2013-10-21 06:47:18	2013-10-21 06:47:18	1
30	3	63	\N	5	\N	\N	0	2013-10-21 06:47:18	2013-10-21 06:47:18	1
31	3	54	\N	6	\N	\N	0	2013-10-21 06:47:18	2013-10-21 06:47:18	1
32	3	81	\N	7	\N	\N	0	2013-10-21 06:47:18	2013-10-21 06:47:18	1
33	3	46	\N	8	\N	\N	0	2013-10-21 06:47:18	2013-10-21 06:47:18	1
34	3	60	\N	9	\N	\N	0	2013-10-21 06:47:18	2013-10-21 06:47:18	1
35	3	77	\N	10	\N	\N	0	2013-10-21 06:47:18	2013-10-21 06:47:18	1
36	3	52	\N	11	\N	\N	0	2013-10-21 06:47:18	2013-10-21 06:47:18	1
37	3	67	\N	12	\N	\N	0	2013-10-21 06:47:18	2013-10-21 06:47:18	1
38	3	65	\N	13	\N	\N	0	2013-10-21 06:47:18	2013-10-21 06:47:18	1
39	3	79	\N	14	\N	\N	0	2013-10-21 06:47:18	2013-10-21 06:47:18	1
40	3	48	\N	15	\N	\N	0	2013-10-21 06:47:18	2013-10-21 06:47:18	1
41	3	69	\N	16	\N	\N	0	2013-10-21 06:47:18	2013-10-21 06:47:18	1
42	3	55	\N	17	\N	\N	0	2013-10-21 06:47:18	2013-10-21 06:47:18	1
43	3	44	\N	18	\N	\N	0	2013-10-21 06:47:18	2013-10-21 06:47:18	1
44	3	47	\N	19	\N	\N	0	2013-10-21 06:47:18	2013-10-21 06:47:18	1
45	3	58	\N	20	\N	\N	0	2013-10-21 06:47:18	2013-10-21 06:47:18	1
46	3	100	\N	21		\N	0	2013-10-21 06:47:18	2013-10-21 06:47:28	1
47	3	82	\N	22		\N	0	2013-10-21 06:47:18	2013-10-21 06:47:28	1
48	3	93	\N	23		\N	0	2013-10-21 06:47:18	2013-10-21 06:47:28	1
49	3	83	\N	24		\N	0	2013-10-21 06:47:18	2013-10-21 06:47:28	1
50	3	85	\N	25		\N	0	2013-10-21 06:47:18	2013-10-21 06:47:28	1
51	4	41	\N	1	aaa	\N	0	2013-10-21 06:47:18	2013-10-21 06:47:37	1
52	5	49	169	1	\N	\N	0	2013-10-21 07:00:58	2013-10-21 07:31:07	1
53	5	73	249	2	\N	\N	0	2013-10-21 07:00:58	2013-10-21 07:31:07	1
54	5	80	271	3	\N	\N	0	2013-10-21 07:00:58	2013-10-21 07:31:07	1
55	5	46	156	4	\N	\N	0	2013-10-21 07:00:58	2013-10-21 07:31:07	1
56	5	1	1	5	\N	\N	0	2013-10-21 07:00:58	2013-10-21 07:31:07	1
57	5	51	174	6	\N	\N	0	2013-10-21 07:00:58	2013-10-21 07:31:07	1
58	5	47	160	7	\N	\N	0	2013-10-21 07:00:58	2013-10-21 07:31:07	1
59	5	58	201	8	\N	\N	0	2013-10-21 07:00:58	2013-10-21 07:31:07	1
60	5	55	191	9	\N	\N	0	2013-10-21 07:00:58	2013-10-21 07:31:07	1
61	5	2	6	10	\N	\N	0	2013-10-21 07:00:58	2013-10-21 07:31:07	1
62	5	81	275	11	\N	\N	0	2013-10-21 07:00:58	2013-10-21 07:31:07	1
63	5	72	244	12	\N	\N	0	2013-10-21 07:00:58	2013-10-21 07:31:07	1
64	5	65	223	13	\N	\N	0	2013-10-21 07:00:58	2013-10-21 07:31:07	1
65	5	63	216	14	\N	\N	0	2013-10-21 07:00:58	2013-10-21 07:31:07	1
66	5	56	194	15	\N	\N	0	2013-10-21 07:00:58	2013-10-21 07:31:07	1
67	5	78	263	16	\N	\N	0	2013-10-21 07:00:58	2013-10-21 07:31:07	1
68	5	71	241	17	\N	\N	0	2013-10-21 07:00:58	2013-10-21 07:31:07	1
69	5	61	209	18	\N	\N	0	2013-10-21 07:00:58	2013-10-21 07:31:07	1
70	5	69	235	19	\N	\N	0	2013-10-21 07:00:58	2013-10-21 07:31:07	1
71	5	43	144	20	\N	\N	0	2013-10-21 07:00:58	2013-10-21 07:31:07	1
72	5	4	\N	21		\N	0	2013-10-21 07:00:58	2013-10-21 07:31:07	1
73	5	3	\N	22		\N	0	2013-10-21 07:00:58	2013-10-21 07:31:07	1
74	5	92	\N	23		\N	0	2013-10-21 07:00:58	2013-10-21 07:31:07	1
75	5	98	\N	24		\N	0	2013-10-21 07:00:58	2013-10-21 07:31:07	1
76	5	85	\N	25		\N	0	2013-10-21 07:00:58	2013-10-21 07:31:07	1
77	6	41	\N	1	\N	\N	0	2013-10-21 07:00:58	2013-10-21 07:00:58	1
78	7	72	244	1	\N	\N	0	2013-10-21 07:05:55	2013-10-21 07:43:51	1
79	7	79	267	2	\N	\N	0	2013-10-21 07:05:55	2013-10-21 07:43:51	1
80	7	81	276	3	\N	\N	0	2013-10-21 07:05:55	2013-10-21 07:43:51	1
81	7	44	151	4	\N	\N	0	2013-10-21 07:05:55	2013-10-21 07:43:51	1
82	7	50	172	5	\N	\N	0	2013-10-21 07:05:55	2013-10-21 07:43:51	1
83	7	48	164	6	\N	\N	0	2013-10-21 07:05:55	2013-10-21 07:43:51	1
84	7	51	177	7	\N	\N	0	2013-10-21 07:05:55	2013-10-21 07:43:51	1
85	7	54	187	8	\N	\N	0	2013-10-21 07:05:55	2013-10-21 07:43:51	1
86	7	59	202	9	\N	\N	0	2013-10-21 07:05:55	2013-10-21 07:43:51	1
87	7	73	250	10	\N	\N	0	2013-10-21 07:05:55	2013-10-21 07:43:51	1
88	7	70	238	11	\N	\N	0	2013-10-21 07:05:55	2013-10-21 07:43:51	1
89	7	77	260	12	\N	\N	0	2013-10-21 07:05:55	2013-10-21 07:43:51	1
90	7	56	194	13	\N	\N	0	2013-10-21 07:05:55	2013-10-21 07:43:51	1
91	7	76	258	14	\N	\N	0	2013-10-21 07:05:55	2013-10-21 07:43:51	1
92	7	55	191	15	\N	\N	0	2013-10-21 07:05:55	2013-10-21 07:43:51	1
93	7	67	230	16	\N	\N	0	2013-10-21 07:05:55	2013-10-21 07:43:51	1
94	7	57	198	17	\N	\N	0	2013-10-21 07:05:55	2013-10-21 07:43:51	1
95	7	49	168	18	\N	\N	0	2013-10-21 07:05:55	2013-10-21 07:43:51	1
96	7	75	254	19	\N	\N	0	2013-10-21 07:05:55	2013-10-21 07:43:51	1
97	7	80	271	20	\N	\N	0	2013-10-21 07:05:55	2013-10-21 07:43:51	1
98	7	87	\N	21	xóa những data bị sai trước, rồi xóa phần còn lại . Hoặc là sử dụng foreign_key để delete các dữ liệu liên quan đến record bị xóa.	\N	0	2013-10-21 07:05:55	2013-10-21 07:43:51	1
99	7	96	\N	22	match data tương tự 1 biểu thức cho trước. ví dụ "xy+z" sẽ match với "xyyyz" hoặc là "xyabcz" chứ ko match với "xz"	\N	1	2013-10-21 07:05:55	2013-10-21 08:44:51	1
100	7	88	\N	23	khi không delete theo ID.	\N	1	2013-10-21 07:05:55	2013-10-21 08:44:52	1
101	7	83	\N	24		\N	0	2013-10-21 07:05:55	2013-10-21 07:43:51	1
102	7	97	\N	25	 SELECT MONTH('2008-02-03');  ---> 2	\N	1	2013-10-21 07:05:55	2013-10-21 08:44:52	1
103	8	41	\N	1	a/ SELECT * FROM Students WHERE id IN (SELECT student_id FROM CourseRegisters where  subject_id = (SELECT id from Subject where name = 'X' OR name = 'Y' ))\r\n\r\n	\N	0	2013-10-21 07:05:55	2013-10-21 08:37:08	1
104	9	81	275	1	\N	\N	0	2013-10-21 07:05:59	2013-10-21 07:29:58	1
105	9	80	271	2	\N	\N	0	2013-10-21 07:05:59	2013-10-21 07:29:58	1
106	9	61	208	3	\N	\N	0	2013-10-21 07:05:59	2013-10-21 07:29:58	1
107	9	45	153	4	\N	\N	0	2013-10-21 07:05:59	2013-10-21 07:29:58	1
108	9	62	215	5	\N	\N	0	2013-10-21 07:05:59	2013-10-21 07:29:58	1
109	9	59	202	6	\N	\N	0	2013-10-21 07:05:59	2013-10-21 07:29:58	1
110	9	44	151	7	\N	\N	0	2013-10-21 07:05:59	2013-10-21 07:29:58	1
111	9	77	259	8	\N	\N	0	2013-10-21 07:05:59	2013-10-21 07:29:58	1
112	9	67	230	9	\N	\N	0	2013-10-21 07:05:59	2013-10-21 07:29:58	1
113	9	54	187	10	\N	\N	0	2013-10-21 07:05:59	2013-10-21 07:29:58	1
114	9	72	244	11	\N	\N	0	2013-10-21 07:05:59	2013-10-21 07:29:58	1
115	9	71	241	12	\N	\N	0	2013-10-21 07:05:59	2013-10-21 07:29:58	1
116	9	47	160	13	\N	\N	0	2013-10-21 07:05:59	2013-10-21 07:29:58	1
117	9	60	205	14	\N	\N	0	2013-10-21 07:05:59	2013-10-21 07:29:58	1
118	9	76	257	15	\N	\N	0	2013-10-21 07:05:59	2013-10-21 07:29:58	1
119	9	57	198	16	\N	\N	0	2013-10-21 07:05:59	2013-10-21 07:29:58	1
120	9	52	181	17	\N	\N	0	2013-10-21 07:05:59	2013-10-21 07:29:58	1
121	9	74	251	18	\N	\N	0	2013-10-21 07:05:59	2013-10-21 07:29:58	1
122	9	70	238	19	\N	\N	0	2013-10-21 07:05:59	2013-10-21 07:29:58	1
123	9	49	169	20	\N	\N	0	2013-10-21 07:05:59	2013-10-21 07:29:58	1
124	9	97	\N	21	Use month method. Eg: select month(timestamp) as Month from temp_table	\N	1	2013-10-21 07:05:59	2013-10-21 08:41:06	1
125	9	4	\N	22	Use DISTINCT. Eg: Select DISTINCT name from OrderTables	\N	1	2013-10-21 07:05:59	2013-10-21 08:41:06	1
126	9	86	\N	23	select user_name from users table with match user_id from isps table 	\N	1	2013-10-21 07:05:59	2013-10-21 08:41:06	1
127	9	98	\N	24	Use view	\N	0	2013-10-21 07:05:59	2013-10-21 07:29:58	1
128	9	85	\N	25	select * from users where phone_number = ""	\N	0	2013-10-21 07:05:59	2013-10-21 07:29:58	1
129	10	101	\N	1	a.\r\nSelect books.name, count(books.name) \r\nfrom Books INNER JOIN Borrows on Books.id = Borrows.book_id\r\nwhere Year(date_borrow) = "2011"\r\ngroup by books.name\r\nhaving count(books.name) > 10\r\nd. \r\nSelect Books.name\r\nFrom Books INNER JOIN Authors ON Books.id = Authors.book_id\r\nWhere Authors.name = " Stephen King" and Books.id not in (\r\nSelect Borrows.book_id \r\nFrom Borrows\r\n)	10/1382344542book_borrows.png	0	2013-10-21 07:05:59	2013-10-21 08:35:42	1
130	11	8	21	1	\N	\N	0	2013-10-22 06:17:23	2013-10-22 06:46:13	1
131	11	9	23	2	\N	\N	0	2013-10-22 06:17:23	2013-10-22 06:46:13	1
132	11	13	40	3	\N	\N	0	2013-10-22 06:17:23	2013-10-22 06:46:13	1
133	11	10	28	4	\N	\N	0	2013-10-22 06:17:23	2013-10-22 06:46:13	1
134	11	11	30	5	\N	\N	0	2013-10-22 06:17:23	2013-10-22 06:46:13	1
135	11	15	49	6	\N	\N	0	2013-10-22 06:17:23	2013-10-22 06:46:13	1
136	11	7	16	7	\N	\N	0	2013-10-22 06:17:23	2013-10-22 06:46:13	1
137	11	14	43	8	\N	\N	0	2013-10-22 06:17:23	2013-10-22 06:46:13	1
138	11	6	13	9	\N	\N	0	2013-10-22 06:17:23	2013-10-22 06:46:13	1
139	11	12	34	10	\N	\N	0	2013-10-22 06:17:23	2013-10-22 06:46:13	1
140	11	27	97	11	\N	\N	0	2013-10-22 06:17:23	2013-10-22 06:46:13	1
141	11	24	84	12	\N	\N	0	2013-10-22 06:17:23	2013-10-22 06:46:13	1
142	11	29	104	13	\N	\N	0	2013-10-22 06:17:23	2013-10-22 06:46:13	1
143	11	17	56	14	\N	\N	0	2013-10-22 06:17:23	2013-10-22 06:46:13	1
144	11	28	99	15	\N	\N	0	2013-10-22 06:17:23	2013-10-22 06:46:13	1
145	11	19	63	16	\N	\N	0	2013-10-22 06:17:23	2013-10-22 06:46:13	1
146	11	16	50	17	\N	\N	0	2013-10-22 06:17:23	2013-10-22 06:46:13	1
147	11	25	89	18	\N	\N	0	2013-10-22 06:17:23	2013-10-22 06:46:13	1
148	11	35	129	19	\N	\N	0	2013-10-22 06:17:23	2013-10-22 06:46:13	1
149	11	23	\N	20	\N	\N	0	2013-10-22 06:17:23	2013-10-22 06:17:23	1
150	11	34	\N	21	\N	\N	0	2013-10-22 06:17:23	2013-10-22 06:17:23	1
151	11	33	\N	22	\N	\N	0	2013-10-22 06:17:23	2013-10-22 06:17:23	1
152	11	21	\N	23	\N	\N	0	2013-10-22 06:17:23	2013-10-22 06:17:23	1
153	11	18	\N	24	\N	\N	0	2013-10-22 06:17:23	2013-10-22 06:17:23	1
154	11	32	\N	25	\N	\N	0	2013-10-22 06:17:23	2013-10-22 06:17:23	1
155	11	22	\N	26	\N	\N	0	2013-10-22 06:17:23	2013-10-22 06:17:23	1
156	11	20	\N	27	\N	\N	0	2013-10-22 06:17:23	2013-10-22 06:17:23	1
157	11	31	\N	28	\N	\N	0	2013-10-22 06:17:23	2013-10-22 06:17:23	1
158	11	26	\N	29	\N	\N	0	2013-10-22 06:17:23	2013-10-22 06:17:23	1
159	11	30	\N	30	\N	\N	0	2013-10-22 06:17:23	2013-10-22 06:17:23	1
160	12	10	26	1	\N	\N	0	2013-10-23 04:24:01	2013-10-23 04:24:18	1
161	12	11	\N	2	\N	\N	0	2013-10-23 04:24:01	2013-10-23 04:24:01	1
162	12	9	\N	3	\N	\N	0	2013-10-23 04:24:01	2013-10-23 04:24:01	1
163	12	7	14	4	\N	\N	0	2013-10-23 04:24:01	2013-10-23 04:24:18	1
164	12	6	\N	5	\N	\N	0	2013-10-23 04:24:01	2013-10-23 04:24:01	1
165	12	12	\N	6	\N	\N	0	2013-10-23 04:24:01	2013-10-23 04:24:01	1
166	12	14	\N	7	\N	\N	0	2013-10-23 04:24:01	2013-10-23 04:24:01	1
167	12	15	\N	8	\N	\N	0	2013-10-23 04:24:01	2013-10-23 04:24:01	1
168	12	8	\N	9	\N	\N	0	2013-10-23 04:24:01	2013-10-23 04:24:01	1
169	12	13	\N	10	\N	\N	0	2013-10-23 04:24:01	2013-10-23 04:24:01	1
170	12	30	\N	11	\N	\N	0	2013-10-23 04:24:01	2013-10-23 04:24:01	1
171	12	23	\N	12	\N	\N	0	2013-10-23 04:24:01	2013-10-23 04:24:01	1
172	12	28	\N	13	\N	\N	0	2013-10-23 04:24:01	2013-10-23 04:24:01	1
173	12	19	\N	14	\N	\N	0	2013-10-23 04:24:01	2013-10-23 04:24:01	1
174	12	26	\N	15	\N	\N	0	2013-10-23 04:24:01	2013-10-23 04:24:01	1
175	12	27	\N	16	\N	\N	0	2013-10-23 04:24:01	2013-10-23 04:24:01	1
176	12	22	\N	17	\N	\N	0	2013-10-23 04:24:01	2013-10-23 04:24:01	1
177	12	31	\N	18	\N	\N	0	2013-10-23 04:24:01	2013-10-23 04:24:01	1
178	12	20	\N	19	\N	\N	0	2013-10-23 04:24:01	2013-10-23 04:24:01	1
179	12	35	\N	20	\N	\N	0	2013-10-23 04:24:01	2013-10-23 04:24:01	1
180	12	25	\N	21	\N	\N	0	2013-10-23 04:24:01	2013-10-23 04:24:01	1
181	12	18	\N	22	\N	\N	0	2013-10-23 04:24:01	2013-10-23 04:24:01	1
182	12	29	\N	23	\N	\N	0	2013-10-23 04:24:01	2013-10-23 04:24:01	1
183	12	24	\N	24	\N	\N	0	2013-10-23 04:24:01	2013-10-23 04:24:01	1
184	12	32	\N	25	\N	\N	0	2013-10-23 04:24:02	2013-10-23 04:24:02	1
185	12	33	118	26	\N	\N	0	2013-10-23 04:24:02	2013-10-23 04:24:18	1
186	12	34	\N	27	\N	\N	0	2013-10-23 04:24:02	2013-10-23 04:24:02	1
187	12	17	\N	28	\N	\N	0	2013-10-23 04:24:02	2013-10-23 04:24:02	1
188	12	21	\N	29	\N	\N	0	2013-10-23 04:24:02	2013-10-23 04:24:02	1
189	12	16	\N	30	\N	\N	0	2013-10-23 04:24:02	2013-10-23 04:24:02	1
190	13	6	\N	1	\N	\N	0	2013-10-23 04:25:06	2013-10-23 04:25:06	1
191	13	10	\N	2	\N	\N	0	2013-10-23 04:25:06	2013-10-23 04:25:06	1
192	13	11	\N	3	\N	\N	0	2013-10-23 04:25:06	2013-10-23 04:25:06	1
193	13	9	\N	4	\N	\N	0	2013-10-23 04:25:06	2013-10-23 04:25:06	1
194	13	8	\N	5	\N	\N	0	2013-10-23 04:25:06	2013-10-23 04:25:06	1
195	13	7	\N	6	\N	\N	0	2013-10-23 04:25:06	2013-10-23 04:25:06	1
196	13	14	\N	7	\N	\N	0	2013-10-23 04:25:06	2013-10-23 04:25:06	1
197	13	15	\N	8	\N	\N	0	2013-10-23 04:25:06	2013-10-23 04:25:06	1
198	13	12	\N	9	\N	\N	0	2013-10-23 04:25:06	2013-10-23 04:25:06	1
199	13	13	\N	10	\N	\N	0	2013-10-23 04:25:06	2013-10-23 04:25:06	1
200	13	18	\N	11	\N	\N	0	2013-10-23 04:25:06	2013-10-23 04:25:06	1
201	13	21	\N	12	\N	\N	0	2013-10-23 04:25:06	2013-10-23 04:25:06	1
202	13	25	\N	13	\N	\N	0	2013-10-23 04:25:06	2013-10-23 04:25:06	1
203	13	30	\N	14	\N	\N	0	2013-10-23 04:25:06	2013-10-23 04:25:06	1
204	13	16	\N	15	\N	\N	0	2013-10-23 04:25:06	2013-10-23 04:25:06	1
205	13	31	\N	16	\N	\N	0	2013-10-23 04:25:06	2013-10-23 04:25:06	1
206	13	20	\N	17	\N	\N	0	2013-10-23 04:25:06	2013-10-23 04:25:06	1
207	13	27	\N	18	\N	\N	0	2013-10-23 04:25:06	2013-10-23 04:25:06	1
208	13	19	\N	19	\N	\N	0	2013-10-23 04:25:06	2013-10-23 04:25:06	1
209	13	24	\N	20	\N	\N	0	2013-10-23 04:25:06	2013-10-23 04:25:06	1
210	13	33	\N	21	\N	\N	0	2013-10-23 04:25:06	2013-10-23 04:25:06	1
211	13	22	\N	22	\N	\N	0	2013-10-23 04:25:06	2013-10-23 04:25:06	1
212	13	35	\N	23	\N	\N	0	2013-10-23 04:25:06	2013-10-23 04:25:06	1
213	13	34	\N	24	\N	\N	0	2013-10-23 04:25:06	2013-10-23 04:25:06	1
214	13	32	\N	25	\N	\N	0	2013-10-23 04:25:06	2013-10-23 04:25:06	1
215	13	23	\N	26	\N	\N	0	2013-10-23 04:25:06	2013-10-23 04:25:06	1
216	13	28	\N	27	\N	\N	0	2013-10-23 04:25:06	2013-10-23 04:25:06	1
217	13	29	\N	28	\N	\N	0	2013-10-23 04:25:06	2013-10-23 04:25:06	1
218	13	17	\N	29	\N	\N	0	2013-10-23 04:25:06	2013-10-23 04:25:06	1
219	13	26	\N	30	\N	\N	0	2013-10-23 04:25:07	2013-10-23 04:25:07	1
220	14	52	178	1	\N	\N	0	2013-10-23 08:07:57	2013-10-23 08:08:24	1
221	14	64	\N	2	\N	\N	0	2013-10-23 08:07:57	2013-10-23 08:07:57	1
222	14	72	\N	3	\N	\N	0	2013-10-23 08:07:57	2013-10-23 08:07:57	1
223	14	58	\N	4	\N	\N	0	2013-10-23 08:07:57	2013-10-23 08:07:57	1
224	14	69	\N	5	\N	\N	0	2013-10-23 08:07:57	2013-10-23 08:07:57	1
225	14	51	\N	6	\N	\N	0	2013-10-23 08:07:57	2013-10-23 08:07:57	1
226	14	55	\N	7	\N	\N	0	2013-10-23 08:07:57	2013-10-23 08:07:57	1
227	14	62	\N	8	\N	\N	0	2013-10-23 08:07:57	2013-10-23 08:07:57	1
228	14	50	\N	9	\N	\N	0	2013-10-23 08:07:57	2013-10-23 08:07:57	1
229	14	61	\N	10	\N	\N	0	2013-10-23 08:07:57	2013-10-23 08:07:57	1
230	14	45	\N	11	\N	\N	0	2013-10-23 08:07:57	2013-10-23 08:07:57	1
231	14	53	\N	12	\N	\N	0	2013-10-23 08:07:57	2013-10-23 08:07:57	1
232	14	81	\N	13	\N	\N	0	2013-10-23 08:07:57	2013-10-23 08:07:57	1
233	14	70	\N	14	\N	\N	0	2013-10-23 08:07:57	2013-10-23 08:07:57	1
234	14	2	\N	15	\N	\N	0	2013-10-23 08:07:57	2013-10-23 08:07:57	1
235	14	78	\N	16	\N	\N	0	2013-10-23 08:07:57	2013-10-23 08:07:57	1
236	14	49	\N	17	\N	\N	0	2013-10-23 08:07:57	2013-10-23 08:07:57	1
237	14	67	\N	18	\N	\N	0	2013-10-23 08:07:57	2013-10-23 08:07:57	1
238	14	75	\N	19	\N	\N	0	2013-10-23 08:07:58	2013-10-23 08:07:58	1
239	14	80	\N	20	\N	\N	0	2013-10-23 08:07:58	2013-10-23 08:07:58	1
240	14	93	\N	21		\N	0	2013-10-23 08:07:58	2013-10-23 08:08:24	1
241	14	3	\N	22		\N	0	2013-10-23 08:07:58	2013-10-23 08:08:24	1
242	14	85	\N	23		\N	0	2013-10-23 08:07:58	2013-10-23 08:08:24	1
243	14	96	\N	24		\N	0	2013-10-23 08:07:58	2013-10-23 08:08:24	1
244	14	84	\N	25		\N	0	2013-10-23 08:07:58	2013-10-23 08:08:24	1
245	15	101	\N	1	\N	\N	0	2013-10-23 08:10:31	2013-10-23 08:10:31	1
246	16	14	\N	1	\N	\N	0	2013-10-23 08:10:38	2013-10-23 08:10:38	1
247	16	9	\N	2	\N	\N	0	2013-10-23 08:10:38	2013-10-23 08:10:38	1
248	16	13	\N	3	\N	\N	0	2013-10-23 08:10:38	2013-10-23 08:10:38	1
249	16	10	\N	4	\N	\N	0	2013-10-23 08:10:38	2013-10-23 08:10:38	1
250	16	15	\N	5	\N	\N	0	2013-10-23 08:10:38	2013-10-23 08:10:38	1
251	16	8	\N	6	\N	\N	0	2013-10-23 08:10:38	2013-10-23 08:10:38	1
252	16	11	\N	7	\N	\N	0	2013-10-23 08:10:38	2013-10-23 08:10:38	1
253	16	6	\N	8	\N	\N	0	2013-10-23 08:10:38	2013-10-23 08:10:38	1
254	16	7	\N	9	\N	\N	0	2013-10-23 08:10:38	2013-10-23 08:10:38	1
255	16	12	\N	10	\N	\N	0	2013-10-23 08:10:38	2013-10-23 08:10:38	1
256	16	22	\N	11	\N	\N	0	2013-10-23 08:10:38	2013-10-23 08:10:38	1
257	16	30	\N	12	\N	\N	0	2013-10-23 08:10:38	2013-10-23 08:10:38	1
258	16	24	\N	13	\N	\N	0	2013-10-23 08:10:38	2013-10-23 08:10:38	1
259	16	34	\N	14	\N	\N	0	2013-10-23 08:10:38	2013-10-23 08:10:38	1
260	16	35	\N	15	\N	\N	0	2013-10-23 08:10:38	2013-10-23 08:10:38	1
261	16	26	\N	16	\N	\N	0	2013-10-23 08:10:38	2013-10-23 08:10:38	1
262	16	19	\N	17	\N	\N	0	2013-10-23 08:10:38	2013-10-23 08:10:38	1
263	16	33	\N	18	\N	\N	0	2013-10-23 08:10:38	2013-10-23 08:10:38	1
264	16	17	\N	19	\N	\N	0	2013-10-23 08:10:38	2013-10-23 08:10:38	1
265	16	20	\N	20	\N	\N	0	2013-10-23 08:10:38	2013-10-23 08:10:38	1
266	16	27	\N	21	\N	\N	0	2013-10-23 08:10:38	2013-10-23 08:10:38	1
267	16	32	\N	22	\N	\N	0	2013-10-23 08:10:38	2013-10-23 08:10:38	1
268	16	21	\N	23	\N	\N	0	2013-10-23 08:10:38	2013-10-23 08:10:38	1
269	16	18	\N	24	\N	\N	0	2013-10-23 08:10:38	2013-10-23 08:10:38	1
270	16	29	\N	25	\N	\N	0	2013-10-23 08:10:38	2013-10-23 08:10:38	1
271	16	31	\N	26	\N	\N	0	2013-10-23 08:10:38	2013-10-23 08:10:38	1
272	16	25	\N	27	\N	\N	0	2013-10-23 08:10:38	2013-10-23 08:10:38	1
273	16	23	\N	28	\N	\N	0	2013-10-23 08:10:38	2013-10-23 08:10:38	1
274	16	28	\N	29	\N	\N	0	2013-10-23 08:10:38	2013-10-23 08:10:38	1
275	16	16	\N	30	\N	\N	0	2013-10-23 08:10:38	2013-10-23 08:10:38	1
276	17	10	28	1	\N	\N	0	2013-10-23 09:03:02	2013-10-23 09:23:39	1
277	17	9	24	2	\N	\N	0	2013-10-23 09:03:02	2013-10-23 09:23:39	1
278	17	8	18	3	\N	\N	0	2013-10-23 09:03:02	2013-10-23 09:23:39	1
279	17	6	13	4	\N	\N	0	2013-10-23 09:03:02	2013-10-23 09:23:39	1
280	17	13	40	5	\N	\N	0	2013-10-23 09:03:02	2013-10-23 09:23:39	1
281	17	15	49	6	\N	\N	0	2013-10-23 09:03:02	2013-10-23 09:23:39	1
282	17	12	34	7	\N	\N	0	2013-10-23 09:03:02	2013-10-23 09:23:39	1
283	17	11	31	8	\N	\N	0	2013-10-23 09:03:02	2013-10-23 09:23:39	1
284	17	14	43	9	\N	\N	0	2013-10-23 09:03:02	2013-10-23 09:23:39	1
285	17	7	16	10	\N	\N	0	2013-10-23 09:03:02	2013-10-23 09:23:39	1
286	17	34	122	11	\N	\N	0	2013-10-23 09:03:02	2013-10-23 09:23:39	1
287	17	31	111	12	\N	\N	0	2013-10-23 09:03:02	2013-10-23 09:23:39	1
288	17	28	99	13	\N	\N	0	2013-10-23 09:03:03	2013-10-23 09:23:39	1
289	17	35	129	14	\N	\N	0	2013-10-23 09:03:03	2013-10-23 09:23:39	1
290	17	32	116	15	\N	\N	0	2013-10-23 09:03:03	2013-10-23 09:23:39	1
291	17	23	78	16	\N	\N	0	2013-10-23 09:03:03	2013-10-23 09:23:39	1
292	17	27	95	17	\N	\N	0	2013-10-23 09:03:03	2013-10-23 09:23:39	1
293	17	19	64	18	\N	\N	0	2013-10-23 09:03:03	2013-10-23 09:23:39	1
294	17	24	84	19	\N	\N	0	2013-10-23 09:03:03	2013-10-23 09:23:39	1
295	17	29	102	20	\N	\N	0	2013-10-23 09:03:03	2013-10-23 09:23:39	1
296	17	17	54	21	\N	\N	0	2013-10-23 09:03:03	2013-10-23 09:23:39	1
297	17	33	118	22	\N	\N	0	2013-10-23 09:03:03	2013-10-23 09:23:39	1
298	17	30	106	23	\N	\N	0	2013-10-23 09:03:03	2013-10-23 09:23:39	1
299	17	25	89	24	\N	\N	0	2013-10-23 09:03:03	2013-10-23 09:23:39	1
300	17	16	51	25	\N	\N	0	2013-10-23 09:03:03	2013-10-23 09:23:39	1
301	17	26	90	26	\N	\N	0	2013-10-23 09:03:03	2013-10-23 09:23:39	1
302	17	22	77	27	\N	\N	0	2013-10-23 09:03:03	2013-10-23 09:23:39	1
303	17	20	68	28	\N	\N	0	2013-10-23 09:03:03	2013-10-23 09:23:39	1
304	17	18	59	29	\N	\N	0	2013-10-23 09:03:03	2013-10-23 09:23:39	1
305	17	21	71	30	\N	\N	0	2013-10-23 09:03:03	2013-10-23 09:23:39	1
306	18	15	49	1	\N	\N	0	2013-10-23 09:03:03	2013-10-23 09:23:46	1
307	18	13	40	2	\N	\N	0	2013-10-23 09:03:03	2013-10-23 09:23:46	1
308	18	12	34	3	\N	\N	0	2013-10-23 09:03:03	2013-10-23 09:23:46	1
309	18	7	14	4	\N	\N	0	2013-10-23 09:03:03	2013-10-23 09:23:46	1
310	18	14	43	5	\N	\N	0	2013-10-23 09:03:03	2013-10-23 09:23:46	1
311	18	11	30	6	\N	\N	0	2013-10-23 09:03:03	2013-10-23 09:23:46	1
312	18	10	28	7	\N	\N	0	2013-10-23 09:03:03	2013-10-23 09:23:46	1
313	18	6	13	8	\N	\N	0	2013-10-23 09:03:03	2013-10-23 09:23:46	1
314	18	8	21	9	\N	\N	0	2013-10-23 09:03:03	2013-10-23 09:23:46	1
315	18	9	25	10	\N	\N	0	2013-10-23 09:03:03	2013-10-23 09:23:46	1
316	18	28	99	11	\N	\N	0	2013-10-23 09:03:03	2013-10-23 09:23:46	1
317	18	20	68	12	\N	\N	0	2013-10-23 09:03:03	2013-10-23 09:23:46	1
318	18	18	59	13	\N	\N	0	2013-10-23 09:03:03	2013-10-23 09:23:46	1
319	18	27	94	14	\N	\N	0	2013-10-23 09:03:03	2013-10-23 09:23:46	1
320	18	31	111	15	\N	\N	0	2013-10-23 09:03:03	2013-10-23 09:23:46	1
321	18	29	102	16	\N	\N	0	2013-10-23 09:03:03	2013-10-23 09:23:46	1
322	18	21	72	17	\N	\N	0	2013-10-23 09:03:03	2013-10-23 09:23:46	1
323	18	17	56	18	\N	\N	0	2013-10-23 09:03:03	2013-10-23 09:23:46	1
324	18	24	84	19	\N	\N	0	2013-10-23 09:03:03	2013-10-23 09:23:46	1
325	18	16	51	20	\N	\N	0	2013-10-23 09:03:03	2013-10-23 09:23:46	1
326	18	32	114	21	\N	\N	0	2013-10-23 09:03:03	2013-10-23 09:23:46	1
327	18	25	89	22	\N	\N	0	2013-10-23 09:03:03	2013-10-23 09:23:46	1
328	18	30	106	23	\N	\N	0	2013-10-23 09:03:03	2013-10-23 09:23:46	1
329	18	26	90	24	\N	\N	0	2013-10-23 09:03:03	2013-10-23 09:23:46	1
330	18	23	78	25	\N	\N	0	2013-10-23 09:03:03	2013-10-23 09:23:46	1
331	18	19	62	26	\N	\N	0	2013-10-23 09:03:03	2013-10-23 09:23:46	1
332	18	33	118	27	\N	\N	0	2013-10-23 09:03:03	2013-10-23 09:23:46	1
333	18	35	129	28	\N	\N	0	2013-10-23 09:03:03	2013-10-23 09:23:46	1
334	18	34	124	29	\N	\N	0	2013-10-23 09:03:03	2013-10-23 09:23:46	1
335	18	22	77	30	\N	\N	0	2013-10-23 09:03:03	2013-10-23 09:23:46	1
336	19	14	43	1	\N	\N	0	2013-10-23 09:04:18	2013-10-23 09:24:30	1
337	19	10	28	2	\N	\N	0	2013-10-23 09:04:18	2013-10-23 09:24:30	1
338	19	11	33	3	\N	\N	0	2013-10-23 09:04:18	2013-10-23 09:24:30	1
339	19	15	49	4	\N	\N	0	2013-10-23 09:04:18	2013-10-23 09:24:30	1
340	19	7	14	5	\N	\N	0	2013-10-23 09:04:18	2013-10-23 09:24:30	1
341	19	13	\N	6	\N	\N	0	2013-10-23 09:04:18	2013-10-23 09:04:18	1
342	19	9	25	7	\N	\N	0	2013-10-23 09:04:18	2013-10-23 09:24:30	1
343	19	12	34	8	\N	\N	0	2013-10-23 09:04:18	2013-10-23 09:24:30	1
344	19	6	13	9	\N	\N	0	2013-10-23 09:04:18	2013-10-23 09:24:30	1
345	19	8	18	10	\N	\N	0	2013-10-23 09:04:18	2013-10-23 09:24:30	1
346	19	35	129	11	\N	\N	0	2013-10-23 09:04:18	2013-10-23 09:24:30	1
347	19	19	62	12	\N	\N	0	2013-10-23 09:04:18	2013-10-23 09:24:30	1
348	19	24	84	13	\N	\N	0	2013-10-23 09:04:18	2013-10-23 09:24:30	1
349	19	17	56	14	\N	\N	0	2013-10-23 09:04:18	2013-10-23 09:24:30	1
350	19	30	106	15	\N	\N	0	2013-10-23 09:04:18	2013-10-23 09:24:30	1
351	19	33	118	16	\N	\N	0	2013-10-23 09:04:18	2013-10-23 09:24:30	1
352	19	34	124	17	\N	\N	0	2013-10-23 09:04:18	2013-10-23 09:24:30	1
353	19	22	77	18	\N	\N	0	2013-10-23 09:04:18	2013-10-23 09:24:30	1
354	19	27	96	19	\N	\N	0	2013-10-23 09:04:18	2013-10-23 09:24:30	1
355	19	28	100	20	\N	\N	0	2013-10-23 09:04:18	2013-10-23 09:24:30	1
356	19	20	68	21	\N	\N	0	2013-10-23 09:04:18	2013-10-23 09:24:30	1
357	19	25	\N	22	\N	\N	0	2013-10-23 09:04:18	2013-10-23 09:04:18	1
358	19	26	90	23	\N	\N	0	2013-10-23 09:04:18	2013-10-23 09:24:30	1
359	19	29	103	24	\N	\N	0	2013-10-23 09:04:18	2013-10-23 09:24:30	1
360	19	32	116	25	\N	\N	0	2013-10-23 09:04:18	2013-10-23 09:24:30	1
361	19	23	80	26	\N	\N	0	2013-10-23 09:04:18	2013-10-23 09:24:31	1
362	19	18	59	27	\N	\N	0	2013-10-23 09:04:18	2013-10-23 09:24:31	1
363	19	21	\N	28	\N	\N	0	2013-10-23 09:04:18	2013-10-23 09:04:18	1
364	19	31	113	29	\N	\N	0	2013-10-23 09:04:18	2013-10-23 09:24:31	1
365	19	16	51	30	\N	\N	0	2013-10-23 09:04:18	2013-10-23 09:24:31	1
366	20	6	13	1	\N	\N	0	2013-10-23 09:06:20	2013-10-23 09:26:50	1
367	20	9	25	2	\N	\N	0	2013-10-23 09:06:20	2013-10-23 09:26:50	1
368	20	12	34	3	\N	\N	0	2013-10-23 09:06:20	2013-10-23 09:26:50	1
369	20	10	28	4	\N	\N	0	2013-10-23 09:06:20	2013-10-23 09:26:50	1
370	20	8	18	5	\N	\N	0	2013-10-23 09:06:20	2013-10-23 09:26:50	1
371	20	11	30	6	\N	\N	0	2013-10-23 09:06:20	2013-10-23 09:26:50	1
372	20	15	49	7	\N	\N	0	2013-10-23 09:06:20	2013-10-23 09:26:50	1
373	20	14	43	8	\N	\N	0	2013-10-23 09:06:20	2013-10-23 09:26:50	1
374	20	7	16	9	\N	\N	0	2013-10-23 09:06:20	2013-10-23 09:26:50	1
375	20	13	40	10	\N	\N	0	2013-10-23 09:06:20	2013-10-23 09:26:50	1
376	20	21	70	11	\N	\N	0	2013-10-23 09:06:20	2013-10-23 09:26:50	1
377	20	28	99	12	\N	\N	0	2013-10-23 09:06:20	2013-10-23 09:26:50	1
378	20	24	84	13	\N	\N	0	2013-10-23 09:06:20	2013-10-23 09:26:50	1
379	20	35	129	14	\N	\N	0	2013-10-23 09:06:20	2013-10-23 09:26:50	1
380	20	27	95	15	\N	\N	0	2013-10-23 09:06:20	2013-10-23 09:26:50	1
381	20	31	112	16	\N	\N	0	2013-10-23 09:06:20	2013-10-23 09:26:50	1
382	20	25	89	17	\N	\N	0	2013-10-23 09:06:20	2013-10-23 09:26:50	1
383	20	23	78	18	\N	\N	0	2013-10-23 09:06:20	2013-10-23 09:26:50	1
384	20	22	77	19	\N	\N	0	2013-10-23 09:06:20	2013-10-23 09:26:50	1
385	20	16	51	20	\N	\N	0	2013-10-23 09:06:20	2013-10-23 09:26:50	1
386	20	19	62	21	\N	\N	0	2013-10-23 09:06:20	2013-10-23 09:26:50	1
387	20	26	90	22	\N	\N	0	2013-10-23 09:06:20	2013-10-23 09:26:50	1
388	20	34	124	23	\N	\N	0	2013-10-23 09:06:21	2013-10-23 09:26:50	1
389	20	32	116	24	\N	\N	0	2013-10-23 09:06:21	2013-10-23 09:26:50	1
390	20	33	118	25	\N	\N	0	2013-10-23 09:06:21	2013-10-23 09:26:50	1
391	20	20	68	26	\N	\N	0	2013-10-23 09:06:21	2013-10-23 09:26:50	1
392	20	29	102	27	\N	\N	0	2013-10-23 09:06:21	2013-10-23 09:26:50	1
393	20	17	56	28	\N	\N	0	2013-10-23 09:06:21	2013-10-23 09:26:50	1
394	20	18	59	29	\N	\N	0	2013-10-23 09:06:21	2013-10-23 09:26:50	1
395	20	30	106	30	\N	\N	0	2013-10-23 09:06:21	2013-10-23 09:26:50	1
396	21	10	28	1	\N	\N	0	2013-10-23 09:07:01	2013-10-23 09:14:48	1
397	21	13	40	2	\N	\N	0	2013-10-23 09:07:01	2013-10-23 09:14:48	1
398	21	7	16	3	\N	\N	0	2013-10-23 09:07:01	2013-10-23 09:14:48	1
399	21	8	21	4	\N	\N	0	2013-10-23 09:07:01	2013-10-23 09:14:48	1
400	21	15	49	5	\N	\N	0	2013-10-23 09:07:01	2013-10-23 09:14:48	1
401	21	11	30	6	\N	\N	0	2013-10-23 09:07:01	2013-10-23 09:14:48	1
402	21	9	25	7	\N	\N	0	2013-10-23 09:07:01	2013-10-23 09:14:48	1
403	21	14	43	8	\N	\N	0	2013-10-23 09:07:01	2013-10-23 09:14:48	1
404	21	6	13	9	\N	\N	0	2013-10-23 09:07:01	2013-10-23 09:14:48	1
405	21	12	34	10	\N	\N	0	2013-10-23 09:07:01	2013-10-23 09:14:48	1
406	21	17	56	11	\N	\N	0	2013-10-23 09:07:02	2013-10-23 09:14:48	1
407	21	26	90	12	\N	\N	0	2013-10-23 09:07:02	2013-10-23 09:14:48	1
408	21	35	129	13	\N	\N	0	2013-10-23 09:07:02	2013-10-23 09:14:48	1
409	21	18	59	14	\N	\N	0	2013-10-23 09:07:02	2013-10-23 09:14:48	1
410	21	25	89	15	\N	\N	0	2013-10-23 09:07:02	2013-10-23 09:14:48	1
411	21	22	77	16	\N	\N	0	2013-10-23 09:07:02	2013-10-23 09:14:48	1
412	21	34	124	17	\N	\N	0	2013-10-23 09:07:02	2013-10-23 09:14:48	1
413	21	30	106	18	\N	\N	0	2013-10-23 09:07:02	2013-10-23 09:14:48	1
414	21	32	114	19	\N	\N	0	2013-10-23 09:07:02	2013-10-23 09:14:48	1
415	21	31	111	20	\N	\N	0	2013-10-23 09:07:02	2013-10-23 09:14:48	1
416	21	21	70	21	\N	\N	0	2013-10-23 09:07:02	2013-10-23 09:14:48	1
417	21	23	78	22	\N	\N	0	2013-10-23 09:07:02	2013-10-23 09:14:48	1
418	21	27	95	23	\N	\N	0	2013-10-23 09:07:02	2013-10-23 09:14:48	1
419	21	28	99	24	\N	\N	0	2013-10-23 09:07:02	2013-10-23 09:14:48	1
420	21	19	63	25	\N	\N	0	2013-10-23 09:07:02	2013-10-23 09:14:48	1
421	21	16	51	26	\N	\N	0	2013-10-23 09:07:02	2013-10-23 09:14:48	1
422	21	29	102	27	\N	\N	0	2013-10-23 09:07:02	2013-10-23 09:14:48	1
423	21	24	84	28	\N	\N	0	2013-10-23 09:07:02	2013-10-23 09:14:48	1
424	21	20	68	29	\N	\N	0	2013-10-23 09:07:02	2013-10-23 09:14:48	1
425	21	33	118	30	\N	\N	0	2013-10-23 09:07:02	2013-10-23 09:14:48	1
426	22	12	34	1	\N	\N	0	2013-10-23 09:08:18	2013-10-23 09:26:10	1
427	22	13	39	2	\N	\N	0	2013-10-23 09:08:18	2013-10-23 09:26:10	1
428	22	15	49	3	\N	\N	0	2013-10-23 09:08:18	2013-10-23 09:26:10	1
429	22	10	28	4	\N	\N	0	2013-10-23 09:08:18	2013-10-23 09:26:10	1
430	22	8	18	5	\N	\N	0	2013-10-23 09:08:18	2013-10-23 09:26:10	1
431	22	14	43	6	\N	\N	0	2013-10-23 09:08:18	2013-10-23 09:26:10	1
432	22	7	16	7	\N	\N	0	2013-10-23 09:08:18	2013-10-23 09:26:10	1
433	22	9	25	8	\N	\N	0	2013-10-23 09:08:18	2013-10-23 09:26:10	1
434	22	11	31	9	\N	\N	0	2013-10-23 09:08:18	2013-10-23 09:26:10	1
435	22	6	13	10	\N	\N	0	2013-10-23 09:08:18	2013-10-23 09:26:10	1
436	22	35	129	11	\N	\N	0	2013-10-23 09:08:18	2013-10-23 09:26:10	1
437	22	33	118	12	\N	\N	0	2013-10-23 09:08:18	2013-10-23 09:26:10	1
438	22	18	59	13	\N	\N	0	2013-10-23 09:08:18	2013-10-23 09:26:10	1
439	22	28	99	14	\N	\N	0	2013-10-23 09:08:18	2013-10-23 09:26:10	1
440	22	34	124	15	\N	\N	0	2013-10-23 09:08:18	2013-10-23 09:26:10	1
441	22	19	62	16	\N	\N	0	2013-10-23 09:08:18	2013-10-23 09:26:10	1
442	22	17	55	17	\N	\N	0	2013-10-23 09:08:18	2013-10-23 09:26:10	1
443	22	20	68	18	\N	\N	0	2013-10-23 09:08:18	2013-10-23 09:26:10	1
444	22	26	92	19	\N	\N	0	2013-10-23 09:08:18	2013-10-23 09:26:10	1
445	22	32	116	20	\N	\N	0	2013-10-23 09:08:18	2013-10-23 09:26:10	1
446	22	25	89	21	\N	\N	0	2013-10-23 09:08:18	2013-10-23 09:26:10	1
447	22	22	77	22	\N	\N	0	2013-10-23 09:08:18	2013-10-23 09:26:10	1
448	22	30	106	23	\N	\N	0	2013-10-23 09:08:18	2013-10-23 09:26:10	1
449	22	21	71	24	\N	\N	0	2013-10-23 09:08:18	2013-10-23 09:26:10	1
450	22	31	111	25	\N	\N	0	2013-10-23 09:08:18	2013-10-23 09:26:10	1
451	22	27	95	26	\N	\N	0	2013-10-23 09:08:18	2013-10-23 09:26:10	1
452	22	24	84	27	\N	\N	0	2013-10-23 09:08:18	2013-10-23 09:26:10	1
453	22	29	102	28	\N	\N	0	2013-10-23 09:08:18	2013-10-23 09:26:10	1
454	22	16	51	29	\N	\N	0	2013-10-23 09:08:18	2013-10-23 09:26:10	1
455	22	23	78	30	\N	\N	0	2013-10-23 09:08:18	2013-10-23 09:26:10	1
456	23	14	43	1	\N	\N	0	2013-10-23 09:10:11	2013-10-23 09:19:55	1
457	23	11	30	2	\N	\N	0	2013-10-23 09:10:11	2013-10-23 09:19:55	1
458	23	6	10	3	\N	\N	0	2013-10-23 09:10:11	2013-10-23 09:19:55	1
459	23	13	40	4	\N	\N	0	2013-10-23 09:10:11	2013-10-23 09:19:55	1
460	23	8	21	5	\N	\N	0	2013-10-23 09:10:11	2013-10-23 09:19:55	1
461	23	12	34	6	\N	\N	0	2013-10-23 09:10:11	2013-10-23 09:19:55	1
462	23	10	28	7	\N	\N	0	2013-10-23 09:10:11	2013-10-23 09:19:55	1
463	23	15	49	8	\N	\N	0	2013-10-23 09:10:11	2013-10-23 09:19:55	1
464	23	9	25	9	\N	\N	0	2013-10-23 09:10:11	2013-10-23 09:19:55	1
465	23	7	16	10	\N	\N	0	2013-10-23 09:10:11	2013-10-23 09:19:55	1
466	23	32	114	11	\N	\N	0	2013-10-23 09:10:11	2013-10-23 09:19:55	1
467	23	26	90	12	\N	\N	0	2013-10-23 09:10:11	2013-10-23 09:19:55	1
468	23	23	78	13	\N	\N	0	2013-10-23 09:10:11	2013-10-23 09:19:55	1
469	23	20	68	14	\N	\N	0	2013-10-23 09:10:11	2013-10-23 09:19:55	1
470	23	16	50	15	\N	\N	0	2013-10-23 09:10:11	2013-10-23 09:19:55	1
471	23	31	111	16	\N	\N	0	2013-10-23 09:10:11	2013-10-23 09:19:55	1
472	23	27	95	17	\N	\N	0	2013-10-23 09:10:11	2013-10-23 09:19:55	1
473	23	29	102	18	\N	\N	0	2013-10-23 09:10:11	2013-10-23 09:19:55	1
474	23	35	129	19	\N	\N	0	2013-10-23 09:10:11	2013-10-23 09:19:55	1
475	23	34	124	20	\N	\N	0	2013-10-23 09:10:11	2013-10-23 09:19:55	1
476	23	25	89	21	\N	\N	0	2013-10-23 09:10:11	2013-10-23 09:19:55	1
477	23	18	59	22	\N	\N	0	2013-10-23 09:10:11	2013-10-23 09:19:55	1
478	23	28	99	23	\N	\N	0	2013-10-23 09:10:11	2013-10-23 09:19:55	1
479	23	19	63	24	\N	\N	0	2013-10-23 09:10:11	2013-10-23 09:19:55	1
480	23	22	77	25	\N	\N	0	2013-10-23 09:10:11	2013-10-23 09:19:55	1
481	23	24	84	26	\N	\N	0	2013-10-23 09:10:11	2013-10-23 09:19:55	1
482	23	17	56	27	\N	\N	0	2013-10-23 09:10:11	2013-10-23 09:19:55	1
483	23	21	70	28	\N	\N	0	2013-10-23 09:10:11	2013-10-23 09:19:55	1
484	23	33	118	29	\N	\N	0	2013-10-23 09:10:11	2013-10-23 09:19:55	1
485	23	30	106	30	\N	\N	0	2013-10-23 09:10:11	2013-10-23 09:19:55	1
486	24	73	\N	1	\N	\N	0	2013-10-23 09:24:15	2013-10-23 09:24:15	1
487	24	46	\N	2	\N	\N	0	2013-10-23 09:24:15	2013-10-23 09:24:15	1
488	24	69	\N	3	\N	\N	0	2013-10-23 09:24:15	2013-10-23 09:24:15	1
489	24	44	\N	4	\N	\N	0	2013-10-23 09:24:15	2013-10-23 09:24:15	1
490	24	2	\N	5	\N	\N	0	2013-10-23 09:24:15	2013-10-23 09:24:15	1
491	24	50	\N	6	\N	\N	0	2013-10-23 09:24:15	2013-10-23 09:24:15	1
492	24	43	\N	7	\N	\N	0	2013-10-23 09:24:15	2013-10-23 09:24:15	1
493	24	56	\N	8	\N	\N	0	2013-10-23 09:24:15	2013-10-23 09:24:15	1
494	24	81	\N	9	\N	\N	0	2013-10-23 09:24:15	2013-10-23 09:24:15	1
495	24	78	\N	10	\N	\N	0	2013-10-23 09:24:15	2013-10-23 09:24:15	1
496	24	66	\N	11	\N	\N	0	2013-10-23 09:24:15	2013-10-23 09:24:15	1
497	24	42	\N	12	\N	\N	0	2013-10-23 09:24:15	2013-10-23 09:24:15	1
498	24	49	\N	13	\N	\N	0	2013-10-23 09:24:15	2013-10-23 09:24:15	1
499	24	75	\N	14	\N	\N	0	2013-10-23 09:24:15	2013-10-23 09:24:15	1
500	24	52	\N	15	\N	\N	0	2013-10-23 09:24:15	2013-10-23 09:24:15	1
501	24	72	\N	16	\N	\N	0	2013-10-23 09:24:15	2013-10-23 09:24:15	1
502	24	54	\N	17	\N	\N	0	2013-10-23 09:24:15	2013-10-23 09:24:15	1
503	24	48	\N	18	\N	\N	0	2013-10-23 09:24:15	2013-10-23 09:24:15	1
504	24	62	\N	19	\N	\N	0	2013-10-23 09:24:15	2013-10-23 09:24:15	1
505	24	64	\N	20	\N	\N	0	2013-10-23 09:24:15	2013-10-23 09:24:15	1
506	24	87	\N	21	\N	\N	0	2013-10-23 09:24:16	2013-10-23 09:24:16	1
507	24	88	\N	22	\N	\N	0	2013-10-23 09:24:16	2013-10-23 09:24:16	1
508	24	84	\N	23	\N	\N	0	2013-10-23 09:24:16	2013-10-23 09:24:16	1
509	24	82	\N	24	\N	\N	0	2013-10-23 09:24:16	2013-10-23 09:24:16	1
510	24	86	\N	25	\N	\N	0	2013-10-23 09:24:16	2013-10-23 09:24:16	1
511	25	7	16	1	\N	\N	0	2013-10-23 09:24:23	2013-10-23 09:44:02	1
512	25	9	22	2	\N	\N	0	2013-10-23 09:24:23	2013-10-23 09:44:02	1
513	25	8	18	3	\N	\N	0	2013-10-23 09:24:23	2013-10-23 09:44:02	1
514	25	6	13	4	\N	\N	0	2013-10-23 09:24:23	2013-10-23 09:44:02	1
515	25	10	28	5	\N	\N	0	2013-10-23 09:24:23	2013-10-23 09:44:02	1
516	25	15	49	6	\N	\N	0	2013-10-23 09:24:23	2013-10-23 09:44:02	1
517	25	12	36	7	\N	\N	0	2013-10-23 09:24:23	2013-10-23 09:44:02	1
518	25	13	41	8	\N	\N	0	2013-10-23 09:24:23	2013-10-23 09:44:02	1
519	25	14	43	9	\N	\N	0	2013-10-23 09:24:23	2013-10-23 09:44:02	1
520	25	11	32	10	\N	\N	0	2013-10-23 09:24:23	2013-10-23 09:44:02	1
521	25	34	122	11	\N	\N	0	2013-10-23 09:24:23	2013-10-23 09:44:02	1
522	25	31	111	12	\N	\N	0	2013-10-23 09:24:23	2013-10-23 09:44:02	1
523	25	20	68	13	\N	\N	0	2013-10-23 09:24:23	2013-10-23 09:44:02	1
524	25	26	90	14	\N	\N	0	2013-10-23 09:24:23	2013-10-23 09:44:02	1
525	25	32	116	15	\N	\N	0	2013-10-23 09:24:23	2013-10-23 09:44:02	1
526	25	24	84	16	\N	\N	0	2013-10-23 09:24:23	2013-10-23 09:44:02	1
527	25	35	129	17	\N	\N	0	2013-10-23 09:24:23	2013-10-23 09:44:02	1
528	25	16	50	18	\N	\N	0	2013-10-23 09:24:23	2013-10-23 09:44:02	1
529	25	18	58	19	\N	\N	0	2013-10-23 09:24:23	2013-10-23 09:44:02	1
530	25	29	104	20	\N	\N	0	2013-10-23 09:24:23	2013-10-23 09:44:02	1
531	25	23	78	21	\N	\N	0	2013-10-23 09:24:23	2013-10-23 09:44:02	1
532	25	28	\N	22	\N	\N	0	2013-10-23 09:24:23	2013-10-23 09:24:23	1
533	25	33	119	23	\N	\N	0	2013-10-23 09:24:23	2013-10-23 09:44:02	1
534	25	19	63	24	\N	\N	0	2013-10-23 09:24:23	2013-10-23 09:44:02	1
535	25	30	106	25	\N	\N	0	2013-10-23 09:24:23	2013-10-23 09:44:02	1
536	25	21	70	26	\N	\N	0	2013-10-23 09:24:23	2013-10-23 09:44:02	1
537	25	22	77	27	\N	\N	0	2013-10-23 09:24:23	2013-10-23 09:44:02	1
538	25	27	95	28	\N	\N	0	2013-10-23 09:24:23	2013-10-23 09:44:02	1
539	25	25	89	29	\N	\N	0	2013-10-23 09:24:23	2013-10-23 09:44:02	1
540	25	17	57	30	\N	\N	0	2013-10-23 09:24:23	2013-10-23 09:44:02	1
541	26	8	21	1	\N	\N	0	2013-10-23 09:30:01	2013-10-23 09:43:56	1
542	26	6	13	2	\N	\N	0	2013-10-23 09:30:01	2013-10-23 09:43:56	1
543	26	15	49	3	\N	\N	0	2013-10-23 09:30:01	2013-10-23 09:43:56	1
544	26	10	28	4	\N	\N	0	2013-10-23 09:30:01	2013-10-23 09:43:56	1
545	26	13	40	5	\N	\N	0	2013-10-23 09:30:01	2013-10-23 09:43:56	1
546	26	7	14	6	\N	\N	0	2013-10-23 09:30:01	2013-10-23 09:43:56	1
547	26	14	43	7	\N	\N	0	2013-10-23 09:30:01	2013-10-23 09:43:56	1
548	26	12	34	8	\N	\N	0	2013-10-23 09:30:01	2013-10-23 09:43:56	1
549	26	11	30	9	\N	\N	0	2013-10-23 09:30:01	2013-10-23 09:43:56	1
550	26	9	25	10	\N	\N	0	2013-10-23 09:30:01	2013-10-23 09:43:56	1
551	26	34	124	11	\N	\N	0	2013-10-23 09:30:01	2013-10-23 09:43:56	1
552	26	27	95	12	\N	\N	0	2013-10-23 09:30:01	2013-10-23 09:43:56	1
553	26	22	77	13	\N	\N	0	2013-10-23 09:30:01	2013-10-23 09:43:56	1
554	26	16	53	14	\N	\N	0	2013-10-23 09:30:01	2013-10-23 09:43:56	1
555	26	35	129	15	\N	\N	0	2013-10-23 09:30:01	2013-10-23 09:43:56	1
556	26	32	114	16	\N	\N	0	2013-10-23 09:30:01	2013-10-23 09:43:56	1
557	26	21	70	17	\N	\N	0	2013-10-23 09:30:01	2013-10-23 09:43:56	1
558	26	26	90	18	\N	\N	0	2013-10-23 09:30:01	2013-10-23 09:43:56	1
559	26	17	56	19	\N	\N	0	2013-10-23 09:30:01	2013-10-23 09:43:56	1
560	26	24	84	20	\N	\N	0	2013-10-23 09:30:01	2013-10-23 09:43:56	1
561	26	23	80	21	\N	\N	0	2013-10-23 09:30:01	2013-10-23 09:43:56	1
562	26	19	63	22	\N	\N	0	2013-10-23 09:30:01	2013-10-23 09:43:56	1
563	26	30	106	23	\N	\N	0	2013-10-23 09:30:01	2013-10-23 09:43:56	1
564	26	18	59	24	\N	\N	0	2013-10-23 09:30:01	2013-10-23 09:43:56	1
565	26	25	89	25	\N	\N	0	2013-10-23 09:30:01	2013-10-23 09:43:56	1
566	26	20	68	26	\N	\N	0	2013-10-23 09:30:01	2013-10-23 09:43:56	1
567	26	28	99	27	\N	\N	0	2013-10-23 09:30:01	2013-10-23 09:43:56	1
568	26	29	103	28	\N	\N	0	2013-10-23 09:30:01	2013-10-23 09:43:56	1
569	26	33	118	29	\N	\N	0	2013-10-23 09:30:01	2013-10-23 09:43:56	1
570	26	31	111	30	\N	\N	0	2013-10-23 09:30:01	2013-10-23 09:43:56	1
571	27	14	43	1	\N	\N	0	2013-10-23 09:39:36	2013-10-23 09:42:16	1
572	27	10	28	2	\N	\N	0	2013-10-23 09:39:36	2013-10-23 09:42:16	1
573	27	13	40	3	\N	\N	0	2013-10-23 09:39:36	2013-10-23 09:42:16	1
574	27	7	16	4	\N	\N	0	2013-10-23 09:39:36	2013-10-23 09:42:16	1
575	27	6	13	5	\N	\N	0	2013-10-23 09:39:36	2013-10-23 09:42:16	1
576	27	11	30	6	\N	\N	0	2013-10-23 09:39:36	2013-10-23 09:42:16	1
577	27	12	34	7	\N	\N	0	2013-10-23 09:39:36	2013-10-23 09:42:16	1
578	27	8	20	8	\N	\N	0	2013-10-23 09:39:36	2013-10-23 09:42:16	1
579	27	9	25	9	\N	\N	0	2013-10-23 09:39:36	2013-10-23 09:42:16	1
580	27	15	49	10	\N	\N	0	2013-10-23 09:39:36	2013-10-23 09:42:16	1
581	27	21	70	11	\N	\N	0	2013-10-23 09:39:36	2013-10-23 09:42:16	1
582	27	20	68	12	\N	\N	0	2013-10-23 09:39:36	2013-10-23 09:42:16	1
583	27	33	118	13	\N	\N	0	2013-10-23 09:39:36	2013-10-23 09:42:16	1
584	27	30	106	14	\N	\N	0	2013-10-23 09:39:36	2013-10-23 09:42:16	1
585	27	27	95	15	\N	\N	0	2013-10-23 09:39:36	2013-10-23 09:42:16	1
586	27	32	114	16	\N	\N	0	2013-10-23 09:39:36	2013-10-23 09:42:16	1
587	27	31	111	17	\N	\N	0	2013-10-23 09:39:36	2013-10-23 09:42:16	1
588	27	17	56	18	\N	\N	0	2013-10-23 09:39:36	2013-10-23 09:42:16	1
589	27	34	124	19	\N	\N	0	2013-10-23 09:39:36	2013-10-23 09:42:16	1
590	27	16	50	20	\N	\N	0	2013-10-23 09:39:36	2013-10-23 09:42:16	1
591	27	23	78	21	\N	\N	0	2013-10-23 09:39:36	2013-10-23 09:42:16	1
592	27	24	84	22	\N	\N	0	2013-10-23 09:39:36	2013-10-23 09:42:16	1
593	27	22	77	23	\N	\N	0	2013-10-23 09:39:36	2013-10-23 09:42:16	1
594	27	26	90	24	\N	\N	0	2013-10-23 09:39:36	2013-10-23 09:42:16	1
595	27	35	129	25	\N	\N	0	2013-10-23 09:39:36	2013-10-23 09:42:16	1
596	27	25	89	26	\N	\N	0	2013-10-23 09:39:36	2013-10-23 09:42:16	1
597	27	19	63	27	\N	\N	0	2013-10-23 09:39:36	2013-10-23 09:42:16	1
598	27	18	59	28	\N	\N	0	2013-10-23 09:39:36	2013-10-23 09:42:16	1
599	27	29	102	29	\N	\N	0	2013-10-23 09:39:36	2013-10-23 09:42:16	1
600	27	28	99	30	\N	\N	0	2013-10-23 09:39:36	2013-10-23 09:42:16	1
601	28	14	43	1	\N	\N	0	2013-10-23 09:44:47	2013-10-23 09:48:57	1
602	28	8	21	2	\N	\N	0	2013-10-23 09:44:47	2013-10-23 09:48:57	1
603	28	9	25	3	\N	\N	0	2013-10-23 09:44:47	2013-10-23 09:48:57	1
604	28	11	30	4	\N	\N	0	2013-10-23 09:44:47	2013-10-23 09:48:57	1
605	28	12	34	5	\N	\N	0	2013-10-23 09:44:47	2013-10-23 09:48:57	1
606	28	6	13	6	\N	\N	0	2013-10-23 09:44:47	2013-10-23 09:48:57	1
607	28	10	28	7	\N	\N	0	2013-10-23 09:44:47	2013-10-23 09:48:57	1
608	28	15	49	8	\N	\N	0	2013-10-23 09:44:47	2013-10-23 09:48:57	1
609	28	13	40	9	\N	\N	0	2013-10-23 09:44:47	2013-10-23 09:48:57	1
610	28	7	16	10	\N	\N	0	2013-10-23 09:44:47	2013-10-23 09:48:57	1
611	28	27	95	11	\N	\N	0	2013-10-23 09:44:47	2013-10-23 09:48:57	1
612	28	29	102	12	\N	\N	0	2013-10-23 09:44:47	2013-10-23 09:48:57	1
613	28	18	59	13	\N	\N	0	2013-10-23 09:44:47	2013-10-23 09:48:57	1
614	28	22	77	14	\N	\N	0	2013-10-23 09:44:47	2013-10-23 09:48:57	1
615	28	26	90	15	\N	\N	0	2013-10-23 09:44:47	2013-10-23 09:48:57	1
616	28	32	114	16	\N	\N	0	2013-10-23 09:44:47	2013-10-23 09:48:57	1
617	28	21	70	17	\N	\N	0	2013-10-23 09:44:47	2013-10-23 09:48:57	1
618	28	16	51	18	\N	\N	0	2013-10-23 09:44:47	2013-10-23 09:48:57	1
619	28	20	68	19	\N	\N	0	2013-10-23 09:44:47	2013-10-23 09:48:57	1
620	28	31	111	20	\N	\N	0	2013-10-23 09:44:47	2013-10-23 09:48:57	1
621	28	23	78	21	\N	\N	0	2013-10-23 09:44:47	2013-10-23 09:48:57	1
622	28	35	129	22	\N	\N	0	2013-10-23 09:44:47	2013-10-23 09:48:57	1
623	28	28	99	23	\N	\N	0	2013-10-23 09:44:47	2013-10-23 09:48:57	1
624	28	34	123	24	\N	\N	0	2013-10-23 09:44:47	2013-10-23 09:48:57	1
625	28	24	84	25	\N	\N	0	2013-10-23 09:44:47	2013-10-23 09:48:57	1
626	28	19	63	26	\N	\N	0	2013-10-23 09:44:47	2013-10-23 09:48:57	1
627	28	33	118	27	\N	\N	0	2013-10-23 09:44:47	2013-10-23 09:48:57	1
628	28	25	89	28	\N	\N	0	2013-10-23 09:44:47	2013-10-23 09:48:57	1
629	28	30	106	29	\N	\N	0	2013-10-23 09:44:47	2013-10-23 09:48:57	1
630	28	17	56	30	\N	\N	0	2013-10-23 09:44:47	2013-10-23 09:48:57	1
631	29	10	28	1	\N	\N	0	2013-10-23 09:51:15	2013-10-23 09:55:12	1
632	29	14	43	2	\N	\N	0	2013-10-23 09:51:15	2013-10-23 09:55:12	1
633	29	15	49	3	\N	\N	0	2013-10-23 09:51:15	2013-10-23 09:55:12	1
634	29	6	13	4	\N	\N	0	2013-10-23 09:51:15	2013-10-23 09:55:12	1
635	29	9	24	5	\N	\N	0	2013-10-23 09:51:15	2013-10-23 09:55:12	1
636	29	13	40	6	\N	\N	0	2013-10-23 09:51:15	2013-10-23 09:55:12	1
637	29	11	30	7	\N	\N	0	2013-10-23 09:51:15	2013-10-23 09:55:12	1
638	29	7	16	8	\N	\N	0	2013-10-23 09:51:15	2013-10-23 09:55:12	1
639	29	12	34	9	\N	\N	0	2013-10-23 09:51:15	2013-10-23 09:55:12	1
640	29	8	21	10	\N	\N	0	2013-10-23 09:51:15	2013-10-23 09:55:12	1
641	29	33	118	11	\N	\N	0	2013-10-23 09:51:15	2013-10-23 09:55:12	1
642	29	29	102	12	\N	\N	0	2013-10-23 09:51:15	2013-10-23 09:55:12	1
643	29	30	106	13	\N	\N	0	2013-10-23 09:51:15	2013-10-23 09:55:12	1
644	29	24	84	14	\N	\N	0	2013-10-23 09:51:15	2013-10-23 09:55:12	1
645	29	23	78	15	\N	\N	0	2013-10-23 09:51:15	2013-10-23 09:55:12	1
646	29	34	124	16	\N	\N	0	2013-10-23 09:51:15	2013-10-23 09:55:12	1
647	29	18	59	17	\N	\N	0	2013-10-23 09:51:15	2013-10-23 09:55:12	1
648	29	19	63	18	\N	\N	0	2013-10-23 09:51:15	2013-10-23 09:55:12	1
649	29	27	95	19	\N	\N	0	2013-10-23 09:51:15	2013-10-23 09:55:12	1
650	29	26	90	20	\N	\N	0	2013-10-23 09:51:15	2013-10-23 09:55:12	1
651	29	17	56	21	\N	\N	0	2013-10-23 09:51:15	2013-10-23 09:55:12	1
652	29	20	68	22	\N	\N	0	2013-10-23 09:51:15	2013-10-23 09:55:12	1
653	29	35	129	23	\N	\N	0	2013-10-23 09:51:15	2013-10-23 09:55:12	1
654	29	16	50	24	\N	\N	0	2013-10-23 09:51:15	2013-10-23 09:55:12	1
655	29	32	114	25	\N	\N	0	2013-10-23 09:51:15	2013-10-23 09:55:12	1
656	29	28	98	26	\N	\N	0	2013-10-23 09:51:15	2013-10-23 09:55:12	1
657	29	21	70	27	\N	\N	0	2013-10-23 09:51:15	2013-10-23 09:55:12	1
658	29	31	111	28	\N	\N	0	2013-10-23 09:51:15	2013-10-23 09:55:12	1
659	29	25	89	29	\N	\N	0	2013-10-23 09:51:15	2013-10-23 09:55:12	1
660	29	22	77	30	\N	\N	0	2013-10-23 09:51:15	2013-10-23 09:55:12	1
661	30	6	13	1	\N	\N	0	2013-10-23 09:57:08	2013-10-23 10:00:11	1
662	30	13	40	2	\N	\N	0	2013-10-23 09:57:08	2013-10-23 10:00:12	1
663	30	10	28	3	\N	\N	0	2013-10-23 09:57:08	2013-10-23 10:00:12	1
664	30	9	25	4	\N	\N	0	2013-10-23 09:57:08	2013-10-23 10:00:12	1
665	30	11	30	5	\N	\N	0	2013-10-23 09:57:08	2013-10-23 10:00:12	1
666	30	15	49	6	\N	\N	0	2013-10-23 09:57:08	2013-10-23 10:00:12	1
667	30	8	21	7	\N	\N	0	2013-10-23 09:57:08	2013-10-23 10:00:12	1
668	30	12	34	8	\N	\N	0	2013-10-23 09:57:08	2013-10-23 10:00:12	1
669	30	14	43	9	\N	\N	0	2013-10-23 09:57:08	2013-10-23 10:00:12	1
670	30	7	16	10	\N	\N	0	2013-10-23 09:57:08	2013-10-23 10:00:12	1
671	30	19	63	11	\N	\N	0	2013-10-23 09:57:08	2013-10-23 10:00:12	1
672	30	23	78	12	\N	\N	0	2013-10-23 09:57:08	2013-10-23 10:00:12	1
673	30	33	118	13	\N	\N	0	2013-10-23 09:57:08	2013-10-23 10:00:12	1
674	30	18	59	14	\N	\N	0	2013-10-23 09:57:08	2013-10-23 10:00:12	1
675	30	21	70	15	\N	\N	0	2013-10-23 09:57:08	2013-10-23 10:00:12	1
676	30	22	77	16	\N	\N	0	2013-10-23 09:57:08	2013-10-23 10:00:12	1
677	30	35	129	17	\N	\N	0	2013-10-23 09:57:08	2013-10-23 10:00:12	1
678	30	31	111	18	\N	\N	0	2013-10-23 09:57:08	2013-10-23 10:00:12	1
679	30	29	102	19	\N	\N	0	2013-10-23 09:57:08	2013-10-23 10:00:12	1
680	30	27	95	20	\N	\N	0	2013-10-23 09:57:08	2013-10-23 10:00:12	1
681	30	20	68	21	\N	\N	0	2013-10-23 09:57:08	2013-10-23 10:00:12	1
682	30	26	90	22	\N	\N	0	2013-10-23 09:57:08	2013-10-23 10:00:12	1
683	30	24	84	23	\N	\N	0	2013-10-23 09:57:08	2013-10-23 10:00:12	1
684	30	16	50	24	\N	\N	0	2013-10-23 09:57:08	2013-10-23 10:00:12	1
685	30	34	124	25	\N	\N	0	2013-10-23 09:57:08	2013-10-23 10:00:12	1
686	30	30	106	26	\N	\N	0	2013-10-23 09:57:08	2013-10-23 10:00:12	1
687	30	25	89	27	\N	\N	0	2013-10-23 09:57:08	2013-10-23 10:00:12	1
688	30	17	56	28	\N	\N	0	2013-10-23 09:57:08	2013-10-23 10:00:12	1
689	30	32	114	29	\N	\N	0	2013-10-23 09:57:08	2013-10-23 10:00:12	1
690	30	28	99	30	\N	\N	0	2013-10-23 09:57:08	2013-10-23 10:00:12	1
691	31	14	\N	1	\N	\N	0	2013-10-23 10:50:45	2013-10-23 10:50:45	1
692	31	15	\N	2	\N	\N	0	2013-10-23 10:50:45	2013-10-23 10:50:45	1
693	31	7	\N	3	\N	\N	0	2013-10-23 10:50:45	2013-10-23 10:50:45	1
694	31	10	\N	4	\N	\N	0	2013-10-23 10:50:45	2013-10-23 10:50:45	1
695	31	6	\N	5	\N	\N	0	2013-10-23 10:50:45	2013-10-23 10:50:45	1
696	31	11	\N	6	\N	\N	0	2013-10-23 10:50:45	2013-10-23 10:50:45	1
697	31	12	\N	7	\N	\N	0	2013-10-23 10:50:45	2013-10-23 10:50:45	1
698	31	8	\N	8	\N	\N	0	2013-10-23 10:50:45	2013-10-23 10:50:45	1
699	31	9	\N	9	\N	\N	0	2013-10-23 10:50:45	2013-10-23 10:50:45	1
700	31	13	\N	10	\N	\N	0	2013-10-23 10:50:45	2013-10-23 10:50:45	1
701	31	33	\N	11	\N	\N	0	2013-10-23 10:50:45	2013-10-23 10:50:45	1
702	31	30	\N	12	\N	\N	0	2013-10-23 10:50:45	2013-10-23 10:50:45	1
703	31	28	\N	13	\N	\N	0	2013-10-23 10:50:45	2013-10-23 10:50:45	1
704	31	24	\N	14	\N	\N	0	2013-10-23 10:50:45	2013-10-23 10:50:45	1
705	31	23	\N	15	\N	\N	0	2013-10-23 10:50:45	2013-10-23 10:50:45	1
706	31	26	\N	16	\N	\N	0	2013-10-23 10:50:45	2013-10-23 10:50:45	1
707	31	35	\N	17	\N	\N	0	2013-10-23 10:50:45	2013-10-23 10:50:45	1
708	31	21	\N	18	\N	\N	0	2013-10-23 10:50:45	2013-10-23 10:50:45	1
709	31	19	\N	19	\N	\N	0	2013-10-23 10:50:45	2013-10-23 10:50:45	1
710	31	32	\N	20	\N	\N	0	2013-10-23 10:50:45	2013-10-23 10:50:45	1
711	31	17	\N	21	\N	\N	0	2013-10-23 10:50:45	2013-10-23 10:50:45	1
712	31	25	\N	22	\N	\N	0	2013-10-23 10:50:45	2013-10-23 10:50:45	1
713	31	34	\N	23	\N	\N	0	2013-10-23 10:50:45	2013-10-23 10:50:45	1
714	31	18	\N	24	\N	\N	0	2013-10-23 10:50:45	2013-10-23 10:50:45	1
715	31	31	\N	25	\N	\N	0	2013-10-23 10:50:45	2013-10-23 10:50:45	1
716	31	29	\N	26	\N	\N	0	2013-10-23 10:50:45	2013-10-23 10:50:45	1
717	31	22	\N	27	\N	\N	0	2013-10-23 10:50:45	2013-10-23 10:50:45	1
718	31	20	\N	28	\N	\N	0	2013-10-23 10:50:45	2013-10-23 10:50:45	1
719	31	16	\N	29	\N	\N	0	2013-10-23 10:50:45	2013-10-23 10:50:45	1
720	31	27	\N	30	\N	\N	0	2013-10-23 10:50:46	2013-10-23 10:50:46	1
721	32	10	28	1	\N	\N	0	2013-10-24 01:38:51	2013-10-24 01:57:24	1
722	32	9	24	2	\N	\N	0	2013-10-24 01:38:51	2013-10-24 01:57:24	1
723	32	12	36	3	\N	\N	0	2013-10-24 01:38:51	2013-10-24 01:57:24	1
724	32	7	16	4	\N	\N	0	2013-10-24 01:38:51	2013-10-24 01:57:24	1
725	32	14	43	5	\N	\N	0	2013-10-24 01:38:51	2013-10-24 01:57:24	1
726	32	11	32	6	\N	\N	0	2013-10-24 01:38:51	2013-10-24 01:57:24	1
727	32	8	21	7	\N	\N	0	2013-10-24 01:38:51	2013-10-24 01:57:24	1
728	32	15	49	8	\N	\N	0	2013-10-24 01:38:51	2013-10-24 01:57:24	1
729	32	6	13	9	\N	\N	0	2013-10-24 01:38:51	2013-10-24 01:57:24	1
730	32	13	39	10	\N	\N	0	2013-10-24 01:38:51	2013-10-24 01:57:24	1
731	32	31	113	11	\N	\N	0	2013-10-24 01:38:51	2013-10-24 01:57:24	1
732	32	18	58	12	\N	\N	0	2013-10-24 01:38:51	2013-10-24 01:57:24	1
733	32	19	63	13	\N	\N	0	2013-10-24 01:38:51	2013-10-24 01:57:24	1
734	32	29	102	14	\N	\N	0	2013-10-24 01:38:51	2013-10-24 01:57:24	1
735	32	33	120	15	\N	\N	0	2013-10-24 01:38:51	2013-10-24 01:57:24	1
736	32	17	57	16	\N	\N	0	2013-10-24 01:38:51	2013-10-24 01:57:25	1
737	32	22	77	17	\N	\N	0	2013-10-24 01:38:51	2013-10-24 01:57:25	1
738	32	26	92	18	\N	\N	0	2013-10-24 01:38:51	2013-10-24 01:57:25	1
739	32	21	73	19	\N	\N	0	2013-10-24 01:38:51	2013-10-24 01:57:25	1
740	32	20	68	20	\N	\N	0	2013-10-24 01:38:51	2013-10-24 01:57:25	1
741	32	25	89	21	\N	\N	0	2013-10-24 01:38:51	2013-10-24 01:57:25	1
742	32	16	51	22	\N	\N	0	2013-10-24 01:38:51	2013-10-24 01:57:25	1
743	32	28	99	23	\N	\N	0	2013-10-24 01:38:51	2013-10-24 01:57:25	1
744	32	35	129	24	\N	\N	0	2013-10-24 01:38:51	2013-10-24 01:57:25	1
745	32	24	84	25	\N	\N	0	2013-10-24 01:38:51	2013-10-24 01:57:25	1
746	32	23	78	26	\N	\N	0	2013-10-24 01:38:51	2013-10-24 01:57:25	1
747	32	27	95	27	\N	\N	0	2013-10-24 01:38:51	2013-10-24 01:57:25	1
748	32	34	123	28	\N	\N	0	2013-10-24 01:38:51	2013-10-24 01:57:25	1
749	32	30	109	29	\N	\N	0	2013-10-24 01:38:51	2013-10-24 01:57:25	1
750	32	32	114	30	\N	\N	0	2013-10-24 01:38:51	2013-10-24 01:57:25	1
751	33	15	49	1	\N	\N	0	2013-10-24 02:05:40	2013-10-24 02:08:46	1
752	33	6	13	2	\N	\N	0	2013-10-24 02:05:40	2013-10-24 02:08:46	1
753	33	9	25	3	\N	\N	0	2013-10-24 02:05:40	2013-10-24 02:08:46	1
754	33	10	28	4	\N	\N	0	2013-10-24 02:05:40	2013-10-24 02:08:46	1
755	33	12	34	5	\N	\N	0	2013-10-24 02:05:40	2013-10-24 02:08:46	1
756	33	7	16	6	\N	\N	0	2013-10-24 02:05:40	2013-10-24 02:08:46	1
757	33	13	40	7	\N	\N	0	2013-10-24 02:05:40	2013-10-24 02:08:46	1
758	33	14	43	8	\N	\N	0	2013-10-24 02:05:40	2013-10-24 02:08:46	1
759	33	8	21	9	\N	\N	0	2013-10-24 02:05:40	2013-10-24 02:08:46	1
760	33	11	30	10	\N	\N	0	2013-10-24 02:05:40	2013-10-24 02:08:46	1
761	33	29	102	11	\N	\N	0	2013-10-24 02:05:40	2013-10-24 02:08:46	1
762	33	28	99	12	\N	\N	0	2013-10-24 02:05:40	2013-10-24 02:08:46	1
763	33	35	129	13	\N	\N	0	2013-10-24 02:05:40	2013-10-24 02:08:46	1
764	33	25	89	14	\N	\N	0	2013-10-24 02:05:40	2013-10-24 02:08:46	1
765	33	17	56	15	\N	\N	0	2013-10-24 02:05:40	2013-10-24 02:08:46	1
766	33	26	90	16	\N	\N	0	2013-10-24 02:05:40	2013-10-24 02:08:46	1
767	33	22	77	17	\N	\N	0	2013-10-24 02:05:40	2013-10-24 02:08:46	1
768	33	20	68	18	\N	\N	0	2013-10-24 02:05:40	2013-10-24 02:08:46	1
769	33	21	70	19	\N	\N	0	2013-10-24 02:05:40	2013-10-24 02:08:46	1
770	33	30	106	20	\N	\N	0	2013-10-24 02:05:40	2013-10-24 02:08:46	1
771	33	33	118	21	\N	\N	0	2013-10-24 02:05:40	2013-10-24 02:08:46	1
772	33	18	59	22	\N	\N	0	2013-10-24 02:05:40	2013-10-24 02:08:46	1
773	33	27	95	23	\N	\N	0	2013-10-24 02:05:40	2013-10-24 02:08:46	1
774	33	19	63	24	\N	\N	0	2013-10-24 02:05:40	2013-10-24 02:08:46	1
775	33	34	124	25	\N	\N	0	2013-10-24 02:05:40	2013-10-24 02:08:46	1
776	33	24	84	26	\N	\N	0	2013-10-24 02:05:40	2013-10-24 02:08:46	1
777	33	32	114	27	\N	\N	0	2013-10-24 02:05:40	2013-10-24 02:08:46	1
778	33	23	78	28	\N	\N	0	2013-10-24 02:05:40	2013-10-24 02:08:47	1
779	33	31	111	29	\N	\N	0	2013-10-24 02:05:40	2013-10-24 02:08:47	1
780	33	16	52	30	\N	\N	0	2013-10-24 02:05:40	2013-10-24 02:08:47	1
781	34	74	\N	1	\N	\N	0	2013-10-28 07:50:57	2013-10-28 07:50:57	1
782	34	47	\N	2	\N	\N	0	2013-10-28 07:50:57	2013-10-28 07:50:57	1
783	34	42	\N	3	\N	\N	0	2013-10-28 07:50:57	2013-10-28 07:50:57	1
784	34	73	\N	4	\N	\N	0	2013-10-28 07:50:57	2013-10-28 07:50:57	1
785	34	71	\N	5	\N	\N	0	2013-10-28 07:50:57	2013-10-28 07:50:57	1
786	34	78	\N	6	\N	\N	0	2013-10-28 07:50:57	2013-10-28 07:50:57	1
787	34	64	\N	7	\N	\N	0	2013-10-28 07:50:57	2013-10-28 07:50:57	1
788	34	56	\N	8	\N	\N	0	2013-10-28 07:50:57	2013-10-28 07:50:57	1
789	34	44	\N	9	\N	\N	0	2013-10-28 07:50:57	2013-10-28 07:50:57	1
790	34	54	\N	10	\N	\N	0	2013-10-28 07:50:57	2013-10-28 07:50:57	1
791	34	52	\N	11	\N	\N	0	2013-10-28 07:50:57	2013-10-28 07:50:57	1
792	34	67	\N	12	\N	\N	0	2013-10-28 07:50:57	2013-10-28 07:50:57	1
793	34	51	\N	13	\N	\N	0	2013-10-28 07:50:57	2013-10-28 07:50:57	1
794	34	77	\N	14	\N	\N	0	2013-10-28 07:50:57	2013-10-28 07:50:57	1
795	34	58	\N	15	\N	\N	0	2013-10-28 07:50:57	2013-10-28 07:50:57	1
796	34	60	\N	16	\N	\N	0	2013-10-28 07:50:58	2013-10-28 07:50:58	1
797	34	80	\N	17	\N	\N	0	2013-10-28 07:50:58	2013-10-28 07:50:58	1
798	34	53	\N	18	\N	\N	0	2013-10-28 07:50:58	2013-10-28 07:50:58	1
799	34	43	\N	19	\N	\N	0	2013-10-28 07:50:58	2013-10-28 07:50:58	1
800	34	2	\N	20	\N	\N	0	2013-10-28 07:50:58	2013-10-28 07:50:58	1
801	34	97	\N	21	\N	\N	0	2013-10-28 07:50:58	2013-10-28 07:50:58	1
802	34	84	\N	22	\N	\N	0	2013-10-28 07:50:58	2013-10-28 07:50:58	1
803	34	90	\N	23	\N	\N	0	2013-10-28 07:50:58	2013-10-28 07:50:58	1
804	34	86	\N	24	\N	\N	0	2013-10-28 07:50:58	2013-10-28 07:50:58	1
805	34	88	\N	25	\N	\N	0	2013-10-28 07:50:58	2013-10-28 07:50:58	1
806	35	72	244	1	\N	\N	0	2013-10-28 07:51:32	2013-10-28 08:00:27	1
807	35	78	263	2	\N	\N	0	2013-10-28 07:51:32	2013-10-28 08:00:27	1
808	35	45	153	3	\N	\N	0	2013-10-28 07:51:32	2013-10-28 08:00:27	1
809	35	50	172	4	\N	\N	0	2013-10-28 07:51:32	2013-10-28 08:00:27	1
810	35	1	1	5	\N	\N	0	2013-10-28 07:51:32	2013-10-28 08:00:27	1
811	35	49	169	6	\N	\N	0	2013-10-28 07:51:32	2013-10-28 08:00:27	1
812	35	69	235	7	\N	\N	0	2013-10-28 07:51:32	2013-10-28 08:00:27	1
813	35	81	276	8	\N	\N	0	2013-10-28 07:51:32	2013-10-28 08:00:27	1
814	35	75	255	9	\N	\N	0	2013-10-28 07:51:32	2013-10-28 08:00:27	1
815	35	56	194	10	\N	\N	0	2013-10-28 07:51:32	2013-10-28 08:00:27	1
816	35	47	160	11	\N	\N	0	2013-10-28 07:51:32	2013-10-28 08:00:27	1
817	35	74	251	12	\N	\N	0	2013-10-28 07:51:32	2013-10-28 08:00:27	1
818	35	73	250	13	\N	\N	0	2013-10-28 07:51:32	2013-10-28 08:00:27	1
819	35	63	216	14	\N	\N	0	2013-10-28 07:51:32	2013-10-28 08:00:27	1
820	35	70	238	15	\N	\N	0	2013-10-28 07:51:32	2013-10-28 08:00:27	1
821	35	64	222	16	\N	\N	0	2013-10-28 07:51:32	2013-10-28 08:00:27	1
822	35	51	177	17	\N	\N	0	2013-10-28 07:51:32	2013-10-28 08:00:27	1
823	35	55	191	18	\N	\N	0	2013-10-28 07:51:32	2013-10-28 08:00:27	1
824	35	62	215	19	\N	\N	0	2013-10-28 07:51:32	2013-10-28 08:00:27	1
825	35	48	165	20	\N	\N	0	2013-10-28 07:51:32	2013-10-28 08:00:27	1
826	35	99	\N	21		\N	0	2013-10-28 07:51:32	2013-10-28 08:00:27	1
827	35	93	\N	22		\N	0	2013-10-28 07:51:32	2013-10-28 08:00:27	1
828	35	86	\N	23		\N	0	2013-10-28 07:51:32	2013-10-28 08:00:27	1
829	35	95	\N	24		\N	0	2013-10-28 07:51:32	2013-10-28 08:00:27	1
830	35	91	\N	25		\N	0	2013-10-28 07:51:32	2013-10-28 08:00:27	1
831	36	78	263	1	\N	\N	0	2013-10-28 09:43:54	2013-10-28 10:06:43	1
832	36	72	244	2	\N	\N	0	2013-10-28 09:43:54	2013-10-28 10:06:43	1
833	36	69	235	3	\N	\N	0	2013-10-28 09:43:54	2013-10-28 10:06:43	1
834	36	58	199	4	\N	\N	0	2013-10-28 09:43:54	2013-10-28 10:06:43	1
835	36	57	198	5	\N	\N	0	2013-10-28 09:43:54	2013-10-28 10:06:43	1
836	36	44	151	6	\N	\N	0	2013-10-28 09:43:54	2013-10-28 10:06:43	1
837	36	63	217	7	\N	\N	0	2013-10-28 09:43:54	2013-10-28 10:06:43	1
838	36	2	6	8	\N	\N	0	2013-10-28 09:43:54	2013-10-28 10:06:43	1
839	36	51	174	9	\N	\N	0	2013-10-28 09:43:54	2013-10-28 10:06:43	1
840	36	64	222	10	\N	\N	0	2013-10-28 09:43:54	2013-10-28 10:06:43	1
841	36	52	181	11	\N	\N	0	2013-10-28 09:43:54	2013-10-28 10:06:43	1
842	36	81	275	12	\N	\N	0	2013-10-28 09:43:54	2013-10-28 10:06:43	1
843	36	49	168	13	\N	\N	0	2013-10-28 09:43:54	2013-10-28 10:06:43	1
844	36	79	266	14	\N	\N	0	2013-10-28 09:43:54	2013-10-28 10:06:43	1
845	36	53	183	15	\N	\N	0	2013-10-28 09:43:54	2013-10-28 10:06:43	1
846	36	75	254	16	\N	\N	0	2013-10-28 09:43:54	2013-10-28 10:06:43	1
847	36	80	271	17	\N	\N	0	2013-10-28 09:43:54	2013-10-28 10:06:43	1
848	36	71	241	18	\N	\N	0	2013-10-28 09:43:54	2013-10-28 10:06:43	1
849	36	59	202	19	\N	\N	0	2013-10-28 09:43:54	2013-10-28 10:06:43	1
850	36	74	251	20	\N	\N	0	2013-10-28 09:43:54	2013-10-28 10:06:43	1
851	36	82	\N	21	SELECT * FROM books LIMIT 100,25	\N	0	2013-10-28 09:43:54	2013-10-28 10:06:43	1
852	36	4	\N	22	SELECT DISTINCT [column_name] FROM [table_name]	\N	1	2013-10-28 09:43:54	2013-10-28 10:50:29	1
853	36	87	\N	23	Dealing with data from dependent tables first, then re-excute DELETE command	\N	1	2013-10-28 09:43:54	2013-10-28 10:50:29	1
854	36	3	\N	24	The number of rows affected is automatically shown after executing query.	\N	0	2013-10-28 09:43:54	2013-10-28 10:06:43	1
855	36	91	\N	25	CONCAT ('Str1', 'Str2')	\N	1	2013-10-28 09:43:54	2013-10-28 10:50:29	1
856	37	2	5	1	\N	\N	0	2013-10-28 09:43:55	2013-10-28 10:12:24	1
857	37	52	181	2	\N	\N	0	2013-10-28 09:43:55	2013-10-28 10:12:24	1
858	37	45	153	3	\N	\N	0	2013-10-28 09:43:55	2013-10-28 10:12:24	1
859	37	44	151	4	\N	\N	0	2013-10-28 09:43:55	2013-10-28 10:12:24	1
860	37	76	257	5	\N	\N	0	2013-10-28 09:43:55	2013-10-28 10:12:24	1
861	37	50	172	6	\N	\N	0	2013-10-28 09:43:55	2013-10-28 10:12:24	1
862	37	64	222	7	\N	\N	0	2013-10-28 09:43:55	2013-10-28 10:12:24	1
863	37	61	208	8	\N	\N	0	2013-10-28 09:43:55	2013-10-28 10:12:24	1
864	37	81	275	9	\N	\N	0	2013-10-28 09:43:55	2013-10-28 10:12:24	1
865	37	72	244	10	\N	\N	0	2013-10-28 09:43:55	2013-10-28 10:12:24	1
866	37	71	241	11	\N	\N	0	2013-10-28 09:43:55	2013-10-28 10:12:24	1
867	37	48	164	12	\N	\N	0	2013-10-28 09:43:55	2013-10-28 10:12:24	1
868	37	54	187	13	\N	\N	0	2013-10-28 09:43:55	2013-10-28 10:12:24	1
869	37	62	215	14	\N	\N	0	2013-10-28 09:43:55	2013-10-28 10:12:24	1
870	37	49	169	15	\N	\N	0	2013-10-28 09:43:55	2013-10-28 10:12:24	1
871	37	73	250	16	\N	\N	0	2013-10-28 09:43:55	2013-10-28 10:12:24	1
872	37	60	205	17	\N	\N	0	2013-10-28 09:43:55	2013-10-28 10:12:24	1
873	37	53	183	18	\N	\N	0	2013-10-28 09:43:55	2013-10-28 10:12:24	1
874	37	74	252	19	\N	\N	0	2013-10-28 09:43:55	2013-10-28 10:12:24	1
875	37	43	147	20	\N	\N	0	2013-10-28 09:43:55	2013-10-28 10:12:24	1
876	37	93	\N	21		\N	0	2013-10-28 09:43:55	2013-10-28 10:12:24	1
877	37	92	\N	22	VARCHAR()	\N	0	2013-10-28 09:43:55	2013-10-28 10:12:24	1
878	37	94	\N	23		\N	0	2013-10-28 09:43:55	2013-10-28 10:12:24	1
879	37	4	\N	24	SELECT DISTINCT column-name(s) FROM table-name	\N	1	2013-10-28 09:43:55	2013-10-28 10:49:06	1
880	37	89	\N	25	ALTER TABLE tablename sau đó  MODIFY columnname VARCHAR(50)	\N	1	2013-10-28 09:43:55	2013-10-28 10:49:06	1
881	38	73	250	1	\N	\N	0	2013-10-28 09:44:01	2013-10-28 10:00:04	1
882	38	67	232	2	\N	\N	0	2013-10-28 09:44:01	2013-10-28 10:00:04	1
883	38	52	181	3	\N	\N	0	2013-10-28 09:44:01	2013-10-28 10:00:04	1
884	38	43	144	4	\N	\N	0	2013-10-28 09:44:01	2013-10-28 10:00:04	1
885	38	47	160	5	\N	\N	0	2013-10-28 09:44:01	2013-10-28 10:00:04	1
886	38	74	251	6	\N	\N	0	2013-10-28 09:44:01	2013-10-28 10:00:04	1
887	38	68	233	7	\N	\N	0	2013-10-28 09:44:01	2013-10-28 10:00:04	1
888	38	44	151	8	\N	\N	0	2013-10-28 09:44:01	2013-10-28 10:00:04	1
889	38	75	254	9	\N	\N	0	2013-10-28 09:44:01	2013-10-28 10:00:04	1
890	38	48	164	10	\N	\N	0	2013-10-28 09:44:01	2013-10-28 10:00:04	1
891	38	49	168	11	\N	\N	0	2013-10-28 09:44:01	2013-10-28 10:00:04	1
892	38	2	6	12	\N	\N	0	2013-10-28 09:44:01	2013-10-28 10:00:04	1
893	38	72	244	13	\N	\N	0	2013-10-28 09:44:01	2013-10-28 10:00:04	1
894	38	64	222	14	\N	\N	0	2013-10-28 09:44:01	2013-10-28 10:00:04	1
895	38	65	223	15	\N	\N	0	2013-10-28 09:44:01	2013-10-28 10:00:04	1
896	38	76	257	16	\N	\N	0	2013-10-28 09:44:01	2013-10-28 10:00:04	1
897	38	59	202	17	\N	\N	0	2013-10-28 09:44:01	2013-10-28 10:00:04	1
898	38	60	205	18	\N	\N	0	2013-10-28 09:44:01	2013-10-28 10:00:04	1
899	38	45	153	19	\N	\N	0	2013-10-28 09:44:01	2013-10-28 10:00:04	1
900	38	80	271	20	\N	\N	0	2013-10-28 09:44:01	2013-10-28 10:00:04	1
901	38	95	\N	21	return all record	\N	0	2013-10-28 09:44:01	2013-10-28 10:00:04	1
902	38	100	\N	22	The TIMESTAMP data type has a range of '1970-01-01 00:00:01' UTC to '2038-01-09 03:14:07' UTC	\N	0	2013-10-28 09:44:01	2013-10-28 10:00:04	1
903	38	90	\N	23	ALTER TABLE Persons DROP COLUMN DateOfBirth	\N	1	2013-10-28 09:44:01	2013-10-28 10:48:09	1
904	38	87	\N	24	ON DELETE CASCADE	\N	1	2013-10-28 09:44:01	2013-10-28 10:48:09	1
905	38	96	\N	25	Matches any string that contains at least	\N	1	2013-10-28 09:44:01	2013-10-28 10:48:09	1
906	39	57	198	1	\N	\N	0	2013-10-28 09:44:04	2013-10-28 10:05:00	1
907	39	81	276	2	\N	\N	0	2013-10-28 09:44:04	2013-10-28 10:05:00	1
908	39	46	156	3	\N	\N	0	2013-10-28 09:44:04	2013-10-28 10:05:00	1
909	39	73	250	4	\N	\N	0	2013-10-28 09:44:04	2013-10-28 10:05:00	1
910	39	70	\N	5	\N	\N	0	2013-10-28 09:44:04	2013-10-28 09:44:04	1
911	39	78	264	6	\N	\N	0	2013-10-28 09:44:04	2013-10-28 10:05:00	1
912	39	44	149	7	\N	\N	0	2013-10-28 09:44:04	2013-10-28 10:05:00	1
913	39	61	208	8	\N	\N	0	2013-10-28 09:44:04	2013-10-28 10:05:00	1
914	39	62	215	9	\N	\N	0	2013-10-28 09:44:04	2013-10-28 10:05:00	1
915	39	76	257	10	\N	\N	0	2013-10-28 09:44:04	2013-10-28 10:05:00	1
916	39	52	181	11	\N	\N	0	2013-10-28 09:44:04	2013-10-28 10:05:00	1
917	39	48	166	12	\N	\N	0	2013-10-28 09:44:04	2013-10-28 10:05:00	1
918	39	54	187	13	\N	\N	0	2013-10-28 09:44:04	2013-10-28 10:05:00	1
919	39	71	241	14	\N	\N	0	2013-10-28 09:44:04	2013-10-28 10:05:00	1
920	39	69	235	15	\N	\N	0	2013-10-28 09:44:04	2013-10-28 10:05:00	1
921	39	77	260	16	\N	\N	0	2013-10-28 09:44:04	2013-10-28 10:05:01	1
922	39	66	229	17	\N	\N	0	2013-10-28 09:44:04	2013-10-28 10:05:01	1
923	39	45	153	18	\N	\N	0	2013-10-28 09:44:04	2013-10-28 10:05:01	1
924	39	42	143	19	\N	\N	0	2013-10-28 09:44:04	2013-10-28 10:05:01	1
925	39	72	244	20	\N	\N	0	2013-10-28 09:44:04	2013-10-28 10:05:01	1
926	39	83	\N	21	FALSE	\N	0	2013-10-28 09:44:04	2013-10-28 10:05:01	1
927	39	88	\N	22	FALSE	\N	0	2013-10-28 09:44:04	2013-10-28 10:05:01	1
928	39	99	\N	23	FALSE	\N	0	2013-10-28 09:44:04	2013-10-28 10:05:01	1
929	39	4	\N	24	TRUE	\N	0	2013-10-28 09:44:04	2013-10-28 10:05:01	1
930	39	90	\N	25	TRUE	\N	0	2013-10-28 09:44:04	2013-10-28 10:05:01	1
931	40	80	271	1	\N	\N	0	2013-10-28 09:44:18	2013-10-28 09:51:56	1
932	40	52	181	2	\N	\N	0	2013-10-28 09:44:18	2013-10-28 09:51:56	1
933	40	60	205	3	\N	\N	0	2013-10-28 09:44:18	2013-10-28 09:51:56	1
934	40	53	183	4	\N	\N	0	2013-10-28 09:44:18	2013-10-28 09:51:56	1
935	40	69	235	5	\N	\N	0	2013-10-28 09:44:18	2013-10-28 09:51:56	1
936	40	74	251	6	\N	\N	0	2013-10-28 09:44:18	2013-10-28 09:51:56	1
937	40	42	143	7	\N	\N	0	2013-10-28 09:44:18	2013-10-28 09:51:56	1
938	40	54	187	8	\N	\N	0	2013-10-28 09:44:18	2013-10-28 09:51:56	1
939	40	50	172	9	\N	\N	0	2013-10-28 09:44:18	2013-10-28 09:51:56	1
940	40	77	260	10	\N	\N	0	2013-10-28 09:44:18	2013-10-28 09:51:56	1
941	40	57	198	11	\N	\N	0	2013-10-28 09:44:18	2013-10-28 09:51:56	1
942	40	81	275	12	\N	\N	0	2013-10-28 09:44:18	2013-10-28 09:51:56	1
943	40	47	160	13	\N	\N	0	2013-10-28 09:44:18	2013-10-28 09:51:56	1
944	40	1	1	14	\N	\N	0	2013-10-28 09:44:18	2013-10-28 09:51:56	1
945	40	44	151	15	\N	\N	0	2013-10-28 09:44:18	2013-10-28 09:51:56	1
946	40	75	254	16	\N	\N	0	2013-10-28 09:44:18	2013-10-28 09:51:56	1
947	40	73	250	17	\N	\N	0	2013-10-28 09:44:18	2013-10-28 09:51:56	1
948	40	59	202	18	\N	\N	0	2013-10-28 09:44:18	2013-10-28 09:51:56	1
949	40	51	174	19	\N	\N	0	2013-10-28 09:44:18	2013-10-28 09:51:56	1
950	40	67	230	20	\N	\N	0	2013-10-28 09:44:19	2013-10-28 09:51:56	1
951	40	82	\N	21	select top 100 * from books where day(starting) > 25	\N	0	2013-10-28 09:44:19	2013-10-28 10:02:39	1
952	40	98	\N	22	using DATE_FORMAT or TIME_FORMAT 	\N	1	2013-10-28 09:44:19	2013-10-28 10:45:00	1
953	40	90	\N	23	using ALTER TABLE table_name DROP COLUMN column_name	\N	1	2013-10-28 09:44:19	2013-10-28 10:45:00	1
954	40	99	\N	24	using DATEADD function	\N	1	2013-10-28 09:44:19	2013-10-28 10:45:00	1
955	40	87	\N	25	Change the foreign key constraint to on delete cascade or Delete all child rows before try deleting parent rows	\N	1	2013-10-28 09:44:19	2013-10-28 10:45:00	1
956	41	47	162	1	\N	\N	0	2013-10-28 09:44:38	2013-10-28 10:08:16	1
957	41	74	251	2	\N	\N	0	2013-10-28 09:44:38	2013-10-28 10:08:16	1
958	41	1	1	3	\N	\N	0	2013-10-28 09:44:38	2013-10-28 10:08:16	1
959	41	67	232	4	\N	\N	0	2013-10-28 09:44:38	2013-10-28 10:08:16	1
960	41	46	156	5	\N	\N	0	2013-10-28 09:44:38	2013-10-28 10:08:16	1
961	41	56	194	6	\N	\N	0	2013-10-28 09:44:39	2013-10-28 10:08:16	1
962	41	51	177	7	\N	\N	0	2013-10-28 09:44:39	2013-10-28 10:08:16	1
963	41	78	264	8	\N	\N	0	2013-10-28 09:44:39	2013-10-28 10:08:16	1
964	41	75	254	9	\N	\N	0	2013-10-28 09:44:39	2013-10-28 10:08:16	1
965	41	62	212	10	\N	\N	0	2013-10-28 09:44:39	2013-10-28 10:08:16	1
966	41	45	153	11	\N	\N	0	2013-10-28 09:44:39	2013-10-28 10:08:16	1
967	41	44	151	12	\N	\N	0	2013-10-28 09:44:39	2013-10-28 10:08:16	1
968	41	52	181	13	\N	\N	0	2013-10-28 09:44:39	2013-10-28 10:08:16	1
969	41	43	147	14	\N	\N	0	2013-10-28 09:44:39	2013-10-28 10:08:16	1
970	41	2	6	15	\N	\N	0	2013-10-28 09:44:39	2013-10-28 10:08:16	1
971	41	58	199	16	\N	\N	0	2013-10-28 09:44:39	2013-10-28 10:08:16	1
972	41	57	197	17	\N	\N	0	2013-10-28 09:44:39	2013-10-28 10:08:16	1
973	41	68	233	18	\N	\N	0	2013-10-28 09:44:39	2013-10-28 10:08:16	1
974	41	49	170	19	\N	\N	0	2013-10-28 09:44:39	2013-10-28 10:08:16	1
975	41	54	187	20	\N	\N	0	2013-10-28 09:44:39	2013-10-28 10:08:16	1
976	41	89	\N	21	    ALTER TABLE tablename     MODIFY columnname VARCHAR(50)	\N	1	2013-10-28 09:44:39	2013-10-28 10:42:15	1
977	41	100	\N	22	 MySQL timestamps  represented in readable YYYY-MM-DD	\N	1	2013-10-28 09:44:39	2013-10-28 10:42:15	1
978	41	87	\N	23		\N	0	2013-10-28 09:44:39	2013-10-28 10:08:16	1
979	41	3	\N	24	SELECT ROW_COUNT();	\N	0	2013-10-28 09:44:39	2013-10-28 10:08:16	1
980	41	83	\N	25	SELECT SQL_CALC_FOUND_ROWS page_title FROM web_pages LIMIT 1,10;  SELECT FOUND_ROWS();	\N	1	2013-10-28 09:44:39	2013-10-28 10:42:15	1
981	42	101	\N	1		\N	0	2013-10-28 10:00:37	2013-10-28 11:00:46	1
982	43	101	\N	1	a. SELECT bo.* FROM Books bo INNER JOIN Borrows br ON bo.id = br.book_id  WHERE YEAR(br.borrow_time) = 2011 GROUP BY br.book_id HAVING COUNT(*) >= 10;\r\n\r\nb. SELECT re.*  FROM Readers re INNER JOIN Borrows br ON re.id = br.reader_id GROUP BY br.reader_id HAVING COUNT(br.book_id) >= 10\r\n\r\nc. SELECT DISTINCT bo2.* FROM  Books bo2\r\nINNER JOIN Borrows br2 ON br2.book_id = bo2.id\r\nWHERE return_time is null AND reader_id IN (SELECT re.id FROM Readers re INNER JOIN Borrows br ON re.id = br.reader_id GROUP BY br.reader_id HAVING COUNT(br.book_id) >= 10)\r\n\r\nd. SELECT bo.* FROM Books bo INNER JOIN Authors au ON bo.author_id = au.id WHERE au.name = 'Stephen King' AND bo.id NOT IN (SELECT DISTINCT book_id FROM Borrows WHERE return_time is null)	43/1383010447db.png	0	2013-10-28 10:05:30	2013-10-29 01:34:07	1
983	44	41	\N	1	\N	\N	0	2013-10-28 10:05:36	2013-10-28 10:05:36	1
984	45	101	\N	1	\N	\N	0	2013-10-28 10:06:59	2013-10-28 10:06:59	1
985	46	101	\N	1	\N	\N	0	2013-10-28 10:08:57	2013-10-28 10:08:57	1
986	47	101	\N	1		47/1382958005anh.png	0	2013-10-28 10:13:11	2013-10-28 11:00:05	1
987	48	41	\N	1	a.\r\nSELECT a.* FROM books AS a, borrows AS b WHERE a.id = b.book_id AND YEAR(b.time_borrow) = 2011 GROUP BY a.id HAVING COUNT(a.id) >= 10;\r\nb.\r\nmysql> SELECT * FROM borrows AS a, readers AS b WHERE a.reader_id = b.id GROUP BY a.reader_id HAVING COUNT(DISTINCT a.book_id) >=2;\r\nc.\r\nSELECT a.* FROM books AS a, (SELECT a.book_id FROM borrows AS a, readers AS b WHERE a.reader_id = b.id GROUP BY a.reader_id HAVING COUNT(DISTINCT a.book_id) >=2) AS c WHERE a.id = c.book_id;\r\n\r\nd.\r\nSELECT a.* FROM books AS a, borrows AS b, authors AS c WHERE a.id = b.book_id AND a.author_id = c.id AND YEAR(b.time_borrow) = 2011 AND c.name = 'Stephen King' GROUP BY a.id HAVING COUNT(a.id) = 0;	\N	1	2013-10-28 11:03:45	2013-10-29 02:27:10	1
988	49	41	\N	1	\N	\N	0	2013-10-29 01:28:06	2013-10-29 01:28:06	1
989	50	41	\N	1	\N	\N	0	2013-10-29 01:28:42	2013-10-29 01:28:42	1
990	51	41	\N	1	a. CREATE VIEW Registers1 AS SELECT Students.name, Students.id, Subjects.id sub_id, Subject.name sub_name FROM Students, Registers \r\nINNER JOIN Registers ON Students.id = Registers.stuid\r\nINNER JOIN Subjects ON Subjects.id = Registers.subid;\r\n\r\nSELECT e.name FROM Register1 e, Registers r\r\nWHERE ( ( e.id = r.id ) AND (e.sub_name = X) and ( r.sub_name = Y) )\r\nb. SELECT Teachers.name FROM Teachers \r\nINNER JOIN Teaching ON Teachers.id = Teaching.teaid\r\nGROUP BY Teaching.teaid \r\nHAVING COUNT(Teaching.claid) >5;\r\n	51/1383013398h.png	0	2013-10-29 01:42:45	2013-10-29 02:23:18	1
991	52	63	216	1	\N	\N	0	2013-10-29 01:47:38	2013-10-29 02:10:24	1
992	52	60	205	2	\N	\N	0	2013-10-29 01:47:38	2013-10-29 02:10:24	1
993	52	54	187	3	\N	\N	0	2013-10-29 01:47:38	2013-10-29 02:10:24	1
994	52	47	160	4	\N	\N	0	2013-10-29 01:47:38	2013-10-29 02:10:24	1
995	52	70	239	5	\N	\N	0	2013-10-29 01:47:38	2013-10-29 02:10:24	1
996	52	80	271	6	\N	\N	0	2013-10-29 01:47:38	2013-10-29 02:10:24	1
997	52	66	229	7	\N	\N	0	2013-10-29 01:47:38	2013-10-29 02:10:24	1
998	52	49	169	8	\N	\N	0	2013-10-29 01:47:38	2013-10-29 02:10:24	1
999	52	76	257	9	\N	\N	0	2013-10-29 01:47:38	2013-10-29 02:10:24	1
1000	52	42	143	10	\N	\N	0	2013-10-29 01:47:38	2013-10-29 02:10:24	1
1001	52	2	6	11	\N	\N	0	2013-10-29 01:47:38	2013-10-29 02:10:24	1
1002	52	75	254	12	\N	\N	0	2013-10-29 01:47:38	2013-10-29 02:10:24	1
1003	52	46	156	13	\N	\N	0	2013-10-29 01:47:38	2013-10-29 02:10:24	1
1004	52	62	215	14	\N	\N	0	2013-10-29 01:47:38	2013-10-29 02:10:24	1
1005	52	79	266	15	\N	\N	0	2013-10-29 01:47:38	2013-10-29 02:10:24	1
1006	52	56	194	16	\N	\N	0	2013-10-29 01:47:38	2013-10-29 02:10:24	1
1007	52	73	249	17	\N	\N	0	2013-10-29 01:47:38	2013-10-29 02:10:24	1
1008	52	64	222	18	\N	\N	0	2013-10-29 01:47:38	2013-10-29 02:10:24	1
1009	52	48	166	19	\N	\N	0	2013-10-29 01:47:38	2013-10-29 02:10:24	1
1010	52	69	235	20	\N	\N	0	2013-10-29 01:47:38	2013-10-29 02:10:24	1
1011	52	97	\N	21	 SELECT * FROM table WHERE MONTH(FROM_UNIXTIME(TIMESTAMP))	\N	0	2013-10-29 01:47:38	2013-10-29 02:10:24	1
1012	52	87	\N	22		\N	0	2013-10-29 01:47:38	2013-10-29 02:10:24	1
1013	52	86	\N	23	get all name user, isp user from isps table, using user_id is key	\N	0	2013-10-29 01:47:38	2013-10-29 02:10:24	1
1014	52	84	\N	24	select * from team where game_id in (2,4,6,8)	\N	1	2013-10-29 01:47:38	2013-10-29 02:14:38	1
1015	52	89	\N	25	ALTER COLUMN SET DATA VARCHAR(50)	\N	0	2013-10-29 01:47:38	2013-10-29 02:10:24	1
1016	53	101	\N	1	Books\r\n-id\r\n-name\r\n-author_id\r\n\r\nAuthors\r\n-id\r\n-name\r\n\r\nReaders\r\n-id\r\n-name\r\n\r\nBorrows\r\n-id\r\n-reader_id\r\n-book_id\r\n-date_of_borrow\r\n-date_of_return\r\n	\N	0	2013-10-29 02:17:27	2013-10-29 03:30:06	1
1017	54	101	\N	1		54/1383014674thu vien.png	0	2013-10-29 02:44:24	2013-10-29 02:44:34	1
1018	55	65	223	1	\N	\N	0	2013-10-29 06:09:02	2013-10-29 06:19:26	1
1019	55	69	235	2	\N	\N	0	2013-10-29 06:09:02	2013-10-29 06:19:26	1
1020	55	75	255	3	\N	\N	0	2013-10-29 06:09:02	2013-10-29 06:19:26	1
1021	55	80	271	4	\N	\N	0	2013-10-29 06:09:02	2013-10-29 06:19:26	1
1022	55	70	238	5	\N	\N	0	2013-10-29 06:09:02	2013-10-29 06:19:26	1
1023	55	59	202	6	\N	\N	0	2013-10-29 06:09:02	2013-10-29 06:19:26	1
1024	55	74	251	7	\N	\N	0	2013-10-29 06:09:02	2013-10-29 06:19:26	1
1025	55	71	241	8	\N	\N	0	2013-10-29 06:09:02	2013-10-29 06:19:26	1
1026	55	46	156	9	\N	\N	0	2013-10-29 06:09:02	2013-10-29 06:19:26	1
1027	55	45	153	10	\N	\N	0	2013-10-29 06:09:02	2013-10-29 06:19:26	1
1028	55	42	143	11	\N	\N	0	2013-10-29 06:09:02	2013-10-29 06:19:26	1
1029	55	1	1	12	\N	\N	0	2013-10-29 06:09:02	2013-10-29 06:19:26	1
1030	55	49	169	13	\N	\N	0	2013-10-29 06:09:02	2013-10-29 06:19:26	1
1031	55	54	187	14	\N	\N	0	2013-10-29 06:09:02	2013-10-29 06:19:26	1
1032	55	51	177	15	\N	\N	0	2013-10-29 06:09:02	2013-10-29 06:19:26	1
1033	55	73	250	16	\N	\N	0	2013-10-29 06:09:02	2013-10-29 06:19:26	1
1034	55	67	230	17	\N	\N	0	2013-10-29 06:09:02	2013-10-29 06:19:26	1
1035	55	50	172	18	\N	\N	0	2013-10-29 06:09:02	2013-10-29 06:19:26	1
1036	55	44	151	19	\N	\N	0	2013-10-29 06:09:02	2013-10-29 06:19:26	1
1037	55	81	276	20	\N	\N	0	2013-10-29 06:09:02	2013-10-29 06:29:35	1
1038	55	84	\N	21	Select * From Teams where win in (2,4,6,8)	\N	1	2013-10-29 06:09:02	2013-10-29 07:11:34	1
1039	55	90	\N	22	ALTER TABLE table_name Drop column column_name 	\N	1	2013-10-29 06:09:02	2013-10-29 07:11:34	1
1040	55	82	\N	23	Select TOP 100 from Books where start_date >= "2013-10-25"	\N	0	2013-10-29 06:09:02	2013-10-29 06:29:35	1
1041	55	94	\N	24	Use CONVERT method or CAST method	\N	0	2013-10-29 06:09:02	2013-10-29 06:29:35	1
1042	55	96	\N	25	Regular Expression	\N	0	2013-10-29 06:09:02	2013-10-29 06:30:39	1
1043	56	41	\N	1		\N	0	2013-10-29 06:09:03	2013-10-29 07:00:36	1
1044	57	67	230	1	\N	\N	0	2013-10-29 06:09:22	2013-10-29 06:27:17	1
1045	57	48	164	2	\N	\N	0	2013-10-29 06:09:22	2013-10-29 06:27:17	1
1046	57	51	174	3	\N	\N	0	2013-10-29 06:09:22	2013-10-29 06:27:17	1
1047	57	49	169	4	\N	\N	0	2013-10-29 06:09:22	2013-10-29 06:27:17	1
1048	57	80	271	5	\N	\N	0	2013-10-29 06:09:22	2013-10-29 06:27:17	1
1049	57	72	244	6	\N	\N	0	2013-10-29 06:09:22	2013-10-29 06:27:17	1
1050	57	62	215	7	\N	\N	0	2013-10-29 06:09:22	2013-10-29 06:27:17	1
1051	57	76	257	8	\N	\N	0	2013-10-29 06:09:22	2013-10-29 06:27:17	1
1052	57	64	222	9	\N	\N	0	2013-10-29 06:09:22	2013-10-29 06:27:17	1
1053	57	56	194	10	\N	\N	0	2013-10-29 06:09:22	2013-10-29 06:27:17	1
1054	57	47	160	11	\N	\N	0	2013-10-29 06:09:22	2013-10-29 06:27:17	1
1055	57	77	260	12	\N	\N	0	2013-10-29 06:09:22	2013-10-29 06:27:17	1
1056	57	81	275	13	\N	\N	0	2013-10-29 06:09:22	2013-10-29 06:27:17	1
1057	57	54	187	14	\N	\N	0	2013-10-29 06:09:22	2013-10-29 06:27:17	1
1058	57	1	1	15	\N	\N	0	2013-10-29 06:09:22	2013-10-29 06:27:17	1
1059	57	59	202	16	\N	\N	0	2013-10-29 06:09:22	2013-10-29 06:27:17	1
1060	57	42	143	17	\N	\N	0	2013-10-29 06:09:22	2013-10-29 06:27:17	1
1061	57	43	144	18	\N	\N	0	2013-10-29 06:09:22	2013-10-29 06:27:17	1
1062	57	46	156	19	\N	\N	0	2013-10-29 06:09:22	2013-10-29 06:27:17	1
1063	57	58	199	20	\N	\N	0	2013-10-29 06:09:22	2013-10-29 06:27:17	1
1064	57	90	\N	21	DELETE FROM table_name WHERE some_column=some_value;	\N	0	2013-10-29 06:09:22	2013-10-29 06:27:17	1
1065	57	89	\N	22	1. ALTER TABLE tablename  2. MODIFY columnname VARCHAR(50)	\N	1	2013-10-29 06:09:22	2013-10-29 07:07:59	1
1066	57	92	\N	23	SUBSTRING ( expression ,start , length )	\N	1	2013-10-29 06:09:22	2013-10-29 07:07:59	1
1067	57	84	\N	24	SELECT DISTINCT TeamName FROM Matches WHERE COUNT(Win) IN (2, 4, 6, 8)	\N	0	2013-10-29 06:09:22	2013-10-29 06:27:17	1
1068	57	100	\N	25	Unix timestamps được lưu dưới dạng 32-bit integers, còn MySQL timestamps được lưu dưới dạng quen thuộc kiểu YYYY-MM-DD HH:MM:SS 	\N	1	2013-10-29 06:09:22	2013-10-29 07:07:59	1
1069	58	101	\N	1	a/ SELECT * FROM Books WHERE id IN (SELECT book_id FROM Borrows WHERE COUNT(*) >= 10 AND YEAR(BorrowedDate) = 2011 AND IsBorrowing = TRUE)\r\nb/ SELECT * FROM Readers WHERE id IN (SELECT reader_id FROM Borrows GROUP BY reader_id HAVING COUNT(book_id) > 10)\r\nc/ SELECT * FROM Books WHERE id IN (SELECT book_id FROM Borrows GROUP BY book_id HAVING COUNT(reader_id) > 10)\r\nd/ Assume that Stephen King has id = 1\r\n (SELECT book_id FROM Book-Author WHERE author_id = 1)	\N	0	2013-10-29 06:09:23	2013-10-29 07:02:24	1
1070	59	101	\N	1	\N	\N	0	2013-10-29 06:13:21	2013-10-29 06:13:21	1
1071	60	43	144	1	\N	\N	0	2013-10-29 06:29:14	2013-10-29 06:35:49	1
1072	60	81	276	2	\N	\N	0	2013-10-29 06:29:14	2013-10-29 06:35:49	1
1073	60	59	202	3	\N	\N	0	2013-10-29 06:29:14	2013-10-29 06:35:49	1
1074	60	51	174	4	\N	\N	0	2013-10-29 06:29:14	2013-10-29 06:35:49	1
1075	60	74	251	5	\N	\N	0	2013-10-29 06:29:14	2013-10-29 06:43:46	1
1076	60	58	199	6	\N	\N	0	2013-10-29 06:29:14	2013-10-29 06:35:49	1
1077	60	57	198	7	\N	\N	0	2013-10-29 06:29:14	2013-10-29 06:35:49	1
1078	60	73	250	8	\N	\N	0	2013-10-29 06:29:14	2013-10-29 06:35:49	1
1079	60	68	234	9	\N	\N	0	2013-10-29 06:29:14	2013-10-29 06:35:49	1
1080	60	80	271	10	\N	\N	0	2013-10-29 06:29:14	2013-10-29 06:35:49	1
1081	60	45	153	11	\N	\N	0	2013-10-29 06:29:14	2013-10-29 06:35:49	1
1082	60	50	172	12	\N	\N	0	2013-10-29 06:29:14	2013-10-29 06:35:49	1
1083	60	64	222	13	\N	\N	0	2013-10-29 06:29:14	2013-10-29 06:35:49	1
1084	60	67	230	14	\N	\N	0	2013-10-29 06:29:14	2013-10-29 06:35:49	1
1085	60	52	181	15	\N	\N	0	2013-10-29 06:29:14	2013-10-29 06:35:49	1
1086	60	56	194	16	\N	\N	0	2013-10-29 06:29:14	2013-10-29 06:35:49	1
1087	60	66	229	17	\N	\N	0	2013-10-29 06:29:14	2013-10-29 06:35:49	1
1088	60	62	215	18	\N	\N	0	2013-10-29 06:29:14	2013-10-29 06:35:49	1
1089	60	2	6	19	\N	\N	0	2013-10-29 06:29:14	2013-10-29 06:35:49	1
1090	60	69	235	20	\N	\N	0	2013-10-29 06:29:14	2013-10-29 06:35:49	1
1091	60	93	\N	21	LENGTH() returns the length of the string measured in bytes and CHAR_LENGTH() returns the length of the string measured in characters.	\N	1	2013-10-29 06:29:14	2013-10-29 07:15:38	1
1092	60	96	\N	22	chỉ để cộng các số không dùng cho việc ghép xâu	\N	0	2013-10-29 06:29:14	2013-10-29 06:54:28	1
1093	60	86	\N	23	returns all rows from the left table (user), with the matching rows in the right table (isps). The result is NULL in the right side when there is no match	\N	0	2013-10-29 06:29:14	2013-10-29 06:54:28	1
1094	60	3	\N	24		\N	0	2013-10-29 06:29:14	2013-10-29 06:35:49	1
1095	60	99	\N	25		\N	0	2013-10-29 06:29:14	2013-10-29 06:35:49	1
1096	61	41	\N	1	\N	\N	0	2013-10-29 06:29:14	2013-10-29 06:29:14	1
1097	62	41	\N	1	\N	\N	0	2013-10-29 07:06:44	2013-10-29 07:06:44	1
1098	63	41	\N	1	\N	\N	0	2013-10-29 07:07:01	2013-10-29 07:07:01	1
1099	64	41	\N	1	\N	\N	0	2013-10-29 07:07:14	2013-10-29 07:07:14	1
1100	65	101	\N	1		\N	0	2013-10-29 07:07:34	2013-10-29 08:18:39	1
1101	66	12	34	1	\N	\N	0	2013-10-30 03:13:21	2013-10-30 03:27:25	1
1102	66	14	43	2	\N	\N	0	2013-10-30 03:13:21	2013-10-30 03:27:25	1
1103	66	8	21	3	\N	\N	0	2013-10-30 03:13:21	2013-10-30 03:27:25	1
1104	66	6	13	4	\N	\N	0	2013-10-30 03:13:21	2013-10-30 03:27:25	1
1105	66	7	16	5	\N	\N	0	2013-10-30 03:13:21	2013-10-30 03:27:25	1
1106	66	9	25	6	\N	\N	0	2013-10-30 03:13:21	2013-10-30 03:27:25	1
1107	66	13	40	7	\N	\N	0	2013-10-30 03:13:21	2013-10-30 03:27:25	1
1108	66	15	49	8	\N	\N	0	2013-10-30 03:13:21	2013-10-30 03:27:25	1
1109	66	10	28	9	\N	\N	0	2013-10-30 03:13:21	2013-10-30 03:27:25	1
1110	66	11	30	10	\N	\N	0	2013-10-30 03:13:21	2013-10-30 03:27:25	1
1111	66	35	129	11	\N	\N	0	2013-10-30 03:13:21	2013-10-30 03:27:25	1
1112	66	30	106	12	\N	\N	0	2013-10-30 03:13:21	2013-10-30 03:27:25	1
1113	66	25	89	13	\N	\N	0	2013-10-30 03:13:21	2013-10-30 03:27:25	1
1114	66	32	114	14	\N	\N	0	2013-10-30 03:13:21	2013-10-30 03:27:25	1
1115	66	22	77	15	\N	\N	0	2013-10-30 03:13:21	2013-10-30 03:27:25	1
1116	66	34	124	16	\N	\N	0	2013-10-30 03:13:21	2013-10-30 03:27:25	1
1117	66	28	99	17	\N	\N	0	2013-10-30 03:13:21	2013-10-30 03:27:25	1
1118	66	17	57	18	\N	\N	0	2013-10-30 03:13:21	2013-10-30 03:27:25	1
1119	66	20	68	19	\N	\N	0	2013-10-30 03:13:21	2013-10-30 03:27:25	1
1120	66	31	111	20	\N	\N	0	2013-10-30 03:13:21	2013-10-30 03:27:25	1
1121	66	19	63	21	\N	\N	0	2013-10-30 03:13:21	2013-10-30 03:27:25	1
1122	66	23	78	22	\N	\N	0	2013-10-30 03:13:21	2013-10-30 03:27:25	1
1123	66	26	90	23	\N	\N	0	2013-10-30 03:13:21	2013-10-30 03:27:25	1
1124	66	33	118	24	\N	\N	0	2013-10-30 03:13:21	2013-10-30 03:27:25	1
1125	66	29	102	25	\N	\N	0	2013-10-30 03:13:21	2013-10-30 03:27:25	1
1126	66	18	59	26	\N	\N	0	2013-10-30 03:13:21	2013-10-30 03:27:26	1
1127	66	21	71	27	\N	\N	0	2013-10-30 03:13:21	2013-10-30 03:27:26	1
1128	66	27	95	28	\N	\N	0	2013-10-30 03:13:21	2013-10-30 03:27:26	1
1129	66	16	51	29	\N	\N	0	2013-10-30 03:13:21	2013-10-30 03:27:26	1
1130	66	24	84	30	\N	\N	0	2013-10-30 03:13:21	2013-10-30 03:27:26	1
1131	67	9	25	1	\N	\N	0	2013-10-30 03:13:53	2013-10-30 03:32:31	1
1132	67	10	28	2	\N	\N	0	2013-10-30 03:13:53	2013-10-30 03:32:31	1
1133	67	12	34	3	\N	\N	0	2013-10-30 03:13:53	2013-10-30 03:32:31	1
1134	67	13	38	4	\N	\N	0	2013-10-30 03:13:53	2013-10-30 03:32:31	1
1135	67	8	18	5	\N	\N	0	2013-10-30 03:13:53	2013-10-30 03:32:31	1
1136	67	6	13	6	\N	\N	0	2013-10-30 03:13:53	2013-10-30 03:32:31	1
1137	67	14	43	7	\N	\N	0	2013-10-30 03:13:53	2013-10-30 03:32:31	1
1138	67	7	16	8	\N	\N	0	2013-10-30 03:13:53	2013-10-30 03:32:31	1
1139	67	15	49	9	\N	\N	0	2013-10-30 03:13:53	2013-10-30 03:32:31	1
1140	67	11	30	10	\N	\N	0	2013-10-30 03:13:53	2013-10-30 03:32:32	1
1141	67	26	90	11	\N	\N	0	2013-10-30 03:13:53	2013-10-30 03:32:32	1
1142	67	28	99	12	\N	\N	0	2013-10-30 03:13:53	2013-10-30 03:32:32	1
1143	67	27	95	13	\N	\N	0	2013-10-30 03:13:53	2013-10-30 03:32:32	1
1144	67	25	89	14	\N	\N	0	2013-10-30 03:13:53	2013-10-30 03:32:32	1
1145	67	33	118	15	\N	\N	0	2013-10-30 03:13:53	2013-10-30 03:32:32	1
1146	67	16	50	16	\N	\N	0	2013-10-30 03:13:53	2013-10-30 03:32:32	1
1147	67	22	77	17	\N	\N	0	2013-10-30 03:13:53	2013-10-30 03:32:32	1
1148	67	30	106	18	\N	\N	0	2013-10-30 03:13:53	2013-10-30 03:32:32	1
1149	67	23	78	19	\N	\N	0	2013-10-30 03:13:53	2013-10-30 03:32:32	1
1150	67	24	84	20	\N	\N	0	2013-10-30 03:13:53	2013-10-30 03:32:32	1
1151	67	31	111	21	\N	\N	0	2013-10-30 03:13:53	2013-10-30 03:32:32	1
1152	67	18	59	22	\N	\N	0	2013-10-30 03:13:53	2013-10-30 03:32:32	1
1153	67	34	124	23	\N	\N	0	2013-10-30 03:13:53	2013-10-30 03:32:32	1
1154	67	35	129	24	\N	\N	0	2013-10-30 03:13:53	2013-10-30 03:32:32	1
1155	67	19	62	25	\N	\N	0	2013-10-30 03:13:53	2013-10-30 03:32:32	1
1156	67	32	114	26	\N	\N	0	2013-10-30 03:13:53	2013-10-30 03:32:32	1
1157	67	17	56	27	\N	\N	0	2013-10-30 03:13:53	2013-10-30 03:32:32	1
1158	67	29	102	28	\N	\N	0	2013-10-30 03:13:53	2013-10-30 03:32:32	1
1159	67	21	70	29	\N	\N	0	2013-10-30 03:13:53	2013-10-30 03:32:32	1
1160	67	20	68	30	\N	\N	0	2013-10-30 03:13:53	2013-10-30 03:32:32	1
1161	68	14	43	1	\N	\N	0	2013-10-30 03:14:00	2013-10-30 03:32:39	1
1162	68	11	30	2	\N	\N	0	2013-10-30 03:14:00	2013-10-30 03:32:39	1
1163	68	6	13	3	\N	\N	0	2013-10-30 03:14:00	2013-10-30 03:32:39	1
1164	68	9	25	4	\N	\N	0	2013-10-30 03:14:00	2013-10-30 03:32:39	1
1165	68	15	49	5	\N	\N	0	2013-10-30 03:14:00	2013-10-30 03:32:39	1
1166	68	12	34	6	\N	\N	0	2013-10-30 03:14:00	2013-10-30 03:32:39	1
1167	68	7	16	7	\N	\N	0	2013-10-30 03:14:00	2013-10-30 03:32:39	1
1168	68	10	28	8	\N	\N	0	2013-10-30 03:14:00	2013-10-30 03:32:39	1
1169	68	8	21	9	\N	\N	0	2013-10-30 03:14:00	2013-10-30 03:32:39	1
1170	68	13	38	10	\N	\N	0	2013-10-30 03:14:00	2013-10-30 03:32:39	1
1171	68	16	50	11	\N	\N	0	2013-10-30 03:14:00	2013-10-30 03:32:39	1
1172	68	35	129	12	\N	\N	0	2013-10-30 03:14:00	2013-10-30 03:32:39	1
1173	68	33	118	13	\N	\N	0	2013-10-30 03:14:00	2013-10-30 03:32:39	1
1174	68	22	77	14	\N	\N	0	2013-10-30 03:14:00	2013-10-30 03:32:39	1
1175	68	27	95	15	\N	\N	0	2013-10-30 03:14:00	2013-10-30 03:32:39	1
1176	68	30	106	16	\N	\N	0	2013-10-30 03:14:00	2013-10-30 03:32:39	1
1177	68	24	84	17	\N	\N	0	2013-10-30 03:14:00	2013-10-30 03:32:39	1
1178	68	23	78	18	\N	\N	0	2013-10-30 03:14:00	2013-10-30 03:32:39	1
1179	68	28	99	19	\N	\N	0	2013-10-30 03:14:00	2013-10-30 03:32:39	1
1180	68	18	59	20	\N	\N	0	2013-10-30 03:14:00	2013-10-30 03:32:39	1
1181	68	25	89	21	\N	\N	0	2013-10-30 03:14:00	2013-10-30 03:32:39	1
1182	68	17	56	22	\N	\N	0	2013-10-30 03:14:00	2013-10-30 03:32:39	1
1183	68	31	111	23	\N	\N	0	2013-10-30 03:14:00	2013-10-30 03:32:39	1
1184	68	32	114	24	\N	\N	0	2013-10-30 03:14:00	2013-10-30 03:32:39	1
1185	68	21	70	25	\N	\N	0	2013-10-30 03:14:00	2013-10-30 03:32:39	1
1186	68	20	68	26	\N	\N	0	2013-10-30 03:14:00	2013-10-30 03:32:39	1
1187	68	34	124	27	\N	\N	0	2013-10-30 03:14:00	2013-10-30 03:32:39	1
1188	68	29	102	28	\N	\N	0	2013-10-30 03:14:00	2013-10-30 03:32:39	1
1189	68	26	90	29	\N	\N	0	2013-10-30 03:14:00	2013-10-30 03:32:39	1
1190	68	19	62	30	\N	\N	0	2013-10-30 03:14:00	2013-10-30 03:32:39	1
1191	69	46	156	1	\N	\N	0	2013-10-31 06:02:24	2013-10-31 06:22:06	1
1192	69	2	6	2	\N	\N	0	2013-10-31 06:02:24	2013-10-31 06:22:06	1
1193	69	44	151	3	\N	\N	0	2013-10-31 06:02:24	2013-10-31 06:22:06	1
1194	69	1	1	4	\N	\N	0	2013-10-31 06:02:24	2013-10-31 06:22:06	1
1195	69	49	169	5	\N	\N	0	2013-10-31 06:02:24	2013-10-31 06:22:06	1
1196	69	47	160	6	\N	\N	0	2013-10-31 06:02:24	2013-10-31 06:22:06	1
1197	69	74	251	7	\N	\N	0	2013-10-31 06:02:25	2013-10-31 06:22:06	1
1198	69	70	238	8	\N	\N	0	2013-10-31 06:02:25	2013-10-31 06:22:06	1
1199	69	58	199	9	\N	\N	0	2013-10-31 06:02:25	2013-10-31 06:22:06	1
1200	69	50	172	10	\N	\N	0	2013-10-31 06:02:25	2013-10-31 06:22:06	1
1201	69	79	266	11	\N	\N	0	2013-10-31 06:02:25	2013-10-31 06:22:06	1
1202	69	42	143	12	\N	\N	0	2013-10-31 06:02:25	2013-10-31 06:22:06	1
1203	69	51	174	13	\N	\N	0	2013-10-31 06:02:25	2013-10-31 06:22:06	1
1204	69	54	187	14	\N	\N	0	2013-10-31 06:02:25	2013-10-31 06:22:06	1
1205	69	59	202	15	\N	\N	0	2013-10-31 06:02:25	2013-10-31 06:22:06	1
1206	69	81	275	16	\N	\N	0	2013-10-31 06:02:25	2013-10-31 06:22:06	1
1207	69	68	233	17	\N	\N	0	2013-10-31 06:02:25	2013-10-31 06:22:06	1
1208	69	69	235	18	\N	\N	0	2013-10-31 06:02:25	2013-10-31 06:22:06	1
1209	69	73	250	19	\N	\N	0	2013-10-31 06:02:25	2013-10-31 06:22:06	1
1210	69	57	198	20	\N	\N	0	2013-10-31 06:02:25	2013-10-31 06:22:06	1
1211	69	4	\N	21	SELECT DISTINCT [column_name] FROM [table_name]	\N	1	2013-10-31 06:02:25	2013-10-31 06:41:45	1
1212	69	82	\N	22	SELECT * FROM Books LIMIT 25,100	\N	1	2013-10-31 06:02:25	2013-10-31 06:41:45	1
1213	69	87	\N	23	ON DELETE CASCADE	\N	1	2013-10-31 06:02:25	2013-10-31 06:41:45	1
1214	69	99	\N	24	DATE_ADD(date, INTERVAL 3 MINUTE)	\N	1	2013-10-31 06:02:25	2013-10-31 06:41:45	1
1215	69	97	\N	25	MONTH (the timestamp)	\N	1	2013-10-31 06:02:25	2013-10-31 06:41:45	1
1216	70	70	238	1	\N	\N	0	2013-10-31 06:10:04	2013-10-31 06:24:58	1
1217	70	69	235	2	\N	\N	0	2013-10-31 06:10:04	2013-10-31 06:24:58	1
1218	70	78	263	3	\N	\N	0	2013-10-31 06:10:04	2013-10-31 06:24:58	1
1219	70	71	241	4	\N	\N	0	2013-10-31 06:10:04	2013-10-31 06:24:58	1
1220	70	57	198	5	\N	\N	0	2013-10-31 06:10:04	2013-10-31 06:24:58	1
1221	70	75	254	6	\N	\N	0	2013-10-31 06:10:04	2013-10-31 06:24:58	1
1222	70	80	271	7	\N	\N	0	2013-10-31 06:10:04	2013-10-31 06:24:58	1
1223	70	2	6	8	\N	\N	0	2013-10-31 06:10:04	2013-10-31 06:24:58	1
1224	70	54	187	9	\N	\N	0	2013-10-31 06:10:04	2013-10-31 06:24:58	1
1225	70	46	156	10	\N	\N	0	2013-10-31 06:10:04	2013-10-31 06:24:58	1
1226	70	68	233	11	\N	\N	0	2013-10-31 06:10:04	2013-10-31 06:24:58	1
1227	70	42	143	12	\N	\N	0	2013-10-31 06:10:04	2013-10-31 06:24:58	1
1228	70	60	205	13	\N	\N	0	2013-10-31 06:10:04	2013-10-31 06:24:58	1
1229	70	56	194	14	\N	\N	0	2013-10-31 06:10:04	2013-10-31 06:24:58	1
1230	70	67	230	15	\N	\N	0	2013-10-31 06:10:04	2013-10-31 06:24:58	1
1231	70	1	1	16	\N	\N	0	2013-10-31 06:10:04	2013-10-31 06:24:58	1
1232	70	45	153	17	\N	\N	0	2013-10-31 06:10:04	2013-10-31 06:24:58	1
1233	70	72	244	18	\N	\N	0	2013-10-31 06:10:04	2013-10-31 06:24:58	1
1234	70	48	164	19	\N	\N	0	2013-10-31 06:10:04	2013-10-31 06:24:58	1
1235	70	61	208	20	\N	\N	0	2013-10-31 06:10:04	2013-10-31 06:24:58	1
1236	70	89	\N	21	ALTER TABLE [ table name ] ALTER COLUMN clomun name varchar(50);	\N	1	2013-10-31 06:10:04	2013-10-31 06:43:04	1
1237	70	95	\N	22	% hien thi cho bat ki ki tu nao ( k quan trong so ki tu), con _ bieu thi cho 1 ki tu.	\N	1	2013-10-31 06:10:04	2013-10-31 06:43:04	1
1238	70	90	\N	23	ALTER TABLE [ table name ] DROP COLUMN [ cloumn name ];	\N	1	2013-10-31 06:10:04	2013-10-31 06:43:04	1
1239	70	4	\N	24	su dung DISTINICT, sau do su dung them ham COUNT.	\N	1	2013-10-31 06:10:04	2013-10-31 06:43:04	1
1240	70	86	\N	25	hien thi 2 truong user_name, user_isp tu bang users left join vs bang USING su dung truong user_id	\N	1	2013-10-31 06:10:04	2013-10-31 06:43:04	1
1241	71	41	\N	1	b. \r\nSELECT Teachers.name FROM Teachers\r\nJOIN Teachings \r\nON Teachers.id = Teachings.teacher_id\r\nGROUP BY Teachings.teacher_id\r\nHAVING COUNT(DISTINCT Teachings.class_id) > 5\r\n	\N	0	2013-10-31 06:22:38	2013-10-31 07:23:21	1
1242	72	101	\N	1	a. SELECT a.* Books FROM Books a\r\nWHERE Books.id IN ( Select Borrows.book_id FROM Borrows WHERE ( Date_borrow like ( %2011)) )\r\nGROUP BY Books.id \r\nHAVING COUNT( Books.id ) > 10;\r\n\r\nb. SELECT Readers.name from Readers \r\nWHERE Readers.id IN ( SELECT Borrows.rea_id FROM Borrows \r\nWHERE Borrows.book_id IN ( SELECT Books.id FROM Books ) )\r\nGROUP BY Books.name, Readers.id \r\nHAVING COUNT ( Borrows.book_id ) >10;\r\n\r\nc. SELECT Books.name FROM Books \r\nWHERE Books.id IN ( SELECT Borrows.book_id FROM Borrows )\r\nGROUP BY Books.name, Borrows.rea_id \r\nHAVING COUNT( Books.id) > 10;\r\n\r\nd. SELECT Books.name FROM BOOK \r\nWHERE Books.id IN ( SELECT Indite.book_id FROM Indite \r\nWHERE Indite.aut_id IN ( SELECT Authors.id FROM Authors \r\nWHERE Authors.name = "Stephen King")) AND\r\nBooks.id IN ( SELECT Borrows.book_id FROM Borrows Where Date_return = NULL )\r\nGROUP BY Books.name\r\nHAVING COUNT(Books.id) = 0;	72/1383204103books.png	0	2013-10-31 06:25:19	2013-10-31 07:21:43	1
1243	73	61	208	1	\N	\N	0	2013-10-31 08:07:34	2013-10-31 08:30:59	1
1244	73	55	190	2	\N	\N	0	2013-10-31 08:07:34	2013-10-31 08:30:59	1
1245	73	69	235	3	\N	\N	0	2013-10-31 08:07:34	2013-10-31 08:30:59	1
1246	73	73	249	4	\N	\N	0	2013-10-31 08:07:34	2013-10-31 08:30:59	1
1247	73	46	156	5	\N	\N	0	2013-10-31 08:07:34	2013-10-31 08:30:59	1
1248	73	52	181	6	\N	\N	0	2013-10-31 08:07:34	2013-10-31 08:30:59	1
1249	73	70	\N	7	\N	\N	0	2013-10-31 08:07:34	2013-10-31 08:07:34	1
1250	73	51	174	8	\N	\N	0	2013-10-31 08:07:34	2013-10-31 08:30:59	1
1251	73	76	256	9	\N	\N	0	2013-10-31 08:07:34	2013-10-31 08:30:59	1
1252	73	78	263	10	\N	\N	0	2013-10-31 08:07:34	2013-10-31 08:30:59	1
1253	73	67	230	11	\N	\N	0	2013-10-31 08:07:34	2013-10-31 08:30:59	1
1254	73	56	193	12	\N	\N	0	2013-10-31 08:07:34	2013-10-31 08:30:59	1
1255	73	43	144	13	\N	\N	0	2013-10-31 08:07:34	2013-10-31 08:30:59	1
1256	73	47	160	14	\N	\N	0	2013-10-31 08:07:34	2013-10-31 08:30:59	1
1257	73	1	1	15	\N	\N	0	2013-10-31 08:07:34	2013-10-31 08:30:59	1
1258	73	42	143	16	\N	\N	0	2013-10-31 08:07:34	2013-10-31 08:30:59	1
1259	73	50	172	17	\N	\N	0	2013-10-31 08:07:34	2013-10-31 08:30:59	1
1260	73	79	266	18	\N	\N	0	2013-10-31 08:07:34	2013-10-31 08:30:59	1
1261	73	80	271	19	\N	\N	0	2013-10-31 08:07:34	2013-10-31 08:30:59	1
1262	73	58	199	20	\N	\N	0	2013-10-31 08:07:34	2013-10-31 08:30:59	1
1263	73	82	\N	21	SELECT book FROM books LIMIT 25,100	\N	1	2013-10-31 08:07:34	2013-10-31 10:36:46	1
1264	73	97	\N	22		\N	0	2013-10-31 08:07:34	2013-10-31 08:30:59	1
1265	73	94	\N	23		\N	0	2013-10-31 08:07:34	2013-10-31 08:30:59	1
1266	73	95	\N	24		\N	0	2013-10-31 08:07:34	2013-10-31 08:30:59	1
1267	73	85	\N	25	SELECT * FROM users WHERE phonennumber is null	\N	1	2013-10-31 08:07:34	2013-10-31 10:36:46	1
1268	74	62	215	1	\N	\N	0	2013-10-31 08:07:37	2013-10-31 08:30:23	1
1269	74	72	244	2	\N	\N	0	2013-10-31 08:07:37	2013-10-31 08:30:23	1
1270	74	43	144	3	\N	\N	0	2013-10-31 08:07:37	2013-10-31 08:30:23	1
1271	74	68	233	4	\N	\N	0	2013-10-31 08:07:37	2013-10-31 08:30:23	1
1272	74	49	169	5	\N	\N	0	2013-10-31 08:07:38	2013-10-31 08:30:23	1
1273	74	50	172	6	\N	\N	0	2013-10-31 08:07:38	2013-10-31 08:30:23	1
1274	74	75	254	7	\N	\N	0	2013-10-31 08:07:38	2013-10-31 08:30:23	1
1275	74	45	153	8	\N	\N	0	2013-10-31 08:07:38	2013-10-31 08:30:23	1
1276	74	70	238	9	\N	\N	0	2013-10-31 08:07:38	2013-10-31 08:30:23	1
1277	74	77	260	10	\N	\N	0	2013-10-31 08:07:38	2013-10-31 08:30:23	1
1278	74	47	160	11	\N	\N	0	2013-10-31 08:07:38	2013-10-31 08:30:23	1
1279	74	69	235	12	\N	\N	0	2013-10-31 08:07:38	2013-10-31 08:30:23	1
1280	74	58	199	13	\N	\N	0	2013-10-31 08:07:38	2013-10-31 08:30:23	1
1281	74	48	164	14	\N	\N	0	2013-10-31 08:07:38	2013-10-31 08:30:23	1
1282	74	57	198	15	\N	\N	0	2013-10-31 08:07:38	2013-10-31 08:30:23	1
1283	74	42	143	16	\N	\N	0	2013-10-31 08:07:38	2013-10-31 08:30:23	1
1284	74	63	216	17	\N	\N	0	2013-10-31 08:07:38	2013-10-31 08:30:23	1
1285	74	71	241	18	\N	\N	0	2013-10-31 08:07:38	2013-10-31 08:30:23	1
1286	74	44	151	19	\N	\N	0	2013-10-31 08:07:38	2013-10-31 08:30:23	1
1287	74	81	276	20	\N	\N	0	2013-10-31 08:07:38	2013-10-31 08:30:23	1
1288	74	100	\N	21	Unix timestamps are stored as 32-bit integers,while MySQL timestamps are stored in a similar manner example : YYYY-MM-DD HH:mm:SS	\N	1	2013-10-31 08:07:38	2013-10-31 09:31:00	1
1289	74	3	\N	22	 ROW_COUNT()	\N	1	2013-10-31 08:07:38	2013-10-31 09:31:00	1
1290	74	98	\N	23	SELECT DATE_FORMAT()....TIME_FORMAT()	\N	1	2013-10-31 08:07:38	2013-10-31 09:31:00	1
1291	74	99	\N	24	select date_time + INTERVAL 30 MINUTE	\N	1	2013-10-31 08:07:38	2013-10-31 09:31:00	1
1292	74	97	\N	25	MONTH(FROM_UNIXTIME(UNIX_TIMESTAMP(time)))	\N	1	2013-10-31 08:07:38	2013-10-31 09:31:00	1
1293	75	47	160	1	\N	\N	0	2013-10-31 08:07:52	2013-10-31 08:32:16	1
1294	75	79	266	2	\N	\N	0	2013-10-31 08:07:52	2013-10-31 08:32:16	1
1295	75	78	263	3	\N	\N	0	2013-10-31 08:07:52	2013-10-31 08:32:16	1
1296	75	67	230	4	\N	\N	0	2013-10-31 08:07:52	2013-10-31 08:32:16	1
1297	75	62	215	5	\N	\N	0	2013-10-31 08:07:52	2013-10-31 08:32:16	1
1298	75	43	144	6	\N	\N	0	2013-10-31 08:07:52	2013-10-31 08:32:16	1
1299	75	49	169	7	\N	\N	0	2013-10-31 08:07:52	2013-10-31 08:32:16	1
1300	75	70	238	8	\N	\N	0	2013-10-31 08:07:52	2013-10-31 08:32:16	1
1301	75	45	153	9	\N	\N	0	2013-10-31 08:07:52	2013-10-31 08:32:16	1
1302	75	65	223	10	\N	\N	0	2013-10-31 08:07:52	2013-10-31 08:32:16	1
1303	75	63	216	11	\N	\N	0	2013-10-31 08:07:52	2013-10-31 08:32:16	1
1304	75	1	1	12	\N	\N	0	2013-10-31 08:07:52	2013-10-31 08:32:16	1
1305	75	48	164	13	\N	\N	0	2013-10-31 08:07:52	2013-10-31 08:32:16	1
1306	75	53	183	14	\N	\N	0	2013-10-31 08:07:52	2013-10-31 08:32:16	1
1307	75	54	187	15	\N	\N	0	2013-10-31 08:07:52	2013-10-31 08:32:16	1
1308	75	69	235	16	\N	\N	0	2013-10-31 08:07:52	2013-10-31 08:32:16	1
1309	75	42	143	17	\N	\N	0	2013-10-31 08:07:52	2013-10-31 08:32:16	1
1310	75	59	202	18	\N	\N	0	2013-10-31 08:07:52	2013-10-31 08:32:16	1
1311	75	50	172	19	\N	\N	0	2013-10-31 08:07:52	2013-10-31 08:32:16	1
1312	75	56	194	20	\N	\N	0	2013-10-31 08:07:52	2013-10-31 08:32:16	1
1313	75	4	\N	21	use DISTINCT	\N	1	2013-10-31 08:07:52	2013-10-31 10:06:14	1
1314	75	94	\N	22	Using convert() ot cast() http://dev.mysql.com/doc/refman/5.0/en/charset-convert.html	\N	1	2013-10-31 08:07:52	2013-10-31 10:07:14	1
1315	75	100	\N	23	Internally Unix timestamps are stored as 32-bit integers, while MySQL timestamps are stored in a similar manner, but represented in readable YYYY-MM-DD HH:MM:SS format - Internet :D	\N	1	2013-10-31 08:07:52	2013-10-31 10:06:14	1
1316	75	93	\N	24	LENGTH() returns the length of the string measured in bytes.  CHAR_LENGTH() returns the length of the string measured in characters. http://stackoverflow.com/questions/1734334/mysql-length-vs-char-length	\N	1	2013-10-31 08:07:52	2013-10-31 10:06:14	1
1385	92	19	\N	28	\N	\N	0	2014-07-07 03:01:06.707209	2014-07-07 03:01:06.707209	1
1386	92	22	\N	29	\N	\N	0	2014-07-07 03:01:06.751589	2014-07-07 03:01:06.751589	1
1317	75	86	\N	25	Display a table with user_name, user_isp from table users with the condition that users.user_id = isps.user_id	\N	1	2013-10-31 08:07:52	2013-10-31 10:06:14	1
1318	76	41	\N	1	a. select a.* from student b where a.id IN (select b.id_st from st_sub b, subject c where b.id_sub = c.id and (c.name IN (X,Y) and count(c.name)=2))\r\nb. select a.* from teacher a where a.id IN(select b.id_tc from sub_teacher b, class c where b.id_sub = c.id_sub and count(c.name)>5 )\r\nc. select a.* from teacher a, student e (INNER JOIN sub_teacher b on a.id = b.id_tc INNER JOIN subject c on b.id_sub = c.id INNER JOIN st_sub d ON c.id = d.id_sub INNER JOIN e.id = d.id_stu) and count(e.id)>30\r\nd. select a.* from subject a where a.id = (select b.id_sub from sub_teacher b, teacher c where b.id_tc = c.id and c.name= G) and a.id =  (select d.id_sub from st_sub d, student e where e.id = d.id_stu and e.name ='A')	76/1383211712abc.png	0	2013-10-31 08:30:31	2013-10-31 09:28:32	1
1319	77	101	\N	1		\N	0	2013-10-31 08:32:38	2013-10-31 09:32:52	1
1320	78	101	\N	1		\N	0	2013-10-31 08:32:43	2013-10-31 09:22:24	1
1321	79	101	\N	1	\N	\N	0	2013-11-01 01:45:53	2013-11-01 01:45:53	1
1322	80	101	\N	1	\N	\N	0	2013-11-01 01:48:01	2013-11-01 01:48:01	1
1323	81	41	\N	1		\N	0	2013-11-01 01:48:27	2013-11-01 02:59:59	1
1324	82	101	\N	1	\N	\N	0	2013-11-01 01:49:36	2013-11-01 01:49:36	1
1325	83	101	\N	1	\N	\N	0	2013-11-01 01:49:45	2013-11-01 01:49:45	1
1326	84	101	\N	1	\N	\N	0	2013-11-01 01:49:53	2013-11-01 01:49:53	1
1327	85	41	\N	1	\N	\N	0	2013-11-01 01:50:03	2013-11-01 01:50:03	1
1328	86	62	215	1	\N	\N	0	2013-11-01 08:38:43	2013-11-01 09:09:11	1
1329	86	69	235	2	\N	\N	0	2013-11-01 08:38:43	2013-11-01 09:09:11	1
1330	86	70	238	3	\N	\N	0	2013-11-01 08:38:43	2013-11-01 09:09:11	1
1331	86	1	1	4	\N	\N	0	2013-11-01 08:38:43	2013-11-01 09:09:11	1
1332	86	80	271	5	\N	\N	0	2013-11-01 08:38:43	2013-11-01 09:09:11	1
1333	86	53	182	6	\N	\N	0	2013-11-01 08:38:43	2013-11-01 09:09:11	1
1334	86	67	230	7	\N	\N	0	2013-11-01 08:38:43	2013-11-01 09:09:11	1
1335	86	57	198	8	\N	\N	0	2013-11-01 08:38:43	2013-11-01 09:09:11	1
1336	86	47	160	9	\N	\N	0	2013-11-01 08:38:43	2013-11-01 09:09:11	1
1337	86	43	144	10	\N	\N	0	2013-11-01 08:38:43	2013-11-01 09:09:11	1
1338	86	68	233	11	\N	\N	0	2013-11-01 08:38:43	2013-11-01 09:09:11	1
1339	86	65	223	12	\N	\N	0	2013-11-01 08:38:43	2013-11-01 09:09:11	1
1340	86	66	229	13	\N	\N	0	2013-11-01 08:38:43	2013-11-01 09:09:11	1
1341	86	48	164	14	\N	\N	0	2013-11-01 08:38:43	2013-11-01 09:09:11	1
1342	86	60	205	15	\N	\N	0	2013-11-01 08:38:43	2013-11-01 09:09:11	1
1343	86	61	208	16	\N	\N	0	2013-11-01 08:38:43	2013-11-01 09:09:11	1
1344	86	77	259	17	\N	\N	0	2013-11-01 08:38:43	2013-11-01 09:09:11	1
1345	86	54	187	18	\N	\N	0	2013-11-01 08:38:43	2013-11-01 09:09:11	1
1346	86	2	6	19	\N	\N	0	2013-11-01 08:38:43	2013-11-01 09:09:11	1
1347	86	73	250	20	\N	\N	0	2013-11-01 08:38:43	2013-11-01 09:09:11	1
1348	86	91	\N	21	Nối một chuỗi rời nhau	\N	1	2013-11-01 08:38:43	2013-11-01 09:22:27	1
1349	86	95	\N	22	kết quả trả về chuỗi có chứa ký tự kết thúc sau dấu %	\N	0	2013-11-01 08:38:43	2013-11-01 09:09:11	1
1350	86	97	\N	23	select * from table where MONTH(time)	\N	0	2013-11-01 08:38:43	2013-11-01 09:09:11	1
1351	86	86	\N	24	Nối bảng uers với isps lấy tất cả giá trị bảng user với users.user_id = isps.user_id	\N	1	2013-11-01 08:38:43	2013-11-01 09:22:27	1
1352	86	87	\N	25		\N	0	2013-11-01 08:38:43	2013-11-01 09:09:11	1
1357	91	101	\N	1	\N	\N	0	2014-07-07 02:27:19.591724	2014-07-07 02:27:19.591724	1
1358	92	11	\N	1	\N	\N	0	2014-07-07 03:01:06.37037	2014-07-07 03:01:06.37037	1
1359	92	9	\N	2	\N	\N	0	2014-07-07 03:01:06.412968	2014-07-07 03:01:06.412968	1
1360	92	7	\N	3	\N	\N	0	2014-07-07 03:01:06.429606	2014-07-07 03:01:06.429606	1
1361	92	6	\N	4	\N	\N	0	2014-07-07 03:01:06.440237	2014-07-07 03:01:06.440237	1
1362	92	8	\N	5	\N	\N	0	2014-07-07 03:01:06.451265	2014-07-07 03:01:06.451265	1
1363	92	10	\N	6	\N	\N	0	2014-07-07 03:01:06.461516	2014-07-07 03:01:06.461516	1
1364	92	15	\N	7	\N	\N	0	2014-07-07 03:01:06.472684	2014-07-07 03:01:06.472684	1
1365	92	13	\N	8	\N	\N	0	2014-07-07 03:01:06.485324	2014-07-07 03:01:06.485324	1
1366	92	14	\N	9	\N	\N	0	2014-07-07 03:01:06.49454	2014-07-07 03:01:06.49454	1
1367	92	12	\N	10	\N	\N	0	2014-07-07 03:01:06.505771	2014-07-07 03:01:06.505771	1
1368	92	16	\N	11	\N	\N	0	2014-07-07 03:01:06.518771	2014-07-07 03:01:06.518771	1
1369	92	30	\N	12	\N	\N	0	2014-07-07 03:01:06.528775	2014-07-07 03:01:06.528775	1
1370	92	24	\N	13	\N	\N	0	2014-07-07 03:01:06.539604	2014-07-07 03:01:06.539604	1
1371	92	17	\N	14	\N	\N	0	2014-07-07 03:01:06.551706	2014-07-07 03:01:06.551706	1
1372	92	23	\N	15	\N	\N	0	2014-07-07 03:01:06.562553	2014-07-07 03:01:06.562553	1
1373	92	31	\N	16	\N	\N	0	2014-07-07 03:01:06.573497	2014-07-07 03:01:06.573497	1
1374	92	27	\N	17	\N	\N	0	2014-07-07 03:01:06.584981	2014-07-07 03:01:06.584981	1
1375	92	26	\N	18	\N	\N	0	2014-07-07 03:01:06.595559	2014-07-07 03:01:06.595559	1
1376	92	20	\N	19	\N	\N	0	2014-07-07 03:01:06.607482	2014-07-07 03:01:06.607482	1
1377	92	32	\N	20	\N	\N	0	2014-07-07 03:01:06.617261	2014-07-07 03:01:06.617261	1
1378	92	25	\N	21	\N	\N	0	2014-07-07 03:01:06.628869	2014-07-07 03:01:06.628869	1
1379	92	29	\N	22	\N	\N	0	2014-07-07 03:01:06.640328	2014-07-07 03:01:06.640328	1
1380	92	34	\N	23	\N	\N	0	2014-07-07 03:01:06.651587	2014-07-07 03:01:06.651587	1
1381	92	21	\N	24	\N	\N	0	2014-07-07 03:01:06.662316	2014-07-07 03:01:06.662316	1
1382	92	35	\N	25	\N	\N	0	2014-07-07 03:01:06.673626	2014-07-07 03:01:06.673626	1
1383	92	33	\N	26	\N	\N	0	2014-07-07 03:01:06.684735	2014-07-07 03:01:06.684735	1
1384	92	28	\N	27	\N	\N	0	2014-07-07 03:01:06.695677	2014-07-07 03:01:06.695677	1
1387	92	18	\N	30	\N	\N	0	2014-07-07 03:01:06.76298	2014-07-07 03:01:06.76298	1
1356	90	41	\N	1	a. select * \r\nfrom (select S.* from Students as S, Registers as R, Subjects as Su \r\nwhere S.student_id=R.student_id and R.subject_id=Su.subject_id and  Su.subject_name= 'X'),\r\n(select S.* from Students as S, Registers as R, Subjects as Su \r\nwhere S.student_id=R.student_id and R.subject_id=Su.subject_id and  Su.subject_name= 'Y');\r\n\r\n\r\n\r\nb. select T.*  \r\nform Teachers as T, Teaching as Te, Classes as C, Subjects as Su\r\n where T.teacher_id=Te.teacher_id and Te.subject_id=S.subject_id and S.class_id=C.class_id\r\nhaving count(class_id)>=5;\r\nc. select T.* \r\nfrom Teachers as T, Teaching as Te, Classes as C , Students as S, Registers as R, Subjects as Su\r\n where S.student_id=R.student_id and R.subject_id=Su.subject_id and Su.class_id=C.class_id and T.teacher_id=Te.teacher_id and Te.subject_id=S.suject_id \r\nhaving count (student_id)>=30;\r\nd. select Su.* \r\nfrom from Teachers as T, Teaching as Te, Classes as C , Students as S, Registers as R, Subjects as Su\r\nwhere  Su.class_id=C.class_id and T.teacher_id=Te.teacher_id and Te.subject_id=S.suject_id and T.name='G' and Su.subject_id=(\r\nselect Su.subject_id\r\nfrom  , Students as S, Registers as R, Subjects as Su\r\nwhere S.student_id=R.student_id and R.subject_id=Su.subject_id and S.name='A');\r\n	90/1404703339test.mwb	0	2014-07-07 02:25:35.068866	2014-07-07 03:22:19.612962	1
1353	87	41	\N	1	a. Select  students.* \r\nfrom students\r\nwhere Students.student_id IN (Select Students.student_id\r\n From Students,Registers,Subjects \r\nWhere registers.student_id = students.student_id and registers.subject_id= subjects.subject_id and subjects.name = 'X') and Students.student_id IN (Select Students.student_id \r\nFrom Students,Registers,Subjects \r\nWhere registers.student_id = students.student_id and registers.subject_id= subjects.subject_id and subjects.name = 'Y')\r\nb. Select Teachers.* \r\nFrom Teachers,Teaching \r\nWhere Teaching.teacher_id = Teachers.teacher_id  Group by Teaching.teacher_id Having count(Teaching.teacher_id)>5;\r\nc. Select Teachers.* \r\nFrom teachers,teaching,classes,registers \r\nWhere teaching.teacher_id = teachers.teacher_id  and teaching.class_id = classes.class_id and registers.class_id=classes.class_id Group by (registers.class_id) \r\nHaving count(registers.class_id)>=30 ;\r\nd. Select Subjects.* From Subjects,Teachers,Students,Registers,Teaching,Classes Where Students.student_id = Registers.student_id and Registers.class_id = Classes.class_id and Registers.subject_id = Subjects.subject_id and Teaching.class_id = Classes.class_id Teachers.teacher_id = Teaching.teacher_id and Students.student_name='A' and Teaching.teacher_name='G';	87/1404703380model.mwb	0	2014-07-07 02:23:15.114814	2014-07-07 03:23:00.146212	1
1354	88	41	\N	1	a,SELECT * \r\n   FROM Students \r\n  WHERE Student_id IN (SELECT Students.Student_id\r\n                                        FROM Students , Registers, Subjects\r\n                                        WHERE Students.Student_id = Registers.Student_id AND\r\n                                         Subjects.Subject_id=Registers.Subject_id AND\r\n                                         Subjects.Subject_name=X)\r\n                AND\r\n                Student_id IN (SELECT Students.Student_id\r\n                                        FROM Students , Registers, Subjects\r\n                                        WHERE Students.Student_id = Registers.Student_id AND\r\n                                                      Subjects.Subject_id=Registers.Subject_id AND\r\n                                                      Subjects.Subject_name=Y)\r\nb,SELECT *\r\n   FROM Teachers\r\n   WHERE Teacher_id IN ( SELECT Teacher_id , COUNT(*) \r\n                                           FROM Teachers, Classes\r\n                                           WHERE Teachers.Teacher_id = Classes.Teacher_id AND\r\n                                                         COUNT(*) > 5)\r\nc,SELECT *\r\n   FROM Teachers\r\n   WHERE Teacher_id IN ( SELECT Teacher_id, \r\n                                                           FROM Teachers,Classes,Subjects\r\n                                                           WHERE Teachers.Teacher_id = Classes.Teacher_id AND\r\n                                                                         Classes.Subject_id = Subjects.Subject_id AND\r\n                                                                         Subjects.Subject_id IN (SELECT Subjects.Subject_id , COUNT(*)\r\n                                                                                                               FROM Subjects\r\n                                                                                                               WHERE COUNT(*) >= 30))\r\nd,SELECT *\r\n   FROM Subjects\r\n   WHERE Subject_id IN (SELECT Subject_id \r\n                                        FROM Subjects,Registers,Classes,Teaching,Students\r\n                                        WHERE Students.Student_id = Registers.Student_id AND\r\n                                                      Subjects.Subject_id = Registers.Subject_id AND\r\n                                                      Classes.Subject_id = Subjects.Subject_id AND\r\n                                                      Teaching.Class_id = Classes.Class_id AND\r\n                                                      Teachers.Teacher_id = Teaching.Teacher_id AND\r\n                                                       Students.Student_name = A AND\r\n                                                       Teachers.Teacher_name = G) 	\N	0	2014-07-07 02:23:18.733639	2014-07-07 03:23:29.509063	1
1355	89	101	\N	1	a.SELECT Books.*\r\n   FROM Books as B\r\n   WHERE B.BookId IN (SELECT COUNT(BorrowerID) cn\r\n   FROM Borrower\r\n   WHERE BorrowDate BETWEEN '01-Jan-2011' AND '31-Dec-2011'\r\n   GROUP BY BookID\r\n   HAVING cn > 10)\r\nb.SELECT Readers.*\r\n   FROM Readers as R,Borrows as Bo\r\n   WHERE R.Readerid=Bo.Readerid\r\n   HAVING count(Bookid)>=10\r\nd.SELECT *\r\n   FROM Books as B, Authors as A\r\n   WHERE B.AuthorID = A.AuthorID and A.AuthorName = 'Stephen King' and B.BookID NOT IN (SELECT BookID FROM Borrows)	\N	0	2014-07-07 02:23:23.727558	2014-07-07 03:24:47.578126	1
1388	93	11	\N	1	\N	\N	0	2014-07-07 03:42:22.557734	2014-07-07 03:42:22.557734	1
1389	93	14	\N	2	\N	\N	0	2014-07-07 03:42:22.569636	2014-07-07 03:42:22.569636	1
1390	93	6	\N	3	\N	\N	0	2014-07-07 03:42:22.580476	2014-07-07 03:42:22.580476	1
1391	93	9	\N	4	\N	\N	0	2014-07-07 03:42:22.592296	2014-07-07 03:42:22.592296	1
1392	93	7	\N	5	\N	\N	0	2014-07-07 03:42:22.602914	2014-07-07 03:42:22.602914	1
1393	93	15	\N	6	\N	\N	0	2014-07-07 03:42:22.613608	2014-07-07 03:42:22.613608	1
1394	93	13	\N	7	\N	\N	0	2014-07-07 03:42:22.625602	2014-07-07 03:42:22.625602	1
1395	93	8	\N	8	\N	\N	0	2014-07-07 03:42:22.636045	2014-07-07 03:42:22.636045	1
1396	93	10	\N	9	\N	\N	0	2014-07-07 03:42:22.646396	2014-07-07 03:42:22.646396	1
1397	93	12	\N	10	\N	\N	0	2014-07-07 03:42:22.657544	2014-07-07 03:42:22.657544	1
1398	93	28	\N	11	\N	\N	0	2014-07-07 03:42:22.67152	2014-07-07 03:42:22.67152	1
1399	93	33	\N	12	\N	\N	0	2014-07-07 03:42:22.680529	2014-07-07 03:42:22.680529	1
1400	93	23	\N	13	\N	\N	0	2014-07-07 03:42:22.691724	2014-07-07 03:42:22.691724	1
1401	93	35	\N	14	\N	\N	0	2014-07-07 03:42:22.703111	2014-07-07 03:42:22.703111	1
1402	93	20	\N	15	\N	\N	0	2014-07-07 03:42:22.714346	2014-07-07 03:42:22.714346	1
1403	93	25	\N	16	\N	\N	0	2014-07-07 03:42:22.72492	2014-07-07 03:42:22.72492	1
1404	93	34	\N	17	\N	\N	0	2014-07-07 03:42:22.735189	2014-07-07 03:42:22.735189	1
1405	93	32	\N	18	\N	\N	0	2014-07-07 03:42:22.746387	2014-07-07 03:42:22.746387	1
1406	93	26	\N	19	\N	\N	0	2014-07-07 03:42:22.757676	2014-07-07 03:42:22.757676	1
1407	93	24	\N	20	\N	\N	0	2014-07-07 03:42:22.769734	2014-07-07 03:42:22.769734	1
1408	93	29	\N	21	\N	\N	0	2014-07-07 03:42:22.780514	2014-07-07 03:42:22.780514	1
1409	93	21	\N	22	\N	\N	0	2014-07-07 03:42:22.792688	2014-07-07 03:42:22.792688	1
1410	93	27	\N	23	\N	\N	0	2014-07-07 03:42:22.802989	2014-07-07 03:42:22.802989	1
1411	93	17	\N	24	\N	\N	0	2014-07-07 03:42:22.813689	2014-07-07 03:42:22.813689	1
1412	93	31	\N	25	\N	\N	0	2014-07-07 03:42:22.824811	2014-07-07 03:42:22.824811	1
1413	93	16	\N	26	\N	\N	0	2014-07-07 03:42:22.835832	2014-07-07 03:42:22.835832	1
1414	93	18	\N	27	\N	\N	0	2014-07-07 03:42:22.847214	2014-07-07 03:42:22.847214	1
1415	93	19	\N	28	\N	\N	0	2014-07-07 03:42:22.858697	2014-07-07 03:42:22.858697	1
1416	93	30	\N	29	\N	\N	0	2014-07-07 03:42:22.869792	2014-07-07 03:42:22.869792	1
1417	93	22	\N	30	\N	\N	0	2014-07-07 03:42:22.880396	2014-07-07 03:42:22.880396	1
1425	94	12	\N	8	\N	\N	0	2014-07-07 03:49:36.716307	2014-07-07 03:49:36.716307	1
1432	94	34	\N	15	\N	\N	0	2014-07-07 03:49:36.794409	2014-07-07 03:49:36.794409	1
1436	94	20	\N	19	\N	\N	0	2014-07-07 03:49:36.838384	2014-07-07 03:49:36.838384	1
1442	94	21	\N	25	\N	\N	0	2014-07-07 03:49:36.904566	2014-07-07 03:49:36.904566	1
1446	94	35	\N	29	\N	\N	0	2014-07-07 03:49:36.949593	2014-07-07 03:49:36.949593	1
1447	94	26	\N	30	\N	\N	0	2014-07-07 03:49:36.960238	2014-07-07 03:49:36.960238	1
1456	95	12	\N	9	\N	\N	0	2014-07-07 04:01:26.953416	2014-07-07 04:01:26.953416	1
1458	95	26	\N	11	\N	\N	0	2014-07-07 04:01:26.978367	2014-07-07 04:01:26.978367	1
1469	95	34	\N	22	\N	\N	0	2014-07-07 04:01:27.098319	2014-07-07 04:01:27.098319	1
1470	95	20	\N	23	\N	\N	0	2014-07-07 04:01:27.109408	2014-07-07 04:01:27.109408	1
1471	95	19	\N	24	\N	\N	0	2014-07-07 04:01:27.119275	2014-07-07 04:01:27.119275	1
1472	95	25	\N	25	\N	\N	0	2014-07-07 04:01:27.131078	2014-07-07 04:01:27.131078	1
1473	95	29	\N	26	\N	\N	0	2014-07-07 04:01:27.142661	2014-07-07 04:01:27.142661	1
1474	95	16	\N	27	\N	\N	0	2014-07-07 04:01:27.153307	2014-07-07 04:01:27.153307	1
1475	95	17	\N	28	\N	\N	0	2014-07-07 04:01:27.164875	2014-07-07 04:01:27.164875	1
1476	95	30	\N	29	\N	\N	0	2014-07-07 04:01:27.175984	2014-07-07 04:01:27.175984	1
1477	95	27	\N	30	\N	\N	0	2014-07-07 04:01:27.186752	2014-07-07 04:01:27.186752	1
1418	94	10	28	1	\N	\N	1	2014-07-07 03:49:36.635141	2014-07-07 04:09:52.405686	1
1419	94	13	40	2	\N	\N	1	2014-07-07 03:49:36.649556	2014-07-07 04:09:52.444886	1
1420	94	9	25	3	\N	\N	1	2014-07-07 03:49:36.660837	2014-07-07 04:09:52.45034	1
1421	94	7	16	4	\N	\N	1	2014-07-07 03:49:36.671854	2014-07-07 04:09:52.455769	1
1422	94	14	43	5	\N	\N	1	2014-07-07 03:49:36.682765	2014-07-07 04:09:52.459556	1
1423	94	15	49	6	\N	\N	1	2014-07-07 03:49:36.693739	2014-07-07 04:09:52.462732	1
1424	94	8	20	7	\N	\N	0	2014-07-07 03:49:36.705945	2014-07-07 04:09:52.465356	1
1426	94	11	30	9	\N	\N	1	2014-07-07 03:49:36.727081	2014-07-07 04:09:52.467863	1
1427	94	6	13	10	\N	\N	1	2014-07-07 03:49:36.738565	2014-07-07 04:09:52.47041	1
1428	94	33	118	11	\N	\N	1	2014-07-07 03:49:36.751959	2014-07-07 04:09:52.473212	1
1429	94	32	116	12	\N	\N	0	2014-07-07 03:49:36.76054	2014-07-07 04:09:52.476045	1
1430	94	29	102	13	\N	\N	1	2014-07-07 03:49:36.770951	2014-07-07 04:09:52.478729	1
1431	94	17	56	14	\N	\N	1	2014-07-07 03:49:36.782923	2014-07-07 04:09:52.481449	1
1433	94	28	99	16	\N	\N	1	2014-07-07 03:49:36.804955	2014-07-07 04:09:52.484435	1
1434	94	27	97	17	\N	\N	0	2014-07-07 03:49:36.815891	2014-07-07 04:09:52.488319	1
1435	94	23	78	18	\N	\N	1	2014-07-07 03:49:36.827008	2014-07-07 04:09:52.492105	1
1437	94	30	106	20	\N	\N	1	2014-07-07 03:49:36.849856	2014-07-07 04:09:52.495511	1
1438	94	25	89	21	\N	\N	1	2014-07-07 03:49:36.860405	2014-07-07 04:09:52.498921	1
1439	94	19	63	22	\N	\N	1	2014-07-07 03:49:36.872142	2014-07-07 04:09:52.502271	1
1440	94	31	111	23	\N	\N	1	2014-07-07 03:49:36.882545	2014-07-07 04:09:52.505657	1
1441	94	24	84	24	\N	\N	1	2014-07-07 03:49:36.893181	2014-07-07 04:09:52.509553	1
1443	94	16	51	26	\N	\N	0	2014-07-07 03:49:36.916423	2014-07-07 04:09:52.513208	1
1444	94	22	77	27	\N	\N	1	2014-07-07 03:49:36.927258	2014-07-07 04:09:52.51721	1
1445	94	18	58	28	\N	\N	0	2014-07-07 03:49:36.93885	2014-07-07 04:09:52.520608	1
1478	96	8	\N	1	\N	\N	0	2014-07-07 04:16:45.55129	2014-07-07 04:16:45.55129	1
1479	96	14	\N	2	\N	\N	0	2014-07-07 04:16:45.56777	2014-07-07 04:16:45.56777	1
1480	96	9	\N	3	\N	\N	0	2014-07-07 04:16:45.579592	2014-07-07 04:16:45.579592	1
1481	96	7	\N	4	\N	\N	0	2014-07-07 04:16:45.590081	2014-07-07 04:16:45.590081	1
1482	96	13	\N	5	\N	\N	0	2014-07-07 04:16:45.601054	2014-07-07 04:16:45.601054	1
1483	96	10	\N	6	\N	\N	0	2014-07-07 04:16:45.611781	2014-07-07 04:16:45.611781	1
1484	96	12	\N	7	\N	\N	0	2014-07-07 04:16:45.622306	2014-07-07 04:16:45.622306	1
1485	96	11	\N	8	\N	\N	0	2014-07-07 04:16:45.633699	2014-07-07 04:16:45.633699	1
1486	96	15	\N	9	\N	\N	0	2014-07-07 04:16:45.644962	2014-07-07 04:16:45.644962	1
1487	96	6	\N	10	\N	\N	0	2014-07-07 04:16:45.656	2014-07-07 04:16:45.656	1
1488	96	21	\N	11	\N	\N	0	2014-07-07 04:16:45.66952	2014-07-07 04:16:45.66952	1
1489	96	18	\N	12	\N	\N	0	2014-07-07 04:16:45.678574	2014-07-07 04:16:45.678574	1
1490	96	31	\N	13	\N	\N	0	2014-07-07 04:16:45.689146	2014-07-07 04:16:45.689146	1
1491	96	33	\N	14	\N	\N	0	2014-07-07 04:16:45.700938	2014-07-07 04:16:45.700938	1
1492	96	34	\N	15	\N	\N	0	2014-07-07 04:16:45.712343	2014-07-07 04:16:45.712343	1
1493	96	17	\N	16	\N	\N	0	2014-07-07 04:16:45.723309	2014-07-07 04:16:45.723309	1
1494	96	26	\N	17	\N	\N	0	2014-07-07 04:16:45.734501	2014-07-07 04:16:45.734501	1
1448	95	15	49	1	\N	\N	1	2014-07-07 04:01:26.860994	2014-07-07 06:05:24.354281	1
1449	95	10	28	2	\N	\N	1	2014-07-07 04:01:26.875937	2014-07-07 06:05:24.36124	1
1450	95	6	13	3	\N	\N	1	2014-07-07 04:01:26.887468	2014-07-07 06:05:24.364772	1
1451	95	9	25	4	\N	\N	1	2014-07-07 04:01:26.898547	2014-07-07 06:05:24.368689	1
1452	95	13	40	5	\N	\N	1	2014-07-07 04:01:26.909509	2014-07-07 06:05:24.375208	1
1453	95	8	18	6	\N	\N	0	2014-07-07 04:01:26.9207	2014-07-07 06:05:24.37934	1
1454	95	11	30	7	\N	\N	1	2014-07-07 04:01:26.931292	2014-07-07 06:05:24.382116	1
1455	95	7	16	8	\N	\N	1	2014-07-07 04:01:26.943563	2014-07-07 06:05:24.385059	1
1457	95	14	43	10	\N	\N	1	2014-07-07 04:01:26.964947	2014-07-07 06:05:24.392103	1
1459	95	18	58	12	\N	\N	0	2014-07-07 04:01:26.986896	2014-07-07 06:05:24.396894	1
1495	96	22	\N	18	\N	\N	0	2014-07-07 04:16:45.746375	2014-07-07 04:16:45.746375	1
1496	96	25	\N	19	\N	\N	0	2014-07-07 04:16:45.755587	2014-07-07 04:16:45.755587	1
1497	96	23	\N	20	\N	\N	0	2014-07-07 04:16:45.767478	2014-07-07 04:16:45.767478	1
1498	96	27	\N	21	\N	\N	0	2014-07-07 04:16:45.778487	2014-07-07 04:16:45.778487	1
1499	96	16	\N	22	\N	\N	0	2014-07-07 04:16:45.788734	2014-07-07 04:16:45.788734	1
1500	96	32	\N	23	\N	\N	0	2014-07-07 04:16:45.800236	2014-07-07 04:16:45.800236	1
1501	96	29	\N	24	\N	\N	0	2014-07-07 04:16:45.81215	2014-07-07 04:16:45.81215	1
1502	96	19	\N	25	\N	\N	0	2014-07-07 04:16:45.823465	2014-07-07 04:16:45.823465	1
1503	96	24	\N	26	\N	\N	0	2014-07-07 04:16:45.834636	2014-07-07 04:16:45.834636	1
1504	96	35	\N	27	\N	\N	0	2014-07-07 04:16:45.845697	2014-07-07 04:16:45.845697	1
1505	96	20	\N	28	\N	\N	0	2014-07-07 04:16:45.856958	2014-07-07 04:16:45.856958	1
1506	96	30	\N	29	\N	\N	0	2014-07-07 04:16:45.868031	2014-07-07 04:16:45.868031	1
1507	96	28	\N	30	\N	\N	0	2014-07-07 04:16:45.878381	2014-07-07 04:16:45.878381	1
1509	98	50	173	1	\N	\N	0	2014-07-18 01:52:47.921458	2014-07-18 02:17:30.963571	1
1460	95	31	111	13	\N	\N	1	2014-07-07 04:01:26.997225	2014-07-07 06:05:24.400644	1
1461	95	21	70	14	\N	\N	1	2014-07-07 04:01:27.009605	2014-07-07 06:05:24.405847	1
1462	95	35	129	15	\N	\N	1	2014-07-07 04:01:27.020183	2014-07-07 06:05:24.411364	1
1463	95	33	119	16	\N	\N	0	2014-07-07 04:01:27.031382	2014-07-07 06:05:24.414078	1
1464	95	23	78	17	\N	\N	1	2014-07-07 04:01:27.041957	2014-07-07 06:05:24.416771	1
1465	95	24	84	18	\N	\N	1	2014-07-07 04:01:27.052986	2014-07-07 06:05:24.421078	1
1466	95	22	77	19	\N	\N	1	2014-07-07 04:01:27.065145	2014-07-07 06:05:24.428971	1
1467	95	32	114	20	\N	\N	1	2014-07-07 04:01:27.076103	2014-07-07 06:05:24.43292	1
1468	95	28	99	21	\N	\N	1	2014-07-07 04:01:27.086678	2014-07-07 06:05:24.437309	1
1510	98	68	233	2	\N	\N	1	2014-07-18 01:52:48.010828	2014-07-18 02:17:30.992877	1
1508	97	101	\N	1	a. select * from Books, (select book_id, count(borrows.date) as count from Borrows group by book_id) as bo, borrows where Books.book_id = Borrows.book_id and (Borrows.date).year() = '2011' and bo.book_id = books.book_id having bo.count>10\r\nb. select * from readers, borrows,  (select reader_id, count(borrows.book_id) as count from Borrows group by reader_id) as bo where readers.reader_id = borrows.reader_id and readers.reader_id = bo.reader_id having bo.count>=10\r\nc.select * from Books, Borrows where Books.book_id = Borrows.book_id and borrows.reader_id in (select * from readers, borrows,  (select reader_id, count(borrows.book_id) as count from Borrows group by reader_id) as bo where readers.reader_id = borrows.reader_id and readers.reader_id = bo.reader_id having bo.count>=10)\r\nd.select * from books, borrows, authors where authors.name = 'Stephen King' and books.book_id = authors.book_id and borrows.book_id = books.book_id and books.book_id not in ( select borrows.book_id from borrows )	\N	0	2014-07-07 05:28:37.347696	2014-07-07 06:28:46.155225	1
1511	98	66	229	3	\N	\N	1	2014-07-18 01:52:48.021219	2014-07-18 02:17:31.001298	1
1512	98	81	276	4	\N	\N	0	2014-07-18 01:52:48.032331	2014-07-18 02:17:31.007092	1
1513	98	42	143	5	\N	\N	1	2014-07-18 01:52:48.043537	2014-07-18 02:17:31.011787	1
1514	98	2	6	6	\N	\N	1	2014-07-18 01:52:48.054495	2014-07-18 02:17:31.01599	1
1515	98	52	181	7	\N	\N	1	2014-07-18 01:52:48.065922	2014-07-18 02:17:31.019061	1
1516	98	48	164	8	\N	\N	1	2014-07-18 01:52:48.110219	2014-07-18 02:17:31.022819	1
1517	98	65	223	9	\N	\N	1	2014-07-18 01:52:48.12164	2014-07-18 02:17:31.030416	1
1518	98	51	174	10	\N	\N	1	2014-07-18 01:52:48.133276	2014-07-18 02:17:31.036055	1
1519	98	77	259	11	\N	\N	0	2014-07-18 01:52:48.14384	2014-07-18 02:17:31.041583	1
1520	98	58	199	12	\N	\N	1	2014-07-18 01:52:48.155329	2014-07-18 02:17:31.04521	1
1521	98	61	208	13	\N	\N	1	2014-07-18 01:52:48.166474	2014-07-18 02:17:31.048946	1
1522	98	74	251	14	\N	\N	1	2014-07-18 01:52:48.177199	2014-07-18 02:17:31.051908	1
1523	98	72	244	15	\N	\N	1	2014-07-18 01:52:48.188896	2014-07-18 02:17:31.058613	1
1524	98	56	194	16	\N	\N	1	2014-07-18 01:52:48.200212	2014-07-18 02:17:31.066522	1
1525	98	44	151	17	\N	\N	1	2014-07-18 01:52:48.21119	2014-07-18 02:17:31.071132	1
1526	98	1	1	18	\N	\N	1	2014-07-18 01:52:48.221963	2014-07-18 02:17:31.074591	1
1527	98	60	205	19	\N	\N	1	2014-07-18 01:52:48.232968	2014-07-18 02:17:31.07785	1
1528	98	69	235	20	\N	\N	1	2014-07-18 01:52:48.244313	2014-07-18 02:17:31.081407	1
1531	98	83	\N	23	select top(10) * from user where OrderNumber Order by DESC	\N	0	2014-07-18 01:52:48.278036	2014-07-18 02:17:31.091584	1
1532	98	96	\N	24	Regular expression	\N	0	2014-07-18 01:52:48.288943	2014-07-18 02:17:31.093564	1
1529	98	98	\N	21	SELECT DATE_FORMAT(techinterviews_timestamp, ‘%Y-%m-%d’) from techinterviews_questions	\N	1	2014-07-18 01:52:48.256577	2014-07-18 07:46:53.629142	1
1530	98	87	\N	22	Disable foreign key: SET FOREIGN_KEY_CHECKS=0	\N	1	2014-07-18 01:52:48.266417	2014-07-18 07:46:53.630846	1
1533	98	93	\N	25		\N	0	2014-07-18 01:52:48.299266	2014-07-18 02:17:31.097938	1
1586	103	6	13	1	\N	\N	1	2014-07-30 01:43:01.630495	2014-07-30 02:03:14.786425	1
1534	99	41	\N	1	a. Select st.FirstName, st.LastName from Students st where st.ID in (select sb.StudentID from Subjects where sb.ID =Y) and st.ID in (select sb.StudentID from Subjects where sb.ID =X).\r\n\r\nb. Select tc.ID,  tc.FirstName+' '+tc.LastName as 'Full Name' from Teachers tc where count(select DISTINCT dt.ClassesID from TeacherClassStudentDetails dt where dt.TeacherID =tc.ID)>5\r\n\r\nc. Select tc.ID,  tc.FirstName+' '+tc.LastName as 'Full Name' from Teachers tc where count(select DISTINCT dt.ClassesID, dt.StudentID from TeacherClassStudentDetails dt where dt.TeacherID =tc.ID)>29\r\n\r\nd.  Select  sb.SubjectName from Subjects sb inner join Registers rg on sb.ID =rg.SubjectID where rg.TeacherID =G	\N	0	2014-07-18 02:18:36.680544	2014-07-18 03:05:40.387957	1
1535	100	41	\N	1		100/1405672736Untitled 2.odt	0	2014-07-18 08:38:35.965866	2014-07-18 08:38:56.482949	1
1536	101	1	\N	1	\N	\N	0	2014-07-21 10:10:18.617645	2014-07-21 10:10:18.617645	1
1537	101	76	\N	2	\N	\N	0	2014-07-21 10:10:18.704061	2014-07-21 10:10:18.704061	1
1538	101	42	\N	3	\N	\N	0	2014-07-21 10:10:18.713349	2014-07-21 10:10:18.713349	1
1539	101	53	\N	4	\N	\N	0	2014-07-21 10:10:18.723198	2014-07-21 10:10:18.723198	1
1540	101	50	\N	5	\N	\N	0	2014-07-21 10:10:18.734674	2014-07-21 10:10:18.734674	1
1541	101	60	\N	6	\N	\N	0	2014-07-21 10:10:18.746998	2014-07-21 10:10:18.746998	1
1542	101	81	\N	7	\N	\N	0	2014-07-21 10:10:18.757795	2014-07-21 10:10:18.757795	1
1543	101	51	\N	8	\N	\N	0	2014-07-21 10:10:18.767961	2014-07-21 10:10:18.767961	1
1544	101	56	\N	9	\N	\N	0	2014-07-21 10:10:18.779565	2014-07-21 10:10:18.779565	1
1545	101	2	\N	10	\N	\N	0	2014-07-21 10:10:18.791359	2014-07-21 10:10:18.791359	1
1546	101	75	\N	11	\N	\N	0	2014-07-21 10:10:18.801815	2014-07-21 10:10:18.801815	1
1547	101	46	\N	12	\N	\N	0	2014-07-21 10:10:18.813092	2014-07-21 10:10:18.813092	1
1548	101	58	\N	13	\N	\N	0	2014-07-21 10:10:18.823566	2014-07-21 10:10:18.823566	1
1549	101	64	\N	14	\N	\N	0	2014-07-21 10:10:18.835608	2014-07-21 10:10:18.835608	1
1550	101	72	\N	15	\N	\N	0	2014-07-21 10:10:18.846288	2014-07-21 10:10:18.846288	1
1551	101	49	\N	16	\N	\N	0	2014-07-21 10:10:18.857369	2014-07-21 10:10:18.857369	1
1552	101	65	\N	17	\N	\N	0	2014-07-21 10:10:18.86775	2014-07-21 10:10:18.86775	1
1553	101	55	\N	18	\N	\N	0	2014-07-21 10:10:18.878948	2014-07-21 10:10:18.878948	1
1554	101	63	\N	19	\N	\N	0	2014-07-21 10:10:18.889576	2014-07-21 10:10:18.889576	1
1555	101	62	\N	20	\N	\N	0	2014-07-21 10:10:18.900864	2014-07-21 10:10:18.900864	1
1556	101	96	\N	21	\N	\N	0	2014-07-21 10:10:18.914381	2014-07-21 10:10:18.914381	1
1557	101	83	\N	22	\N	\N	0	2014-07-21 10:10:18.923047	2014-07-21 10:10:18.923047	1
1558	101	88	\N	23	\N	\N	0	2014-07-21 10:10:18.934599	2014-07-21 10:10:18.934599	1
1559	101	91	\N	24	\N	\N	0	2014-07-21 10:10:18.945731	2014-07-21 10:10:18.945731	1
1560	101	99	\N	25	\N	\N	0	2014-07-21 10:10:18.956462	2014-07-21 10:10:18.956462	1
1561	102	65	\N	1	\N	\N	0	2014-07-21 10:10:55.06117	2014-07-21 10:10:55.06117	1
1562	102	64	\N	2	\N	\N	0	2014-07-21 10:10:55.069031	2014-07-21 10:10:55.069031	1
1563	102	50	\N	3	\N	\N	0	2014-07-21 10:10:55.080375	2014-07-21 10:10:55.080375	1
1564	102	67	\N	4	\N	\N	0	2014-07-21 10:10:55.09079	2014-07-21 10:10:55.09079	1
1565	102	62	\N	5	\N	\N	0	2014-07-21 10:10:55.102097	2014-07-21 10:10:55.102097	1
1566	102	49	\N	6	\N	\N	0	2014-07-21 10:10:55.114082	2014-07-21 10:10:55.114082	1
1567	102	78	\N	7	\N	\N	0	2014-07-21 10:10:55.124355	2014-07-21 10:10:55.124355	1
1568	102	42	\N	8	\N	\N	0	2014-07-21 10:10:55.13683	2014-07-21 10:10:55.13683	1
1569	102	53	\N	9	\N	\N	0	2014-07-21 10:10:55.146847	2014-07-21 10:10:55.146847	1
1570	102	44	\N	10	\N	\N	0	2014-07-21 10:10:55.157249	2014-07-21 10:10:55.157249	1
1571	102	75	\N	11	\N	\N	0	2014-07-21 10:10:55.168297	2014-07-21 10:10:55.168297	1
1572	102	54	\N	12	\N	\N	0	2014-07-21 10:10:55.180218	2014-07-21 10:10:55.180218	1
1573	102	56	\N	13	\N	\N	0	2014-07-21 10:10:55.190493	2014-07-21 10:10:55.190493	1
1574	102	59	\N	14	\N	\N	0	2014-07-21 10:10:55.201751	2014-07-21 10:10:55.201751	1
1575	102	43	\N	15	\N	\N	0	2014-07-21 10:10:55.213129	2014-07-21 10:10:55.213129	1
1576	102	1	\N	16	\N	\N	0	2014-07-21 10:10:55.224221	2014-07-21 10:10:55.224221	1
1577	102	45	\N	17	\N	\N	0	2014-07-21 10:10:55.234986	2014-07-21 10:10:55.234986	1
1578	102	80	\N	18	\N	\N	0	2014-07-21 10:10:55.246513	2014-07-21 10:10:55.246513	1
1579	102	69	\N	19	\N	\N	0	2014-07-21 10:10:55.257068	2014-07-21 10:10:55.257068	1
1580	102	55	\N	20	\N	\N	0	2014-07-21 10:10:55.268219	2014-07-21 10:10:55.268219	1
1581	102	4	\N	21		\N	0	2014-07-21 10:10:55.283125	2014-07-21 10:11:46.085815	1
1582	102	91	\N	22		\N	0	2014-07-21 10:10:55.290324	2014-07-21 10:11:46.088739	1
1583	102	88	\N	23		\N	0	2014-07-21 10:10:55.317307	2014-07-21 10:11:46.090774	1
1584	102	86	\N	24		\N	0	2014-07-21 10:10:55.357132	2014-07-21 10:11:46.092107	1
1585	102	94	\N	25		\N	0	2014-07-21 10:10:55.3683	2014-07-21 10:11:46.093391	1
1587	103	10	28	2	\N	\N	1	2014-07-30 01:43:01.681629	2014-07-30 02:03:14.813716	1
1588	103	8	18	3	\N	\N	0	2014-07-30 01:43:01.691755	2014-07-30 02:03:14.81943	1
1589	103	11	31	4	\N	\N	0	2014-07-30 01:43:01.702136	2014-07-30 02:03:14.823419	1
1590	103	9	23	5	\N	\N	0	2014-07-30 01:43:01.713686	2014-07-30 02:03:14.827747	1
1591	103	7	16	6	\N	\N	1	2014-07-30 01:43:01.724391	2014-07-30 02:03:14.831018	1
1592	103	12	34	7	\N	\N	1	2014-07-30 01:43:01.73621	2014-07-30 02:03:14.833983	1
1593	103	14	43	8	\N	\N	1	2014-07-30 01:43:01.746999	2014-07-30 02:03:14.837053	1
1594	103	13	40	9	\N	\N	1	2014-07-30 01:43:01.791404	2014-07-30 02:03:14.839789	1
1595	103	15	49	10	\N	\N	1	2014-07-30 01:43:01.802665	2014-07-30 02:03:14.842095	1
1596	103	25	89	11	\N	\N	1	2014-07-30 01:43:01.816538	2014-07-30 02:03:14.844251	1
1597	103	17	56	12	\N	\N	1	2014-07-30 01:43:01.824575	2014-07-30 02:03:14.846411	1
1598	103	30	106	13	\N	\N	1	2014-07-30 01:43:01.834751	2014-07-30 02:03:14.849006	1
1599	103	33	118	14	\N	\N	1	2014-07-30 01:43:01.846096	2014-07-30 02:03:14.851706	1
1600	103	21	72	15	\N	\N	0	2014-07-30 01:43:01.902206	2014-07-30 02:03:14.854206	1
1601	103	28	99	16	\N	\N	1	2014-07-30 01:43:01.913413	2014-07-30 02:03:14.857256	1
1602	103	26	90	17	\N	\N	1	2014-07-30 01:43:01.924413	2014-07-30 02:03:14.861239	1
1603	103	16	51	18	\N	\N	0	2014-07-30 01:43:01.93536	2014-07-30 02:03:14.864675	1
1604	103	34	125	19	\N	\N	0	2014-07-30 01:43:01.946567	2014-07-30 02:03:14.868081	1
1605	103	19	63	20	\N	\N	1	2014-07-30 01:43:01.957433	2014-07-30 02:03:14.871992	1
1606	103	22	77	21	\N	\N	1	2014-07-30 01:43:01.968127	2014-07-30 02:03:14.875247	1
1607	103	24	84	22	\N	\N	1	2014-07-30 01:43:01.978841	2014-07-30 02:03:14.878462	1
1608	103	35	129	23	\N	\N	1	2014-07-30 01:43:01.989941	2014-07-30 02:03:14.881764	1
1609	103	18	58	24	\N	\N	0	2014-07-30 01:43:02.002036	2014-07-30 02:03:14.885042	1
1610	103	20	68	25	\N	\N	1	2014-07-30 01:43:02.013805	2014-07-30 02:03:14.890191	1
1611	103	29	102	26	\N	\N	1	2014-07-30 01:43:02.024925	2014-07-30 02:03:14.896348	1
1612	103	32	116	27	\N	\N	0	2014-07-30 01:43:02.035404	2014-07-30 02:03:14.902863	1
1613	103	23	79	28	\N	\N	0	2014-07-30 01:43:02.047029	2014-07-30 02:03:14.908222	1
1614	103	31	113	29	\N	\N	0	2014-07-30 01:43:02.057753	2014-07-30 02:03:14.911648	1
1615	103	27	95	30	\N	\N	1	2014-07-30 01:43:02.068688	2014-07-30 02:03:14.915925	1
1616	104	10	28	1	\N	\N	1	2014-07-30 03:28:10.143971	2014-07-30 03:45:24.241644	1
1617	104	15	49	2	\N	\N	1	2014-07-30 03:28:10.158617	2014-07-30 03:45:24.244582	1
1618	104	14	43	3	\N	\N	1	2014-07-30 03:28:10.169369	2014-07-30 03:45:24.247155	1
1619	104	12	34	4	\N	\N	1	2014-07-30 03:28:10.180746	2014-07-30 03:45:24.249605	1
1620	104	7	16	5	\N	\N	1	2014-07-30 03:28:10.192351	2014-07-30 03:45:24.251998	1
1621	104	8	21	6	\N	\N	1	2014-07-30 03:28:10.203022	2014-07-30 03:45:24.254237	1
1622	104	6	13	7	\N	\N	1	2014-07-30 03:28:10.213898	2014-07-30 03:45:24.256516	1
1623	104	11	30	8	\N	\N	1	2014-07-30 03:28:10.224756	2014-07-30 03:45:24.259583	1
1624	104	13	40	9	\N	\N	1	2014-07-30 03:28:10.236088	2014-07-30 03:45:24.262616	1
1625	104	9	25	10	\N	\N	1	2014-07-30 03:28:10.247203	2014-07-30 03:45:24.26558	1
1626	104	20	68	11	\N	\N	1	2014-07-30 03:28:10.260767	2014-07-30 03:45:24.268757	1
1627	104	25	89	12	\N	\N	1	2014-07-30 03:28:10.269656	2014-07-30 03:45:24.272197	1
1628	104	29	102	13	\N	\N	1	2014-07-30 03:28:10.281072	2014-07-30 03:45:24.275009	1
1629	104	32	116	14	\N	\N	0	2014-07-30 03:28:10.291873	2014-07-30 03:45:24.277846	1
1630	104	33	118	15	\N	\N	1	2014-07-30 03:28:10.303002	2014-07-30 03:45:24.280572	1
1631	104	17	56	16	\N	\N	1	2014-07-30 03:28:10.313802	2014-07-30 03:45:24.283202	1
1632	104	19	63	17	\N	\N	1	2014-07-30 03:28:10.324414	2014-07-30 03:45:24.286119	1
1633	104	27	95	18	\N	\N	1	2014-07-30 03:28:10.336166	2014-07-30 03:45:24.289474	1
1634	104	24	84	19	\N	\N	1	2014-07-30 03:28:10.347361	2014-07-30 03:45:24.29344	1
1635	104	16	51	20	\N	\N	0	2014-07-30 03:28:10.357911	2014-07-30 03:45:24.297649	1
1636	104	35	129	21	\N	\N	1	2014-07-30 03:28:10.369591	2014-07-30 03:45:24.301514	1
1637	104	21	70	22	\N	\N	1	2014-07-30 03:28:10.380583	2014-07-30 03:45:24.305452	1
1638	104	18	59	23	\N	\N	1	2014-07-30 03:28:10.392049	2014-07-30 03:45:24.309235	1
1639	104	28	99	24	\N	\N	1	2014-07-30 03:28:10.402515	2014-07-30 03:45:24.31303	1
1640	104	31	111	25	\N	\N	1	2014-07-30 03:28:10.413227	2014-07-30 03:45:24.316682	1
1641	104	23	78	26	\N	\N	1	2014-07-30 03:28:10.424619	2014-07-30 03:45:24.320795	1
1642	104	34	122	27	\N	\N	0	2014-07-30 03:28:10.436124	2014-07-30 03:45:24.325448	1
1643	104	22	77	28	\N	\N	1	2014-07-30 03:28:10.447202	2014-07-30 03:45:24.329727	1
1644	104	30	106	29	\N	\N	1	2014-07-30 03:28:10.458303	2014-07-30 03:45:24.334777	1
1645	104	26	90	30	\N	\N	1	2014-07-30 03:28:10.469433	2014-07-30 03:45:24.339043	1
1646	105	74	251	1	\N	\N	1	2014-08-04 08:47:46.870009	2014-08-04 09:13:05.54924	1
1647	105	51	176	2	\N	\N	0	2014-08-04 08:47:46.942017	2014-08-04 09:13:05.588801	1
1648	105	81	275	3	\N	\N	1	2014-08-04 08:47:46.952103	2014-08-04 09:13:05.594038	1
1649	105	46	156	4	\N	\N	1	2014-08-04 08:47:46.963969	2014-08-04 09:13:05.598712	1
1650	105	45	153	5	\N	\N	1	2014-08-04 08:47:46.97429	2014-08-04 09:13:05.602815	1
1651	105	65	223	6	\N	\N	1	2014-08-04 08:47:46.987748	2014-08-04 09:13:05.607869	1
1671	106	41	\N	1	a,\r\nselect Student.name from Student, Register, Subject \r\nwhere (Student.id = Register.stu_id \r\n\t\tand Register.sub_id = Sub.id \r\n\t\tand Sub.name = 'X') \r\n\t\tand \r\n\t\t(Student.id = Register.stu_id \r\n\t\tand Register.sub_id = Sub.id \r\n\t\tand Sub.name = 'Y')	\N	0	2014-08-04 08:47:47.279309	2014-08-04 10:15:22.889709	1
1652	105	64	220	7	\N	\N	0	2014-08-04 08:47:46.997296	2014-08-04 09:13:05.612817	1
1653	105	49	169	8	\N	\N	1	2014-08-04 08:47:47.012986	2014-08-04 09:13:05.630054	1
1654	105	76	257	9	\N	\N	1	2014-08-04 08:47:47.030126	2014-08-04 09:13:05.635754	1
1655	105	61	208	10	\N	\N	1	2014-08-04 08:47:47.040718	2014-08-04 09:13:05.640172	1
1656	105	53	183	11	\N	\N	1	2014-08-04 08:47:47.051942	2014-08-04 09:13:05.644324	1
1657	105	44	149	12	\N	\N	0	2014-08-04 08:47:47.063977	2014-08-04 09:13:05.648342	1
1658	105	63	216	13	\N	\N	1	2014-08-04 08:47:47.108443	2014-08-04 09:13:05.653443	1
1659	105	80	271	14	\N	\N	1	2014-08-04 08:47:47.118935	2014-08-04 09:13:05.659351	1
1660	105	55	191	15	\N	\N	1	2014-08-04 08:47:47.130452	2014-08-04 09:13:05.664445	1
1661	105	67	230	16	\N	\N	1	2014-08-04 08:47:47.140699	2014-08-04 09:13:05.667901	1
1662	105	42	143	17	\N	\N	1	2014-08-04 08:47:47.151985	2014-08-04 09:13:05.670626	1
1663	105	47	160	18	\N	\N	1	2014-08-04 08:47:47.16436	2014-08-04 09:13:05.673433	1
1664	105	60	205	19	\N	\N	1	2014-08-04 08:47:47.186007	2014-08-04 09:13:05.675833	1
1665	105	73	250	20	\N	\N	1	2014-08-04 08:47:47.201013	2014-08-04 09:13:05.67805	1
1666	105	97	\N	21	select Month(time) from table_data	\N	0	2014-08-04 08:47:47.208419	2014-08-04 09:13:05.680584	1
1667	105	83	\N	22	before 10 results we add a line note : "10 results form total_number results" 	\N	0	2014-08-04 08:47:47.219495	2014-08-04 09:13:05.681988	1
1668	105	4	\N	23	using key word COUNT to determine which columm is has unique values	\N	0	2014-08-04 08:47:47.230525	2014-08-04 09:13:05.6836	1
1669	105	96	\N	24		\N	0	2014-08-04 08:47:47.240966	2014-08-04 09:13:05.684907	1
1670	105	89	\N	25	Alter Table table_name	\N	0	2014-08-04 08:47:47.251633	2014-08-04 09:13:05.686234	1
1672	107	11	33	1	\N	\N	0	2014-08-13 01:44:38.351695	2014-08-13 02:04:50.203906	1
1673	107	14	43	2	\N	\N	1	2014-08-13 01:44:38.393429	2014-08-13 02:04:50.231202	1
1674	107	8	21	3	\N	\N	1	2014-08-13 01:44:38.403588	2014-08-13 02:04:50.237422	1
1675	107	9	24	4	\N	\N	0	2014-08-13 01:44:38.414919	2014-08-13 02:04:50.242944	1
1676	107	10	26	5	\N	\N	0	2014-08-13 01:44:38.425537	2014-08-13 02:04:50.248969	1
1677	107	15	46	6	\N	\N	0	2014-08-13 01:44:38.43641	2014-08-13 02:04:50.254954	1
1678	107	12	34	7	\N	\N	1	2014-08-13 01:44:38.447795	2014-08-13 02:04:50.261235	1
1679	107	13	39	8	\N	\N	0	2014-08-13 01:44:38.458782	2014-08-13 02:04:50.266781	1
1680	107	6	13	9	\N	\N	1	2014-08-13 01:44:38.469789	2014-08-13 02:04:50.272152	1
1681	107	7	16	10	\N	\N	1	2014-08-13 01:44:38.481736	2014-08-13 02:04:50.277706	1
1682	107	21	70	11	\N	\N	1	2014-08-13 01:44:38.496311	2014-08-13 02:04:50.283985	1
1683	107	23	78	12	\N	\N	1	2014-08-13 01:44:38.514078	2014-08-13 02:04:50.290179	1
1684	107	29	102	13	\N	\N	1	2014-08-13 01:44:38.525343	2014-08-13 02:04:50.296235	1
1685	107	16	51	14	\N	\N	0	2014-08-13 01:44:38.536569	2014-08-13 02:04:50.301268	1
1686	107	27	95	15	\N	\N	1	2014-08-13 01:44:38.547446	2014-08-13 02:04:50.306711	1
1687	107	25	89	16	\N	\N	1	2014-08-13 01:44:38.558756	2014-08-13 02:04:50.312736	1
1688	107	28	100	17	\N	\N	0	2014-08-13 01:44:38.569591	2014-08-13 02:04:50.318321	1
1689	107	20	68	18	\N	\N	1	2014-08-13 01:44:38.581806	2014-08-13 02:04:50.324581	1
1690	107	35	129	19	\N	\N	1	2014-08-13 01:44:38.590971	2014-08-13 02:04:50.330288	1
1691	107	32	114	20	\N	\N	1	2014-08-13 01:44:38.602586	2014-08-13 02:04:50.336079	1
1692	107	17	56	21	\N	\N	1	2014-08-13 01:44:38.614214	2014-08-13 02:04:50.34295	1
1693	107	31	113	22	\N	\N	0	2014-08-13 01:44:38.625321	2014-08-13 02:04:50.349463	1
1694	107	19	62	23	\N	\N	0	2014-08-13 01:44:38.636409	2014-08-13 02:04:50.355933	1
1695	107	18	59	24	\N	\N	1	2014-08-13 01:44:38.648521	2014-08-13 02:04:50.361078	1
1696	107	30	106	25	\N	\N	1	2014-08-13 01:44:38.658931	2014-08-13 02:04:50.366339	1
1697	107	33	118	26	\N	\N	1	2014-08-13 01:44:38.669803	2014-08-13 02:04:50.372298	1
1698	107	24	84	27	\N	\N	1	2014-08-13 01:44:38.681895	2014-08-13 02:04:50.378418	1
1699	107	34	124	28	\N	\N	1	2014-08-13 01:44:38.690886	2014-08-13 02:04:50.38486	1
1700	107	26	92	29	\N	\N	0	2014-08-13 01:44:38.702539	2014-08-13 02:04:50.390768	1
1701	107	22	77	30	\N	\N	1	2014-08-13 01:44:38.713424	2014-08-13 02:04:50.395955	1
1702	108	12	34	1	\N	\N	1	2014-08-13 02:29:52.263505	2014-08-13 02:49:57.719597	1
1703	108	14	43	2	\N	\N	1	2014-08-13 02:29:52.277293	2014-08-13 02:49:57.723508	1
1704	108	9	25	3	\N	\N	1	2014-08-13 02:29:52.289427	2014-08-13 02:49:57.726863	1
1705	108	10	28	4	\N	\N	1	2014-08-13 02:29:52.299073	2014-08-13 02:49:57.749793	1
1706	108	6	13	5	\N	\N	1	2014-08-13 02:29:52.310383	2014-08-13 02:49:57.754473	1
1707	108	13	40	6	\N	\N	1	2014-08-13 02:29:52.322814	2014-08-13 02:49:57.757467	1
1708	108	15	49	7	\N	\N	1	2014-08-13 02:29:52.332662	2014-08-13 02:49:57.760245	1
1709	108	7	16	8	\N	\N	1	2014-08-13 02:29:52.34443	2014-08-13 02:49:57.762952	1
1710	108	11	32	9	\N	\N	0	2014-08-13 02:29:52.35523	2014-08-13 02:49:57.765902	1
1711	108	8	21	10	\N	\N	1	2014-08-13 02:29:52.364942	2014-08-13 02:49:57.769264	1
1712	108	18	59	11	\N	\N	1	2014-08-13 02:29:52.380899	2014-08-13 02:49:57.773953	1
1713	108	29	102	12	\N	\N	1	2014-08-13 02:29:52.399836	2014-08-13 02:49:57.778227	1
1714	108	33	118	13	\N	\N	1	2014-08-13 02:29:52.411706	2014-08-13 02:49:57.783403	1
1715	108	28	101	14	\N	\N	0	2014-08-13 02:29:52.421971	2014-08-13 02:49:57.78894	1
1716	108	34	124	15	\N	\N	1	2014-08-13 02:29:52.433093	2014-08-13 02:49:57.793729	1
1717	108	19	63	16	\N	\N	1	2014-08-13 02:29:52.444882	2014-08-13 02:49:57.798866	1
1718	108	24	84	17	\N	\N	1	2014-08-13 02:29:52.45474	2014-08-13 02:49:57.806341	1
1719	108	16	50	18	\N	\N	1	2014-08-13 02:29:52.470246	2014-08-13 02:49:57.81309	1
1720	108	22	77	19	\N	\N	1	2014-08-13 02:29:52.486906	2014-08-13 02:49:57.819847	1
1721	108	30	106	20	\N	\N	1	2014-08-13 02:29:52.499656	2014-08-13 02:49:57.825156	1
1722	108	35	129	21	\N	\N	1	2014-08-13 02:29:52.510327	2014-08-13 02:49:57.830196	1
1723	108	32	114	22	\N	\N	1	2014-08-13 02:29:52.521934	2014-08-13 02:49:57.836372	1
1724	108	23	78	23	\N	\N	1	2014-08-13 02:29:52.533656	2014-08-13 02:49:57.843836	1
1725	108	20	68	24	\N	\N	1	2014-08-13 02:29:52.544122	2014-08-13 02:49:57.850719	1
1726	108	21	70	25	\N	\N	1	2014-08-13 02:29:52.555729	2014-08-13 02:49:57.856344	1
1727	108	26	90	26	\N	\N	1	2014-08-13 02:29:52.567523	2014-08-13 02:49:57.861734	1
1728	108	31	110	27	\N	\N	0	2014-08-13 02:29:52.576865	2014-08-13 02:49:57.868273	1
1729	108	27	95	28	\N	\N	1	2014-08-13 02:29:52.588466	2014-08-13 02:49:57.874473	1
1730	108	17	56	29	\N	\N	1	2014-08-13 02:29:52.599118	2014-08-13 02:49:57.880871	1
1731	108	25	89	30	\N	\N	1	2014-08-13 02:29:52.610929	2014-08-13 02:49:57.886072	1
\.


--
-- TOC entry 2086 (class 0 OID 0)
-- Dependencies: 165
-- Name: training_answer_sheet_detail_answer_sheet_detail_id_seq; Type: SEQUENCE SET; Schema: public; Owner: postgres
--

SELECT pg_catalog.setval('training_answer_sheet_detail_answer_sheet_detail_id_seq', 1731, true);


--
-- TOC entry 2037 (class 0 OID 16561)
-- Dependencies: 168 2061
-- Data for Name: training_conclusion; Type: TABLE DATA; Schema: public; Owner: postgres
--

COPY training_conclusion (conclusion_id, conclusion_name, created_at, updated_at, active_flag) FROM stdin;
1	Pass	2013-10-11 12:00:00	2013-10-11 12:00:00	1
2	Fail	2013-10-11 12:00:00	2013-10-11 12:00:00	1
\.


--
-- TOC entry 2087 (class 0 OID 0)
-- Dependencies: 167
-- Name: training_conclusion_conclusion_id_seq; Type: SEQUENCE SET; Schema: public; Owner: postgres
--

SELECT pg_catalog.setval('training_conclusion_conclusion_id_seq', 2, true);


--
-- TOC entry 2039 (class 0 OID 16569)
-- Dependencies: 170 2061
-- Data for Name: training_exam_question; Type: TABLE DATA; Schema: public; Owner: postgres
--

COPY training_exam_question (exam_question_id, subject_id, level_id, number_correct, exam_time, created_at, updated_at, active_flag) FROM stdin;
1	1	1	20	1500	2013-10-11 12:00:00	2013-10-11 12:00:00	1
2	2	1	23	1200	2013-10-14 12:00:00	2013-10-14 12:00:00	1
3	1	2	1	1200	2013-10-15 12:00:00	2013-10-15 12:00:00	1
4	3	1	1	3600	2013-10-18 12:00:00	2013-10-18 12:00:00	1
\.


--
-- TOC entry 2041 (class 0 OID 16577)
-- Dependencies: 172 2061
-- Data for Name: training_exam_question_detail; Type: TABLE DATA; Schema: public; Owner: postgres
--

COPY training_exam_question_detail (exam_question_detail_id, exam_question_id, subject_id, question_group_id, number_question, no, created_at, updated_at, active_flag) FROM stdin;
1	1	1	1	20	1	2013-10-11 12:00:00	2013-10-11 12:00:00	1
4	2	2	4	10	1	2013-10-14 12:00:00	2013-10-14 12:00:00	1
6	3	1	1	1	1	2013-10-15 12:00:00	2013-10-15 12:00:00	1
3	4	3	3	1	1	2013-10-11 12:00:00	2013-10-21 06:46:49	1
5	2	2	5	20	2	2013-10-14 12:00:00	2013-10-14 12:00:00	1
7	3	1	2	1	2	2013-10-15 12:00:00	2013-10-15 12:00:00	1
2	1	1	2	5	2	2013-10-11 12:00:00	2013-10-11 12:00:00	1
8	3	1	3	1	3	2013-10-15 12:00:00	2013-10-15 12:00:00	1
\.


--
-- TOC entry 2088 (class 0 OID 0)
-- Dependencies: 171
-- Name: training_exam_question_detail_exam_question_detail_id_seq; Type: SEQUENCE SET; Schema: public; Owner: postgres
--

SELECT pg_catalog.setval('training_exam_question_detail_exam_question_detail_id_seq', 8, true);


--
-- TOC entry 2089 (class 0 OID 0)
-- Dependencies: 169
-- Name: training_exam_question_exam_question_id_seq; Type: SEQUENCE SET; Schema: public; Owner: postgres
--

SELECT pg_catalog.setval('training_exam_question_exam_question_id_seq', 4, true);


--
-- TOC entry 2043 (class 0 OID 16585)
-- Dependencies: 174 2061
-- Data for Name: training_exam_session; Type: TABLE DATA; Schema: public; Owner: postgres
--

COPY training_exam_session (exam_session_id, exam_session_name, exam_date, exam_duration, level_id, created_at, updated_at, active_flag) FROM stdin;
\.


--
-- TOC entry 2045 (class 0 OID 16593)
-- Dependencies: 176 2061
-- Data for Name: training_exam_session_detail; Type: TABLE DATA; Schema: public; Owner: postgres
--

COPY training_exam_session_detail (exam_session_detail_id, exam_session_id, subject_id, no, created_at, updated_at, active_flag) FROM stdin;
\.


--
-- TOC entry 2090 (class 0 OID 0)
-- Dependencies: 175
-- Name: training_exam_session_detail_exam_session_detail_id_seq; Type: SEQUENCE SET; Schema: public; Owner: postgres
--

SELECT pg_catalog.setval('training_exam_session_detail_exam_session_detail_id_seq', 1, false);


--
-- TOC entry 2091 (class 0 OID 0)
-- Dependencies: 173
-- Name: training_exam_session_exam_session_id_seq; Type: SEQUENCE SET; Schema: public; Owner: postgres
--

SELECT pg_catalog.setval('training_exam_session_exam_session_id_seq', 1, false);


--
-- TOC entry 2047 (class 0 OID 16601)
-- Dependencies: 178 2061
-- Data for Name: training_examination; Type: TABLE DATA; Schema: public; Owner: postgres
--

COPY training_examination (examination_id, user_id, conclusion_id, status, created_at, updated_at, active_flag) FROM stdin;
83	8	\N	2	2013-11-01 08:38:43	2013-11-01 09:21:51	1
82	11	\N	1	2013-11-01 01:50:03	2013-11-01 01:50:03	1
81	11	\N	1	2013-11-01 01:49:53	2013-11-01 01:49:53	1
80	11	\N	1	2013-11-01 01:49:45	2013-11-01 01:49:45	1
79	11	\N	1	2013-11-01 01:49:36	2013-11-01 01:49:36	1
78	8	\N	1	2013-11-01 01:48:27	2013-11-01 01:48:27	1
77	8	\N	1	2013-11-01 01:48:01	2013-11-01 01:48:01	1
76	8	\N	1	2013-11-01 01:45:53	2013-11-01 01:45:53	1
75	20	\N	1	2013-10-31 08:32:43	2013-10-31 08:32:43	1
74	19	\N	1	2013-10-31 08:32:38	2013-10-31 08:32:38	1
73	18	\N	2	2013-10-31 08:30:31	2013-10-31 09:32:47	1
72	19	\N	2	2013-10-31 08:07:52	2013-10-31 10:04:12	1
71	18	\N	2	2013-10-31 08:07:37	2013-10-31 09:30:06	1
70	20	\N	2	2013-10-31 08:07:34	2013-10-31 10:36:20	1
69	13	\N	1	2013-10-31 06:25:19	2013-10-31 06:25:19	1
68	9	\N	1	2013-10-31 06:22:38	2013-10-31 06:22:38	1
67	13	\N	2	2013-10-31 06:10:04	2013-10-31 06:42:05	1
66	9	\N	2	2013-10-31 06:02:24	2013-10-31 06:41:19	1
65	20	\N	2	2013-10-30 03:14:00	2013-10-30 03:35:23	1
64	19	\N	2	2013-10-30 03:13:53	2013-10-30 03:35:14	1
63	18	\N	2	2013-10-30 03:13:20	2013-10-30 03:28:22	1
62	3	\N	1	2013-10-29 07:07:34	2013-10-29 07:07:34	1
61	3	\N	1	2013-10-29 07:07:14	2013-10-29 07:07:14	1
60	3	\N	1	2013-10-29 07:07:01	2013-10-29 07:07:01	1
59	3	\N	1	2013-10-29 07:06:44	2013-10-29 07:06:44	1
58	3	\N	2	2013-10-29 06:29:13	2013-10-29 07:13:10	1
57	13	\N	1	2013-10-29 06:13:21	2013-10-29 06:13:21	1
56	4	\N	2	2013-10-29 06:09:22	2013-10-29 07:03:54	1
55	17	\N	2	2013-10-29 06:09:01	2013-10-29 07:09:17	1
54	11	\N	1	2013-10-29 02:44:24	2013-10-29 02:44:24	1
53	15	\N	1	2013-10-29 02:17:27	2013-10-29 02:17:27	1
52	15	\N	2	2013-10-29 01:47:38	2013-10-29 02:12:06	1
51	13	\N	2	2013-10-29 01:42:45	2013-10-29 02:43:53	1
50	12	\N	2	2013-10-29 01:28:42	2013-10-29 02:17:57	1
49	12	\N	2	2013-10-29 01:28:06	2013-10-29 02:17:49	1
48	12	\N	1	2013-10-28 15:27:16	2013-10-28 15:27:16	1
47	10	\N	2	2013-10-28 11:03:45	2013-10-29 02:18:29	1
46	8	\N	2	2013-10-28 10:13:11	2013-10-29 02:52:25	1
45	11	\N	1	2013-10-28 10:08:57	2013-10-28 10:08:57	1
44	9	\N	1	2013-10-28 10:06:59	2013-10-28 10:06:59	1
43	13	\N	1	2013-10-28 10:05:36	2013-10-28 10:05:36	1
42	12	\N	1	2013-10-28 10:05:30	2013-10-28 10:05:30	1
41	10	\N	1	2013-10-28 10:00:37	2013-10-28 10:00:37	1
40	11	\N	2	2013-10-28 09:44:38	2013-10-28 10:31:39	1
39	12	\N	1	2013-10-28 09:44:36	2013-10-28 09:44:36	1
38	12	\N	2	2013-10-28 09:44:18	2013-10-28 10:42:50	1
37	13	\N	2	2013-10-28 09:44:04	2013-10-28 10:45:15	1
36	10	\N	2	2013-10-28 09:44:01	2013-10-28 10:46:38	1
35	8	\N	2	2013-10-28 09:43:55	2013-10-28 10:48:25	1
34	9	\N	2	2013-10-28 09:43:54	2013-10-28 10:49:34	1
33	16	\N	1	2013-10-28 07:51:32	2013-10-28 07:51:32	1
32	5	\N	1	2013-10-28 07:50:57	2013-10-28 07:50:57	1
31	15	\N	2	2013-10-24 02:05:40	2013-10-24 02:11:58	1
30	15	\N	1	2013-10-24 02:05:34	2013-10-24 02:05:34	1
29	15	\N	2	2013-10-24 01:38:51	2013-10-24 01:58:01	1
28	14	\N	1	2013-10-23 10:50:44	2013-10-23 10:50:44	1
27	12	\N	1	2013-10-23 09:57:08	2013-10-23 09:57:08	1
26	13	\N	2	2013-10-23 09:51:15	2013-10-23 09:55:25	1
25	9	\N	2	2013-10-23 09:44:47	2013-10-23 09:51:08	1
24	10	\N	2	2013-10-23 09:39:36	2013-10-23 09:44:19	1
23	11	\N	2	2013-10-23 09:30:00	2013-10-23 09:44:32	1
22	13	\N	2	2013-10-23 09:24:23	2013-10-23 09:43:56	1
21	13	\N	1	2013-10-23 09:24:15	2013-10-23 09:24:15	1
20	5	\N	2	2013-10-23 09:10:11	2013-10-23 09:21:49	1
19	10	\N	2	2013-10-23 09:08:18	2013-10-23 09:26:49	1
18	4	\N	2	2013-10-23 09:07:01	2013-10-23 09:22:37	1
17	12	\N	2	2013-10-23 09:06:20	2013-10-23 09:27:11	1
16	11	\N	2	2013-10-23 09:04:18	2013-10-23 09:27:00	1
15	8	\N	2	2013-10-23 09:03:03	2013-10-23 09:27:20	1
14	9	\N	2	2013-10-23 09:03:02	2013-10-23 09:25:30	1
13	8	\N	1	2013-10-23 09:02:54	2013-10-23 09:02:54	1
12	7	\N	1	2013-10-23 08:10:38	2013-10-23 08:10:38	1
11	7	\N	1	2013-10-23 08:10:31	2013-10-23 08:10:31	1
10	7	\N	1	2013-10-23 08:07:57	2013-10-23 08:07:57	1
9	5	\N	1	2013-10-23 04:25:06	2013-10-23 04:25:06	1
8	5	\N	2	2013-10-23 04:24:01	2013-10-23 04:24:51	1
7	6	\N	1	2013-10-22 06:17:26	2013-10-22 06:17:26	1
6	6	\N	1	2013-10-22 06:17:23	2013-10-22 06:17:23	1
5	5	\N	2	2013-10-21 07:05:59	2013-10-21 08:38:25	1
4	4	\N	2	2013-10-21 07:05:55	2013-10-21 08:41:29	1
3	3	\N	2	2013-10-21 07:00:58	2013-10-21 08:35:34	1
2	2	\N	2	2013-10-21 06:47:18	2013-10-21 06:48:10	1
1	2	\N	1	2013-10-21 06:27:32	2013-10-21 06:27:32	1
84	23	\N	1	2014-07-07 02:23:14.739883	2014-07-07 02:23:14.739883	1
85	24	\N	1	2014-07-07 02:23:18.700147	2014-07-07 02:23:18.700147	1
86	22	\N	1	2014-07-07 02:23:23.692631	2014-07-07 02:23:23.692631	1
87	25	\N	1	2014-07-07 02:25:35.01764	2014-07-07 02:25:35.01764	1
88	22	\N	1	2014-07-07 02:27:19.528769	2014-07-07 02:27:19.528769	1
89	22	\N	1	2014-07-07 03:01:06.29105	2014-07-07 03:01:06.29105	1
90	24	\N	1	2014-07-07 03:42:22.505269	2014-07-07 03:42:22.505269	1
91	23	\N	1	2014-07-07 03:49:36.588427	2014-07-07 03:49:36.588427	1
92	25	\N	1	2014-07-07 04:01:26.81413	2014-07-07 04:01:26.81413	1
93	23	\N	1	2014-07-07 04:16:45.516582	2014-07-07 04:16:45.516582	1
94	26	\N	1	2014-07-07 05:28:37.301649	2014-07-07 05:28:37.301649	1
95	27	\N	2	2014-07-18 01:52:47.481219	2014-07-18 07:46:25.398395	1
96	27	\N	2	2014-07-18 02:18:36.647454	2014-07-18 07:47:16.774413	1
97	27	\N	1	2014-07-18 08:38:35.921399	2014-07-18 08:38:35.921399	1
98	27	\N	1	2014-07-18 08:38:38.038978	2014-07-18 08:38:38.038978	1
99	28	\N	1	2014-07-21 10:10:18.354709	2014-07-21 10:10:18.354709	1
100	28	\N	1	2014-07-21 10:10:55.026589	2014-07-21 10:10:55.026589	1
101	29	\N	2	2014-07-30 01:43:01.225543	2014-07-30 03:08:02.733884	1
102	29	\N	2	2014-07-30 03:28:10.086252	2014-07-30 07:06:50.938778	1
103	29	\N	1	2014-08-04 08:47:46.550738	2014-08-04 08:47:46.550738	1
104	30	\N	2	2014-08-13 01:44:37.922602	2014-08-13 02:06:05.302888	1
105	30	\N	2	2014-08-13 02:29:52.219865	2014-08-13 06:39:19.284067	1
\.


--
-- TOC entry 2092 (class 0 OID 0)
-- Dependencies: 177
-- Name: training_examination_examination_id_seq; Type: SEQUENCE SET; Schema: public; Owner: postgres
--

SELECT pg_catalog.setval('training_examination_examination_id_seq', 105, true);


--
-- TOC entry 2049 (class 0 OID 16609)
-- Dependencies: 180 2061
-- Data for Name: training_level; Type: TABLE DATA; Schema: public; Owner: postgres
--

COPY training_level (level_id, level_name, created_at, updated_at, active_flag) FROM stdin;
1	Trainee	2013-10-14 12:00:00	2013-10-14 12:00:00	1
2	Engineer	2013-10-14 12:00:00	2013-10-14 12:00:00	0
\.


--
-- TOC entry 2093 (class 0 OID 0)
-- Dependencies: 179
-- Name: training_level_level_id_seq; Type: SEQUENCE SET; Schema: public; Owner: postgres
--

SELECT pg_catalog.setval('training_level_level_id_seq', 2, true);


--
-- TOC entry 2051 (class 0 OID 16617)
-- Dependencies: 182 2061
-- Data for Name: training_question; Type: TABLE DATA; Schema: public; Owner: postgres
--

COPY training_question (question_id, subject_id, question_group_id, question_content, question_file, answer_type, description, created_at, updated_at, active_flag) FROM stdin;
1	1	1	Which SQL function is used to count the number of rows in a SQL query?		1	\N	2013-10-11 12:00:00	2013-10-11 12:00:00	1
2	1	1	The FROM SQL clause is used to…	\N	1	\N	2013-10-11 12:00:00	2013-10-11 12:00:00	1
3	1	2	How do you get the number of rows affected by query?	\N	2	\N	2013-10-11 12:00:00	2013-10-11 12:00:00	1
4	1	2	If the value in the column is repeatable, how do you find out the unique values?	\N	2	\N	2013-10-11 12:00:00	2013-10-11 12:00:00	1
5	1	3	\N	1/exercise1.jpg	3	\N	2013-10-11 12:00:00	2013-10-21 01:46:35	0
6	2	4	Hãy chọn lệnh đúng để khởi động server Rails.	\N	1	\N	2013-10-14 12:00:00	2013-10-14 12:00:00	1
7	2	4	Hãy chọn rake task thích hợp dùng để xuất ra các routing được định nghĩa trong config/routes.rb.	\N	1	\N	2013-10-14 12:00:00	2013-10-14 12:00:00	1
8	2	4	Hãy chọn rake task thích hợp dùng để tạo database được chỉ định trong config/databases.yml	\N	1	\N	2013-10-14 12:00:00	2013-10-14 12:00:00	1
9	2	4	Đưa ra kết quả khi chạy lệnh sau đây:\n{'foo' => 'bar'}.symbolize_keys.merge(:foo => 'hoge')	\N	1	\N	2013-10-14 12:00:00	2013-10-14 12:00:00	1
10	2	4	Điền vào (1) dòng code để validate độ dài xâu của trường title trong bảng Article nằm trong 20 ký tự.\n class Article < ActiveRecord::Base\n　　__(1)__\nend	\N	1	\N	2013-10-14 12:00:00	2013-10-14 12:00:00	1
11	2	4	Khi validate trường age của bảng User là số nguyên không âm, điền vào (1) đoạn code thích hợp.\n \n class User < ActiveRecord::Base\n  　 __(1)__\n  end	\N	1	\N	2013-10-14 12:00:00	2013-10-14 12:00:00	1
12	2	4	Chọn một đáp án đúng khi nói về sự khác nhau giữa ActiveRecord::Base#update_attributes!và ActiveRecord::Base#update_attributes	\N	1	\N	2013-10-14 12:00:00	2013-10-14 12:00:00	1
13	2	4	Điền vào (1) dòng code để định nghĩa một scope tên là administrator lấy ra các record có trường admin bằng true.\n \nclass User < ActiveRecord::Base\n　__(1)__\nend	\N	1	\N	2013-10-14 12:00:00	2013-10-14 12:00:00	1
14	2	4	Hai model Company và Employer có quan hệ 1 nhiều (has_many). Điền vào (1) đoạn code để khi xoá một record trong model Company thì những record phụ thuộc của model Employer cũng bị xoá theo.\n \n            class Company < ActiveRecord::Base\n              __(1)__\n            end\n            class Employee < ActiveRecord::Base\n              belongs_to :company\n            end\n	\N	1	\N	2013-10-14 12:00:00	2013-10-14 12:00:00	1
15	2	4	Điền vào (1) dòng code để đánh index cho trường name của bảng user.\n \nclass CreateUsers < ActiveRecord::Migration\n　def self.up\n  　create_table :users do |t|\n    　t.string :name\n    　t.timestamps\n  　end\n  　__(1)__\n　end\n　def self.down\n　　drop_table :users\n 　end\n end	\N	1	\N	2013-10-14 12:00:00	2013-10-14 12:00:00	1
16	2	5	Điền vào (1) dòng code để định nghĩa routing, khi truy cập vào “/” thì action “welcome#index” được gọi.\n \nRails3::Application.routes.draw do\n 　__(1)__\n end	\N	1	\N	2013-10-14 12:00:00	2013-10-14 12:00:00	1
17	2	5	Điền vào (1) từ thích hợp để định nghĩa routing, khi truy cập vào “/users/1/preview” thì action “users#preview” được gọi.\n \nRails3::Application.routes.draw do\n　resources :users do\n  　__(1)__ do\n         get :preview\n     end\n   end\n             end	\N	1	\N	2013-10-14 12:00:00	2013-10-14 12:00:00	1
18	2	5	Điền vào (1) dòng code khi muốn tất cả các action không được chạy khi kết quả thực hiện của current_user.admin? là false\n \nclass Admin::UsersController < ApplicationController\n　__(1)__\n　def index\n  　@users = Users.all\n　end\n  private\n  def require_admin\n  　redirect_to welcome_path unless current_user.admin?\n  end\nend	\N	1	\N	2013-10-14 12:00:00	2013-10-14 12:00:00	1
19	2	5	Điền vào (1) đoạn code để truyền đoạn message “Book was successfully created.\n” vào flash và thực hiện redirect.\n \nclass BooksController < ApplicationController\n  def create\n    @book = Book.new(params[:book])\n    if @book.save\n      __(1)__\n    else\n      render :action => :new\n    end\n  end\nend	\N	1	\N	2013-10-14 12:00:00	2013-10-14 12:00:00	1
20	2	5	Điền vào (1) code thích hợp để tạo link dẫn đến trang của từng user\n            \nCode 1:\nclass User < ActiveRecord::Base\nend\n \nCode 2:\n <% User.all.each do |user| %>\n <%= __(1)__ user.name, user %>\n <% end %>	\N	1	\N	2013-10-14 12:00:00	2013-10-14 12:00:00	1
21	2	5	Đoạn code bên dưới muốn định nghĩa title của trang là “Hello world”. Điền vào (1) đoạn code thích hợp\n \nCode 1:\n<html>\n　<head>\n     __(1)__\n   </head>\n   <body>\n     <%= yield %>\n   </body>\n </html>\n \nCode 2:\n<% content_for :head do %>\n　<title>Hello world</title>\n<% end %>	\N	1	\N	2013-10-14 12:00:00	2013-10-14 12:00:00	1
22	2	5	File config/routes.rb được định nghĩa như Code 1 bên dưới. Đoạn code ở file 2 sẽ sinh ra string nào? Chọn đáp án thích hợp.\n \nCode 1:\nRails3::Application.routes.draw do\n　resources :users\nend\n\nCode 2:\n<%= url_for User.find(1) %>	\N	1	\N	2013-10-14 12:00:00	2013-10-14 12:00:00	1
23	2	5	Điền vào (1) code để cài đặt địa chỉ người gửi mặc định.\n \nclass NotifierMailer < ActionMailer::Base\n　　__(1)__\n  　def welcome(recipient)\n     　mail :to => recipient.email\n    end\n end	\N	1	\N	2013-10-14 12:00:00	2013-10-14 12:00:00	1
24	2	5	Lệnh để khởi tạo một project rails mới tên là “ittrain” là gì?\n \n1.     rails create ittrain\n2.     rails project ittrain\n3.     rails new ittrain\n4.     rails ittrain	\N	1	\N	2013-10-14 12:00:00	2013-10-14 12:00:00	1
25	2	5	Lựa chọn nào dưới đây không phải là thành phần cơ bản của Rails 3?	\N	1	\N	2013-10-14 12:00:00	2013-10-14 12:00:00	1
26	2	5	Kết quả khi chạy lệnh "Person".tableize  là gì?	\N	1	\N	2013-10-14 12:00:00	2013-10-14 12:00:00	1
27	2	5	Kết quả trả về khi chạy lệnh save ở đoạn code thứ 2 là gì?\n \n  Code 1\n  class User < ActiveRecord::Base\n    validates :login, :length => {:minimum => 5}\n  end\n  Code 2\n  user = User.new(:login => "foo")\n  user.save	\N	1	\N	2013-10-14 12:00:00	2013-10-14 12:00:00	1
28	2	5	Chọn dòng code để lấy ra tất cả các record có giá trị trường login là “foo”\n \nclass User < ActiveRecord::Base\n　validates :login, :presence => true\nend	\N	1	\N	2013-10-14 12:00:00	2013-10-14 12:00:00	1
29	2	5	Điền vào (1) từ thích hợp để khi tạo và update instace của model User thì màn hình log in ra chữ “debug”\n \nclass User < ActiveRecord::Base\n  ___(1)__ :logging\n  private\n    def logging\n    logger.debug "debug"\n  end\nend\n	\N	1	\N	2013-10-14 12:00:00	2013-10-14 12:00:00	1
30	2	5	Điền vào (1) dòng code thích hợp để xoá trường email trong bảng users\n \nclass RemoveEmailToUsers < ActiveRecord::Migration\n  def self.up\n    __(1)__\n  end\n  def self.down\n  end\nend	\N	1	\N	2013-10-14 12:00:00	2013-10-14 12:00:00	1
63	1	1	With SQL, how can you insert a new record into the "Persons" table?	\N	1	With SQL, how can you insert a new record into the "Persons" table?	2013-10-21 02:28:45	2013-10-21 02:28:45	1
31	2	5	Sau khi chạy rake db:migrate thì trường nào của bảng users không được định nghĩa?\n \nclass CreateUsers < ActiveRecord::Migration\n  def self.up\n    create_table :users do |t|\n    　t.string :login\n    　t.timestamps\n  　end\n  end\n  def self.down\n    drop_table :users\n  end\nend	\N	1	\N	2013-10-14 12:00:00	2013-10-14 12:00:00	1
32	2	5	Nếu định nghĩa resource :user thì sẽ tạo ra cac route nào?\n \n \nRails3::Application.routes.draw do\n  Resource :user\nend	\N	1	\N	2013-10-14 12:00:00	2013-10-14 12:00:00	1
33	2	5	Điền vào (1) dòng code để gán giá trị cho session.\n \nclass SessionsController < ApplicationController\n  def create\n    if @user = User.authenticate(params[:login], params[:password])\n      __(1)__\n      redirect_to root_path\n    else\n    　render :action => :new\n　　end\n   end\nend	\N	1	\N	2013-10-14 12:00:00	2013-10-14 12:00:00	1
34	2	5	File routes.rb được định nghĩa như bên dưới. Helper method nào dùng để gọi đến action “comments#show”?\n \nRails3::Application.routes.draw do\n  resources :message_boards do\n    resources :comments\n  end\nend\n \n1.     comment_url(@message_board, @comment)\n2.     comments_url(@message_board)\n3.     message_board_comment_url(@message_board, @comment)\n4.     message_board_comments_url(@message_board)	\N	1	\N	2013-10-14 12:00:00	2013-10-14 12:00:00	1
35	2	5	Điền vào (1) từ thích hợp để trả về respond dự liệu.\n \nclass UsersController < ApplicationController\n  def index\n    @users = User.all\n    __(1)__ do |format|\n      format.html\n      format.xml { render :xml => @users }\n    end\n  end\nend\n \n1.     request_from\n2.     request_to\n3.     respond_from\n4.     respond_to	\N	1	\N	2013-10-14 12:00:00	2013-10-14 12:00:00	1
36	1	1	Which of the following is NOT a SQL keyword or SQL clause?	\N	1	\N	2013-10-17 08:40:53	2013-10-18 02:00:34	0
37	1	1	The UNION SQL clause can be used with…	\N	1	The UNION SQL clause can be used with…	2013-10-17 08:57:43	2013-10-18 02:00:22	0
39	1	1	Which SQL keyword is used to retrieve a maximum value?	\N	1	Which SQL keyword is used to retrieve a maximum value?	2013-10-17 09:57:41	2013-10-18 02:00:37	0
40	1	1		\N	3	Exercise 2	2013-10-17 10:06:34	2013-10-17 11:31:10	0
41	3	3	Have following relations: Students, Teachers, Classes, Subjects, Registers, Teaching\r\na. List all students have registered both subjects X, Y\r\nb. List the teachers teach more than five class\r\nc. List the teachers teach a class that have at least 30 student return up\r\nd. List all subjects of teacher G that have registered by student A		3	Have following relations: Students, Teachers, Courses, Classes, Subjects, CourseRegisters, Teaching	2013-10-18 08:41:28	2013-10-24 07:41:35	1
42	1	1	Which of the following is NOT a SQL keyword or SQL clause?	\N	1	Which of the following is NOT a SQL keyword or SQL clause?	2013-10-21 01:55:54	2013-10-21 01:55:54	1
43	1	1	The UNION SQL clause can be used with…	\N	1	The UNION SQL clause can be used with…	2013-10-21 01:58:20	2013-10-21 01:58:20	1
44	1	1	What does DML stand for?	\N	1	What does DML stand for?	2013-10-21 02:00:03	2013-10-21 02:00:03	1
45	1	1	Which SQL keyword is used to retrieve a maximum value?	\N	1	Which SQL keyword is used to retrieve a maximum value?	2013-10-21 02:01:41	2013-10-21 02:01:41	1
46	1	1	Which SQL statement inserts data into a table called Projects?	\N	1	Which SQL statement inserts data into a table called Projects?	2013-10-21 02:04:25	2013-10-21 02:04:25	1
47	1	1	Which of the following SQL clauses is used to enter data into a SQL table?	\N	1	Which of the following SQL clauses is used to enter data into a SQL table?	2013-10-21 02:05:20	2013-10-21 02:05:20	1
48	1	1	Which of the following SQL clauses is used to DELETE data from a database table?	\N	1	Which of the following SQL clauses is used to DELETE data from a database table?	2013-10-21 02:07:00	2013-10-21 02:07:00	1
49	1	1	Which of the following SQL statements is correct?	\N	1	Which of the following SQL statements is correct?	2013-10-21 02:08:41	2013-10-21 02:08:41	1
50	1	1	What does SQL stand for?	\N	1	What does SQL stand for?	2013-10-21 02:09:21	2013-10-21 02:09:21	1
51	1	1	Which SQL statement is used to extract data from a database?	\N	1	Which SQL statement is used to extract data from a database?	2013-10-21 02:09:45	2013-10-21 02:09:45	1
52	1	1	Which SQL statement is used to update data in a database?	\N	1	Which SQL statement is used to update data in a database?	2013-10-21 02:10:16	2013-10-21 02:10:16	1
53	1	1	With SQL, how do you select a column named "FirstName" from a table named "Persons"?	\N	1	With SQL, how do you select a column named "FirstName" from a table named "Persons"?	2013-10-21 02:10:53	2013-10-21 02:10:53	1
54	1	1	With SQL, how do you select all the columns from a table named "Persons"?	\N	1	With SQL, how do you select all the columns from a table named "Persons"?	2013-10-21 02:11:32	2013-10-21 02:11:32	1
55	1	1	With SQL, how do you select all the records from a table named "Persons" where the value of the column "FirstName" is "Peter"?	\N	1	With SQL, how do you select all the records from a table named "Persons" where the value of the column "FirstName" is "Peter"?	2013-10-21 02:12:05	2013-10-21 02:12:05	1
56	1	1	With SQL, how do you select all the records from a table named "Persons" where the value of the column "FirstName" starts with an "a"?	\N	1	With SQL, how do you select all the records from a table named "Persons" where the value of the column "FirstName" starts with an "a"?	2013-10-21 02:25:26	2013-10-21 02:25:26	1
57	1	1	The OR operator displays a record if ANY conditions listed are true. The AND operator displays a record if ALL of the conditions listed are	\N	1	The OR operator displays a record if ANY conditions listed are true. The AND operator displays a record if ALL of the conditions listed are	2013-10-21 02:25:53	2013-10-21 02:25:53	1
58	1	1	With SQL, how do you select all the records from a table named "Persons" where the "FirstName" is "Peter" and the "LastName" is "Jackson"?	\N	1	With SQL, how do you select all the records from a table named "Persons" where the "FirstName" is "Peter" and the "LastName" is "Jackson"?	2013-10-21 02:26:19	2013-10-21 02:26:19	1
59	1	1	With SQL, how do you select all the records from a table named "Persons" where the "LastName" is alphabetically between (and including) "Hansen" and "Pettersen"?	\N	1	With SQL, how do you select all the records from a table named "Persons" where the "LastName" is alphabetically between (and including) "Hansen" and "Pettersen"?	2013-10-21 02:26:54	2013-10-21 02:26:54	1
60	1	1	Which SQL statement is used to return only different values?	\N	1	Which SQL statement is used to return only different values?	2013-10-21 02:27:26	2013-10-21 02:27:26	1
61	1	1	Which SQL keyword is used to sort the result-set?	\N	1	Which SQL keyword is used to sort the result-set?	2013-10-21 02:27:50	2013-10-21 02:27:50	1
62	1	1	With SQL, how can you return all the records from a table named "Persons" sorted descending by "FirstName"?	\N	1	With SQL, how can you return all the records from a table named "Persons" sorted descending by "FirstName"?	2013-10-21 02:28:23	2013-10-21 02:28:23	1
64	1	1	How can you change "Hansen" into "Nilsen" in the "LastName" column in the Persons table?	\N	1	How can you change "Hansen" into "Nilsen" in the "LastName" column in the Persons table?	2013-10-21 02:29:09	2013-10-21 02:29:09	1
65	1	1	With SQL, how can you delete the records where the "FirstName" is "Peter" in the Persons Table?	\N	1	With SQL, how can you delete the records where the "FirstName" is "Peter" in the Persons Table?	2013-10-21 02:30:12	2013-10-21 02:30:12	1
66	1	1	With SQL, how can you return the number of records in the "Persons" table?	\N	1	With SQL, how can you return the number of records in the "Persons" table?	2013-10-21 02:30:38	2013-10-21 02:30:38	1
67	1	1	If you don't specify ASC or DESC after a SQL ORDER BY clause, the following is used by default:	\N	1	If you don't specify ASC or DESC after a SQL ORDER BY clause, the following is used by default:	2013-10-21 02:31:10	2013-10-21 02:31:10	1
68	1	1	When inserting data in a table do you always have to specify a list of all column names you are inserting values for?	\N	1	When inserting data in a table do you always have to specify a list of all column names you are inserting values for?	2013-10-21 02:31:32	2013-10-21 02:31:32	1
69	1	1	Which of the following 3 SQL statements is correct?	\N	1	Which of the following 3 SQL statements is correct?	2013-10-21 02:31:55	2013-10-21 02:31:55	1
70	1	1	What is a database cursor?	\N	1	What is a database cursor?	2013-10-21 02:32:36	2013-10-21 02:32:36	1
71	1	1	What does follow after the SQL WHERE clause?	\N	1	What does follow after the SQL WHERE clause?	2013-10-21 02:33:10	2013-10-21 02:33:10	1
72	1	1	What does the ALTER TABLE clause do?	\N	1	What does the ALTER TABLE clause do?	2013-10-21 02:33:36	2013-10-21 02:33:36	1
73	1	1	What is the difference between the WHERE and HAVING SQL clauses?	\N	1	What is the difference between the WHERE and HAVING SQL clauses?	2013-10-21 02:34:05	2013-10-21 02:34:05	1
74	1	1	What is the purpose of the SQL AS clause?	\N	1	What is the purpose of the SQL AS clause?	2013-10-21 02:34:30	2013-10-21 02:34:30	1
75	1	1	Can you join a table to itself?	\N	1	Can you join a table to itself?	2013-10-21 02:34:49	2013-10-21 02:34:49	1
76	1	1	The IN SQL keyword…	\N	1	The IN SQL keyword…	2013-10-21 02:35:16	2013-10-21 02:35:16	1
77	1	1	The UPDATE SQL clause can…	\N	1	The UPDATE SQL clause can…	2013-10-21 02:43:07	2013-10-21 02:43:07	1
78	1	1	The difference between the DELETE and TRUNCATE SQL clauses is:	\N	1	The difference between the DELETE and TRUNCATE SQL clauses is:	2013-10-21 02:44:14	2013-10-21 02:44:14	1
79	1	1	The LIKE SQL keyword is used along with ...	\N	1	The LIKE SQL keyword is used along with ...	2013-10-21 02:44:54	2013-10-21 02:44:54	1
80	1	1	Which of the following statements gets the total value of the column 'Price' in the 'Sales' table?	\N	1	Which of the following statements gets the total value of the column 'Price' in the 'Sales' table?	2013-10-21 02:45:41	2013-10-21 02:45:41	1
81	1	1	Which of the following SQL statements selects the total number of orders from the Sales table? \r\n        OrderNumber\tDate\t\tCustomerID \r\n        1\t\t12/12/2005 \t13 \r\n        2\t\t13/12/2005 \t17	\N	1	Which of the following SQL statements selects the total number of orders from the Sales table? 	2013-10-21 02:48:03	2013-10-21 02:48:03	1
82	1	2	How do you return the a hundred books starting from 25th?	\N	2	How do you return the a hundred books starting from 25th?	2013-10-21 02:50:30	2013-10-21 02:50:30	1
83	1	2	You wrote a search engine that should retrieve 10 results at a time, but at the same time you’d like to know how many rows there’re total. How do you display that to the user?	\N	2	You wrote a search engine that should retrieve 10 results at a time, but at the same time you’d like to know how many rows there’re total. How do you display that to the user?	2013-10-21 02:51:09	2013-10-21 02:51:09	1
84	1	2	How would you write a query to select all teams that won either 2, 4, 6 or 8 games?	\N	2	How would you write a query to select all teams that won either 2, 4, 6 or 8 games?	2013-10-21 02:53:12	2013-10-21 02:53:12	1
85	1	2	How would you select all the users, whose phone number is null?	\N	2	How would you select all the users, whose phone number is null?	2013-10-21 02:53:28	2013-10-21 02:53:28	1
86	1	2	What does this query mean: SELECT user_name, user_isp FROM users LEFT JOIN isps USING (user_id) ?	\N	2	What does this query mean: SELECT user_name, user_isp FROM users LEFT JOIN isps USING (user_id) ?	2013-10-21 02:53:43	2013-10-21 02:53:43	1
87	1	2	On executing the DELETE statement I keep getting the error about foreign key constraint failing. What do I do?		2	On executing the DELETE statement I keep getting the error about foreign key constraint failing. What do I do?	2013-10-21 02:53:58	2013-10-21 02:59:35	1
88	1	2	When would you use ORDER BY in DELETE statement?		2	When would you use ORDER BY in DELETE statement?	2013-10-21 02:54:22	2013-10-21 02:59:20	1
89	1	2	How would you change a column from VARCHAR(10) to VARCHAR(50)?		2	How would you change a column from VARCHAR(10) to VARCHAR(50)?	2013-10-21 02:54:36	2013-10-21 02:59:09	1
90	1	2	How would you delete a column?		2	How would you delete a column?	2013-10-21 02:54:48	2013-10-21 02:58:56	1
91	1	2	How do you concatenate strings in MySQL?		2	How do you concatenate strings in MySQL?	2013-10-21 02:55:00	2013-10-21 02:58:38	1
92	1	2	How do you get a portion of a string?		2	How do you get a portion of a string?	2013-10-21 02:55:11	2013-10-21 02:58:19	1
93	1	2	What’s the difference between CHAR_LENGTH and LENGTH?	\N	2	What’s the difference between CHAR_LENGTH and LENGTH?	2013-10-21 02:55:31	2013-10-21 02:55:31	1
94	1	2	How do you convert a string to UTF-8?	\N	2	How do you convert a string to UTF-8?	2013-10-21 02:55:45	2013-10-21 02:55:45	1
95	1	2	What do % and _ mean inside LIKE statement?	\N	2	What do % and _ mean inside LIKE statement?	2013-10-21 02:55:59	2013-10-21 02:55:59	1
96	1	2	What does + mean in REGEXP?	\N	2	What does + mean in REGEXP?	2013-10-21 02:56:12	2013-10-21 02:56:12	1
97	1	2	How do you get the month from a timestamp?	\N	2	How do you get the month from a timestamp?	2013-10-21 02:56:28	2013-10-21 02:56:28	1
98	1	2	How do you offload the time/date handling to MySQL?	\N	2	How do you offload the time/date handling to MySQL?	2013-10-21 02:56:44	2013-10-21 02:56:44	1
99	1	2	How do you add three minutes to a date?	\N	2	How do you add three minutes to a date?	2013-10-21 02:56:58	2013-10-21 02:56:58	1
100	1	2	What’s the difference between Unix timestamps and MySQL timestamps?	\N	2	What’s the difference between Unix timestamps and MySQL timestamps?	2013-10-21 02:57:11	2013-10-21 02:57:11	1
101	3	3	Have following relations: Books, Authors, Readers, Borrows\r\na. List the books have been borrowed more than 10 times in 2011\r\nb. List the readers has borrowed at least 10 different books\r\nc. List the books are being borrowed by a reader in the preceding sentence (b)\r\nd. List of Stephen King books present no one is borrowing	\N	3	Have following relations: Books, Authors, Readers, Borrows	2013-10-21 03:15:28	2013-10-21 03:15:28	1
\.


--
-- TOC entry 2053 (class 0 OID 16628)
-- Dependencies: 184 2061
-- Data for Name: training_question_group; Type: TABLE DATA; Schema: public; Owner: postgres
--

COPY training_question_group (question_group_id, question_group_name, created_at, updated_at, active_flag) FROM stdin;
1	Selected-Response Test	2013-10-11 12:00:00	2013-10-11 12:00:00	1
2	Constructed-Response Test	2013-10-11 12:00:00	2013-10-11 12:00:00	1
3	Exercise Test	2013-10-11 12:00:00	2013-10-11 12:00:00	1
4	Level 1 easy	2013-10-14 12:00:00	2013-10-14 12:00:00	1
5	Level 1 normal	2013-10-14 12:00:00	2013-10-14 12:00:00	1
6	Level 2 normal	2013-10-14 12:00:00	2013-10-14 12:00:00	1
7	Level 2 a little difficult	2013-10-14 12:00:00	2013-10-14 12:00:00	1
\.


--
-- TOC entry 2094 (class 0 OID 0)
-- Dependencies: 183
-- Name: training_question_group_question_group_id_seq; Type: SEQUENCE SET; Schema: public; Owner: postgres
--

SELECT pg_catalog.setval('training_question_group_question_group_id_seq', 7, true);


--
-- TOC entry 2095 (class 0 OID 0)
-- Dependencies: 181
-- Name: training_question_question_id_seq; Type: SEQUENCE SET; Schema: public; Owner: postgres
--

SELECT pg_catalog.setval('training_question_question_id_seq', 101, true);


--
-- TOC entry 2055 (class 0 OID 16636)
-- Dependencies: 186 2061
-- Data for Name: training_subject; Type: TABLE DATA; Schema: public; Owner: postgres
--

COPY training_subject (subject_id, subject_name, created_at, updated_at, active_flag) FROM stdin;
1	MySQL	2013-10-11 12:00:00	2013-10-11 12:00:00	1
2	Ruby on Rails	2013-10-14 12:00:00	2013-10-14 12:00:00	1
3	MySQL Exercise	2013-10-18 12:00:00	2013-10-18 12:00:00	1
\.


--
-- TOC entry 2057 (class 0 OID 16644)
-- Dependencies: 188 2061
-- Data for Name: training_subject_question_group; Type: TABLE DATA; Schema: public; Owner: postgres
--

COPY training_subject_question_group (subject_question_group_id, subject_id, question_group_id, created_at, updated_at, active_flag) FROM stdin;
1	1	1	2013-10-11 12:00:00	2013-10-11 12:00:00	1
2	1	2	2013-10-11 12:00:00	2013-10-11 12:00:00	1
3	3	3	2013-10-11 12:00:00	2013-10-11 12:00:00	1
4	2	4	2013-10-14 12:00:00	2013-10-14 12:00:00	1
5	2	5	2013-10-14 12:00:00	2013-10-14 12:00:00	1
6	2	6	2013-10-14 12:00:00	2013-10-14 12:00:00	1
7	2	7	2013-10-14 12:00:00	2013-10-14 12:00:00	1
\.


--
-- TOC entry 2096 (class 0 OID 0)
-- Dependencies: 187
-- Name: training_subject_question_group_subject_question_group_id_seq; Type: SEQUENCE SET; Schema: public; Owner: postgres
--

SELECT pg_catalog.setval('training_subject_question_group_subject_question_group_id_seq', 7, true);


--
-- TOC entry 2097 (class 0 OID 0)
-- Dependencies: 185
-- Name: training_subject_subject_id_seq; Type: SEQUENCE SET; Schema: public; Owner: postgres
--

SELECT pg_catalog.setval('training_subject_subject_id_seq', 3, true);


--
-- TOC entry 2059 (class 0 OID 16652)
-- Dependencies: 190 2061
-- Data for Name: training_user; Type: TABLE DATA; Schema: public; Owner: postgres
--

COPY training_user (user_id, full_name, email, password_digest, remember_token, user_admin, created_at, updated_at, active_flag) FROM stdin;
13	MuiNV	nguyen.van.mui@framgia.com	$2a$10$fFLtZ2HYlXWyGkBD4ZjztuMD4xupc3GetQ7s.P8T0auznHsYYdthO	2a2aa8f36c0eee43408f60d5c7476d9732026641	0	2013-10-23 09:24:05	2013-10-23 09:51:01	1
2	Chu Anh Tuan	chu.anh.tuan@framgia.com	$2a$10$r3kxzSoopFGb0tdFbPPDzOo.vMvbrhfXdlIuQklIngMpTbIXY03cG	9d0d14143a3458104d45f23bfbc09d06643d4064	0	2013-10-21 06:27:27	2013-10-21 07:02:03	1
6	sdfghjk	admin@test.com	$2a$10$3LcenUGiTalJEoeKwB4R8.4umgrKouYbnderbRDX1b4gGe.t3B2du	2cc4b8050b2da6dee6ea3c6f926eb57f00349e53	0	2013-10-22 06:17:17	2013-10-22 06:17:17	1
7	takuma	takuma.miyake@framgia.com	$2a$10$bNQjI6fzPj52JuyIsufbeeMez3f9RxtfEH.eaMCP868RjgIt1aPxa	1fced6859e0ef066ec551135b1b07261a507f1e3	0	2013-10-23 08:07:44	2013-10-23 08:07:44	1
9	Truong My Hai Ninh	truong.my.hai.ninh@framgia.com	$2a$10$3EJfjldXRtJ5zCrD0F.cpuJ9Wx9n3wv3Vn0HXeQsWh8VjmaxtOv4q	097f1bcc62a8775b4478c467904550825ba83f70	0	2013-10-23 09:02:55	2013-10-23 09:02:55	1
10	Dang Quang Minh	dang.quang.minh@framgia.com	$2a$10$HrLw1EDI9GHSQaE5f0Oi8u2ll5HLVlsyo/KpVO5zOK8oj3akY.KOy	e5334cac61c944ba3003e47a57be584b897f2df5	0	2013-10-23 09:02:59	2013-10-23 09:02:59	1
11	nguyen manh ky	nguyen.manh.ky@framgia.com	$2a$10$TzNCKOLrMmtArkoPyiMTd.y5MFP.HH1XWUuN7I8Wjn/523H9AFPFK	5289519ec1a75ecc30fee1245d81cf0fd4731a7a	0	2013-10-23 09:03:09	2013-10-23 09:03:09	1
14	test1	test1@mail.com	$2a$10$ATMmOsk8S0S6pgCkUZ47a.tWLFXzanHyoWjdorVP6cALLedB5t6X2	d5fab4920eadbc3721f9054fe3c2b3502e5da01d	0	2013-10-23 10:50:38	2013-10-23 10:50:38	1
15	Nguyen Van Cuong B	nguyen.van.cuongb@framgia.com	$2a$10$2W.AHSyH7/TTV4kGCAcESOsv8PRGhRPO7DZTfJbwnyrIWh5ATy8sq	63f7efae77ead35aa1b91c1b9a0a8b323493f589	0	2013-10-24 01:38:31	2013-10-24 01:38:32	1
4	bui trung kien	buitrungkien1904@gmail.com	$2a$10$V2EQo.Nd3bsKF3OlXSDw8.XwCzOeBxJJD8.Yc9RGgPx3Q0mFSciQC	28a3da9bbab44d0991df91f807fb20d454a9fa3d	0	2013-10-21 07:05:39	2013-10-24 07:00:02	1
16	aaaaaa	aaaaaa@gmail.com	$2a$10$Vfs2sBSTgVB3jbhQ5SxMDOX5Tf3mmxlO3aRNVuyRq9GosWFMrlR6K	da235f26a43ad8b4c2e8ff6c331762691f1552c0	0	2013-10-28 07:51:26	2013-10-28 07:51:26	1
12	Nguyen Thanh Tung	nguyen.thanh.tung@framgia.com	$2a$10$6LFchmQ0oMRi.z0kzGLv9e/8hrpehNM5BKmuXbzZsi5E4p8VX.ezC	519c7f291fe9024f0c58724d1de620bfbd8aa0ef	0	2013-10-23 09:05:32	2013-10-29 01:27:59	1
17	Hoang Dang Khanh	dangkhanhit@gmail.com	$2a$10$vpS24.7KJB0FIw0iygCOhu2nXVVcBK9jAfmi8NWe80JDeVJOKVvYe	183733bfb440d05961a6b2873974114db706cad8	0	2013-10-29 06:08:52	2013-10-29 06:08:53	1
3	duongthilan	duong.thi.lan@framgia.com	$2a$10$6LuwU292Nng.Gnt5dXLVK.Cph8vnrS2.WwVj3oOljTGiibVcdKW.m	e65184c18c2bd9048a7ff9769bea3b010e78b081	0	2013-10-21 07:00:44	2013-10-29 07:17:02	1
5	Dang Khanh	dangkhanhjava@gmail.com	$2a$10$A21iP8IlWNmlKyVxjGZW4utDaOJp7YMv.mP8.8myZW6rC5A2Jsxwa	7efc6d4aaf7bdf75b8cd3b7f3617beb181968cd0	0	2013-10-21 07:05:52	2013-10-30 03:11:07	1
18	Bui Van Quynh	bui.van.quynh@framgia.com	$2a$10$3s6kgpUUFfLE8DOqFmpF9urSn4YSGJpycJ8qjEMvpgEAROTu4AaAW	dd3cb72cb3ac5d8d937313d321cee38f1a845729	0	2013-10-30 03:13:13	2013-10-30 03:13:13	1
20	Vu Thi Minh Hang	vu.thi.minh.hang@framgia.com	$2a$10$8UGBLggEbsriOK32y.F96O.IzsFABK0xdGjRqf3u2m3wI73hXE6w6	fc453b6632b61ccbd402de5e16b905682a86bc1c	0	2013-10-30 03:13:53	2013-10-30 03:13:53	1
19	Nguyen Duc Giang	nguyen.duc.giang@framgia.com	$2a$10$Fla/zpu.yCVBtBQz/s4Zt.0ljWfSE3R9LCj6AENSAQcchgeBae/mW	59d8b34671562c50873de041c9ede2034b41e6cb	0	2013-10-30 03:13:47	2013-10-31 08:07:39	1
8	Nguyen Thi Hue	nguyen.thi.hue@framgia.com	$2a$10$s51YZ9cUOeVMrMB6i/NYq.1OI/QgqLrVez6xVmsfZbwaX3fMbeLk2	ed39c93293a24bd4c0369010eb3bad528856b304	0	2013-10-23 09:02:47	2013-11-01 01:45:45	1
21	Chu Anh Tuấn 1	chu.anh.tuan1@framgia.com	$2a$10$zEn3uwPX5V1xKS57W1zU.eZdaOi5K3rOrc5y9XZh5k8GoEND/YSgS	9b0c2cec77aeb0868be75f1dada40a8b70ed6add	0	2014-07-01 08:19:21.319096	2014-07-01 08:19:21.34205	1
22	phan quoc tien	phan.quoc.tien.14.9@gmail.com	$2a$10$nW5Uck40Xcpr0rxDiQZKaeIHdPdEmlMfz9k8uVV1moU4QV1fyO9f6	603958bf5c50ea88c0ec07626b3b37cd0bd37db9	0	2014-07-07 02:22:34.602238	2014-07-07 02:22:34.714588	1
23	Nguyen Thanh Tung	tungnthanh93@gmail.com	$2a$10$vj6nMIYGcV0VMl.ZdIA9pOpGlxmJaF6o9.uQ10qAY3DHtsVvz6pL2	59b3876ab2f83fbc58c667dbd6088fae14b3de6b	0	2014-07-07 02:23:04.347703	2014-07-07 02:23:04.371035	1
25	Nguyen Quang Dung	dungnq164@gmail.com	$2a$10$6rpgkzBt9InRaosgFs1wWeb95atkA7DVPb5WnVY9pnGYNzpHFiRuu	91c5e4726fa1bad3a7bc87c4bba88b000dcb88a2	0	2014-07-07 02:25:05.694403	2014-07-07 02:25:05.712436	1
24	Tran Tuan Anh	tuananhbk93@gmail.com	$2a$10$c082StyL8GbPc1UKo6pmc.U4CBGIU6QU1CNuWxiVnDHnon2FIJSrS	8b9b568ad7bcb8fb6a21fce996a486f6e5c6d9fe	0	2014-07-07 02:23:09.960667	2014-07-07 04:28:42.139591	1
26	vuong manh tung	ict.vmt@gmail.com	$2a$10$HoVuS2F.//8Njmq7KYebHeVGhAb/z70b64p9DC8UOJiUSFK2V2Ok6	806afa22bf4bf4140d3f77324b6cbf6d2468bdf6	0	2014-07-07 05:28:29.453	2014-07-07 05:28:29.476795	1
28	cong thanh	cong@gmail.com	$2a$10$uMzvJy4JslTrA132C703WOvOig4SA.JAONRtLrZnensjHRRtoUzS6	10a5d5a31057f58e8ee7378ee35bfab146b1452e	0	2014-07-21 10:09:45.743525	2014-07-21 10:09:45.853253	1
27	duong thanh	duong.thanh.cong@framgia.com	$2a$10$h0T6tUtNLhtsmSpD5c3a/OvIjbVsiPljrWlu.7hwLg2cuPL48ETZC	e43d297a4a303201b5657a7079ec1468eb9dc8ca	0	2014-07-18 01:52:06.262924	2014-07-21 10:21:51.565712	1
29	le ngoc anh	le.ngoc.anh@framgia.com	$2a$10$2fynMYtM2fK8EyuH.aiMcOw1Mk6y4b.GxIJqgjSICArIVWkvoZ.y2	05cfa37780f110c35893ff5d9ef39cbd85358087	0	2014-07-30 01:42:42.076677	2014-07-30 01:42:42.197025	1
30	Ngo Thi Linh	ngo.thi.linh@framgia.com	$2a$10$scyMOC0UGYJLyZy8obhtCufZa6l/Xc8/Zs2jMGC/TtPOzrrKm1uE.	a2ba2d81bf1398d19dde38cc8f0864e09e1531b2	0	2014-08-13 01:44:20.561087	2014-08-13 01:44:20.684818	1
1	Administrator	admin@framgia.com	$2a$10$RSq29okADnphUxHURLNjE.AYCY4t0omvyJ5Azpvxvc.wS7t61rR/q	ee8d1744c2032002cef01ee75db9e40bca1e8288	1	2013-10-21 06:25:31	2014-08-18 01:24:32.102	1
\.


--
-- TOC entry 2098 (class 0 OID 0)
-- Dependencies: 189
-- Name: training_user_user_id_seq; Type: SEQUENCE SET; Schema: public; Owner: postgres
--

SELECT pg_catalog.setval('training_user_user_id_seq', 30, true);


--
-- TOC entry 1897 (class 2606 OID 16539)
-- Dependencies: 162 162 2062
-- Name: training_answer_pkey; Type: CONSTRAINT; Schema: public; Owner: postgres; Tablespace: 
--

ALTER TABLE ONLY training_answer
    ADD CONSTRAINT training_answer_pkey PRIMARY KEY (answer_id);


--
-- TOC entry 1901 (class 2606 OID 16558)
-- Dependencies: 166 166 2062
-- Name: training_answer_sheet_detail_pkey; Type: CONSTRAINT; Schema: public; Owner: postgres; Tablespace: 
--

ALTER TABLE ONLY training_answer_sheet_detail
    ADD CONSTRAINT training_answer_sheet_detail_pkey PRIMARY KEY (answer_sheet_detail_id);


--
-- TOC entry 1899 (class 2606 OID 16547)
-- Dependencies: 164 164 2062
-- Name: training_answer_sheet_pkey; Type: CONSTRAINT; Schema: public; Owner: postgres; Tablespace: 
--

ALTER TABLE ONLY training_answer_sheet
    ADD CONSTRAINT training_answer_sheet_pkey PRIMARY KEY (answer_sheet_id);


--
-- TOC entry 1903 (class 2606 OID 16566)
-- Dependencies: 168 168 2062
-- Name: training_conclusion_pkey; Type: CONSTRAINT; Schema: public; Owner: postgres; Tablespace: 
--

ALTER TABLE ONLY training_conclusion
    ADD CONSTRAINT training_conclusion_pkey PRIMARY KEY (conclusion_id);


--
-- TOC entry 1907 (class 2606 OID 16582)
-- Dependencies: 172 172 2062
-- Name: training_exam_question_detail_pkey; Type: CONSTRAINT; Schema: public; Owner: postgres; Tablespace: 
--

ALTER TABLE ONLY training_exam_question_detail
    ADD CONSTRAINT training_exam_question_detail_pkey PRIMARY KEY (exam_question_detail_id);


--
-- TOC entry 1905 (class 2606 OID 16574)
-- Dependencies: 170 170 2062
-- Name: training_exam_question_pkey; Type: CONSTRAINT; Schema: public; Owner: postgres; Tablespace: 
--

ALTER TABLE ONLY training_exam_question
    ADD CONSTRAINT training_exam_question_pkey PRIMARY KEY (exam_question_id);


--
-- TOC entry 1911 (class 2606 OID 16598)
-- Dependencies: 176 176 2062
-- Name: training_exam_session_detail_pkey; Type: CONSTRAINT; Schema: public; Owner: postgres; Tablespace: 
--

ALTER TABLE ONLY training_exam_session_detail
    ADD CONSTRAINT training_exam_session_detail_pkey PRIMARY KEY (exam_session_detail_id);


--
-- TOC entry 1909 (class 2606 OID 16590)
-- Dependencies: 174 174 2062
-- Name: training_exam_session_pkey; Type: CONSTRAINT; Schema: public; Owner: postgres; Tablespace: 
--

ALTER TABLE ONLY training_exam_session
    ADD CONSTRAINT training_exam_session_pkey PRIMARY KEY (exam_session_id);


--
-- TOC entry 1913 (class 2606 OID 16606)
-- Dependencies: 178 178 2062
-- Name: training_examination_pkey; Type: CONSTRAINT; Schema: public; Owner: postgres; Tablespace: 
--

ALTER TABLE ONLY training_examination
    ADD CONSTRAINT training_examination_pkey PRIMARY KEY (examination_id);


--
-- TOC entry 1915 (class 2606 OID 16614)
-- Dependencies: 180 180 2062
-- Name: training_level_pkey; Type: CONSTRAINT; Schema: public; Owner: postgres; Tablespace: 
--

ALTER TABLE ONLY training_level
    ADD CONSTRAINT training_level_pkey PRIMARY KEY (level_id);


--
-- TOC entry 1919 (class 2606 OID 16633)
-- Dependencies: 184 184 2062
-- Name: training_question_group_pkey; Type: CONSTRAINT; Schema: public; Owner: postgres; Tablespace: 
--

ALTER TABLE ONLY training_question_group
    ADD CONSTRAINT training_question_group_pkey PRIMARY KEY (question_group_id);


--
-- TOC entry 1917 (class 2606 OID 16625)
-- Dependencies: 182 182 2062
-- Name: training_question_pkey; Type: CONSTRAINT; Schema: public; Owner: postgres; Tablespace: 
--

ALTER TABLE ONLY training_question
    ADD CONSTRAINT training_question_pkey PRIMARY KEY (question_id);


--
-- TOC entry 1921 (class 2606 OID 16641)
-- Dependencies: 186 186 2062
-- Name: training_subject_pkey; Type: CONSTRAINT; Schema: public; Owner: postgres; Tablespace: 
--

ALTER TABLE ONLY training_subject
    ADD CONSTRAINT training_subject_pkey PRIMARY KEY (subject_id);


--
-- TOC entry 1923 (class 2606 OID 16649)
-- Dependencies: 188 188 2062
-- Name: training_subject_question_group_pkey; Type: CONSTRAINT; Schema: public; Owner: postgres; Tablespace: 
--

ALTER TABLE ONLY training_subject_question_group
    ADD CONSTRAINT training_subject_question_group_pkey PRIMARY KEY (subject_question_group_id);


--
-- TOC entry 1927 (class 2606 OID 16660)
-- Dependencies: 190 190 2062
-- Name: training_user_pkey; Type: CONSTRAINT; Schema: public; Owner: postgres; Tablespace: 
--

ALTER TABLE ONLY training_user
    ADD CONSTRAINT training_user_pkey PRIMARY KEY (user_id);


--
-- TOC entry 1924 (class 1259 OID 16661)
-- Dependencies: 190 2062
-- Name: index_users_on_email; Type: INDEX; Schema: public; Owner: postgres; Tablespace: 
--

CREATE INDEX index_users_on_email ON training_user USING btree (email);


--
-- TOC entry 1925 (class 1259 OID 16662)
-- Dependencies: 190 2062
-- Name: index_users_on_remember_token; Type: INDEX; Schema: public; Owner: postgres; Tablespace: 
--

CREATE INDEX index_users_on_remember_token ON training_user USING btree (remember_token);


--
-- TOC entry 1928 (class 1259 OID 16666)
-- Dependencies: 191 2062
-- Name: unique_schema_migrations; Type: INDEX; Schema: public; Owner: postgres; Tablespace: 
--

CREATE UNIQUE INDEX unique_schema_migrations ON schema_migrations USING btree (version);


--
-- TOC entry 2067 (class 0 OID 0)
-- Dependencies: 5
-- Name: public; Type: ACL; Schema: -; Owner: postgres
--

REVOKE ALL ON SCHEMA public FROM PUBLIC;
REVOKE ALL ON SCHEMA public FROM postgres;
GRANT ALL ON SCHEMA public TO postgres;
GRANT ALL ON SCHEMA public TO PUBLIC;


-- Completed on 2014-08-18 08:30:32 ICT

--
-- PostgreSQL database dump complete
--

