answer_sheet_detail_id,answer_sheet_id,question_id,answer_id,no,answer_content,answer_file,answer_correct,created_at,updated_at,active_flag
1,1,10,,1,,,0,2013-10-17 02:59:54 UTC,2013-10-17 02:59:54 UTC,1
2,1,6,,2,,,0,2013-10-17 02:59:54 UTC,2013-10-17 02:59:54 UTC,1
3,1,13,,3,,,0,2013-10-17 02:59:54 UTC,2013-10-17 02:59:54 UTC,1
4,1,11,,4,,,0,2013-10-17 02:59:54 UTC,2013-10-17 02:59:54 UTC,1
5,1,12,,5,,,0,2013-10-17 02:59:54 UTC,2013-10-17 02:59:54 UTC,1
6,1,7,,6,,,0,2013-10-17 02:59:54 UTC,2013-10-17 02:59:54 UTC,1
7,1,8,,7,,,0,2013-10-17 02:59:54 UTC,2013-10-17 02:59:54 UTC,1
8,1,15,,8,,,0,2013-10-17 02:59:54 UTC,2013-10-17 02:59:54 UTC,1
9,1,14,,9,,,0,2013-10-17 02:59:54 UTC,2013-10-17 02:59:54 UTC,1
10,1,9,,10,,,0,2013-10-17 02:59:54 UTC,2013-10-17 02:59:54 UTC,1
11,1,27,,11,,,0,2013-10-17 02:59:54 UTC,2013-10-17 02:59:54 UTC,1
12,1,28,,12,,,0,2013-10-17 02:59:55 UTC,2013-10-17 02:59:55 UTC,1
13,1,26,,13,,,0,2013-10-17 02:59:55 UTC,2013-10-17 02:59:55 UTC,1
14,1,33,,14,,,0,2013-10-17 02:59:55 UTC,2013-10-17 02:59:55 UTC,1
15,1,24,,15,,,0,2013-10-17 02:59:55 UTC,2013-10-17 02:59:55 UTC,1
16,1,34,,16,,,0,2013-10-17 02:59:55 UTC,2013-10-17 02:59:55 UTC,1
17,1,16,,17,,,0,2013-10-17 02:59:55 UTC,2013-10-17 02:59:55 UTC,1
18,1,32,,18,,,0,2013-10-17 02:59:55 UTC,2013-10-17 02:59:55 UTC,1
19,1,23,,19,,,0,2013-10-17 02:59:55 UTC,2013-10-17 02:59:55 UTC,1
20,1,20,,20,,,0,2013-10-17 02:59:55 UTC,2013-10-17 02:59:55 UTC,1
21,1,25,,21,,,0,2013-10-17 02:59:55 UTC,2013-10-17 02:59:55 UTC,1
22,1,30,,22,,,0,2013-10-17 02:59:55 UTC,2013-10-17 02:59:55 UTC,1
23,1,31,,23,,,0,2013-10-17 02:59:55 UTC,2013-10-17 02:59:55 UTC,1
24,1,18,,24,,,0,2013-10-17 02:59:55 UTC,2013-10-17 02:59:55 UTC,1
25,1,21,,25,,,0,2013-10-17 02:59:55 UTC,2013-10-17 02:59:55 UTC,1
26,1,19,,26,,,0,2013-10-17 02:59:55 UTC,2013-10-17 02:59:55 UTC,1
27,1,35,,27,,,0,2013-10-17 02:59:55 UTC,2013-10-17 02:59:55 UTC,1
28,1,22,,28,,,0,2013-10-17 02:59:55 UTC,2013-10-17 02:59:55 UTC,1
29,1,29,,29,,,0,2013-10-17 02:59:55 UTC,2013-10-17 02:59:55 UTC,1
30,1,17,,30,,,0,2013-10-17 02:59:55 UTC,2013-10-17 02:59:55 UTC,1
31,2,13,38,1,,,0,2013-10-17 03:13:00 UTC,2013-10-17 03:13:25 UTC,1
32,2,9,22,2,,,0,2013-10-17 03:13:00 UTC,2013-10-17 03:13:25 UTC,1
33,2,8,21,3,,,0,2013-10-17 03:13:00 UTC,2013-10-17 03:13:25 UTC,1
34,2,14,,4,,,0,2013-10-17 03:13:00 UTC,2013-10-17 03:13:00 UTC,1
35,2,11,,5,,,0,2013-10-17 03:13:00 UTC,2013-10-17 03:13:00 UTC,1
36,2,6,13,6,,,0,2013-10-17 03:13:00 UTC,2013-10-17 03:13:25 UTC,1
37,2,7,,7,,,0,2013-10-17 03:13:00 UTC,2013-10-17 03:13:00 UTC,1
38,2,12,,8,,,0,2013-10-17 03:13:00 UTC,2013-10-17 03:13:00 UTC,1
39,2,10,,9,,,0,2013-10-17 03:13:00 UTC,2013-10-17 03:13:00 UTC,1
40,2,15,,10,,,0,2013-10-17 03:13:00 UTC,2013-10-17 03:13:00 UTC,1
41,2,29,,11,,,0,2013-10-17 03:13:00 UTC,2013-10-17 03:13:00 UTC,1
42,2,22,,12,,,0,2013-10-17 03:13:00 UTC,2013-10-17 03:13:00 UTC,1
43,2,30,,13,,,0,2013-10-17 03:13:00 UTC,2013-10-17 03:13:00 UTC,1
44,2,27,,14,,,0,2013-10-17 03:13:00 UTC,2013-10-17 03:13:00 UTC,1
45,2,23,,15,,,0,2013-10-17 03:13:00 UTC,2013-10-17 03:13:00 UTC,1
46,2,33,,16,,,0,2013-10-17 03:13:00 UTC,2013-10-17 03:13:00 UTC,1
47,2,18,,17,,,0,2013-10-17 03:13:00 UTC,2013-10-17 03:13:00 UTC,1
48,2,16,,18,,,0,2013-10-17 03:13:00 UTC,2013-10-17 03:13:00 UTC,1
49,2,20,,19,,,0,2013-10-17 03:13:00 UTC,2013-10-17 03:13:00 UTC,1
50,2,31,,20,,,0,2013-10-17 03:13:00 UTC,2013-10-17 03:13:00 UTC,1
51,2,35,,21,,,0,2013-10-17 03:13:01 UTC,2013-10-17 03:13:01 UTC,1
52,2,28,,22,,,0,2013-10-17 03:13:01 UTC,2013-10-17 03:13:01 UTC,1
53,2,24,,23,,,0,2013-10-17 03:13:01 UTC,2013-10-17 03:13:01 UTC,1
54,2,19,,24,,,0,2013-10-17 03:13:01 UTC,2013-10-17 03:13:01 UTC,1
55,2,21,,25,,,0,2013-10-17 03:13:01 UTC,2013-10-17 03:13:01 UTC,1
56,2,26,,26,,,0,2013-10-17 03:13:01 UTC,2013-10-17 03:13:01 UTC,1
57,2,34,,27,,,0,2013-10-17 03:13:01 UTC,2013-10-17 03:13:01 UTC,1
58,2,32,,28,,,0,2013-10-17 03:13:01 UTC,2013-10-17 03:13:01 UTC,1
59,2,25,,29,,,0,2013-10-17 03:13:01 UTC,2013-10-17 03:13:01 UTC,1
60,2,17,,30,,,0,2013-10-17 03:13:01 UTC,2013-10-17 03:13:01 UTC,1
61,3,10,28,1,,,0,2013-10-17 03:16:51 UTC,2013-10-17 03:39:16 UTC,1
62,3,11,30,2,,,0,2013-10-17 03:16:51 UTC,2013-10-17 03:39:16 UTC,1
63,3,7,16,3,,,0,2013-10-17 03:16:51 UTC,2013-10-17 03:39:16 UTC,1
64,3,12,34,4,,,0,2013-10-17 03:16:51 UTC,2013-10-17 03:39:16 UTC,1
65,3,9,25,5,,,0,2013-10-17 03:16:51 UTC,2013-10-17 03:39:16 UTC,1
66,3,15,49,6,,,0,2013-10-17 03:16:51 UTC,2013-10-17 03:39:16 UTC,1
67,3,13,40,7,,,0,2013-10-17 03:16:51 UTC,2013-10-17 03:39:16 UTC,1
68,3,6,13,8,,,0,2013-10-17 03:16:51 UTC,2013-10-17 03:39:16 UTC,1
69,3,14,43,9,,,0,2013-10-17 03:16:51 UTC,2013-10-17 03:39:16 UTC,1
70,3,8,21,10,,,0,2013-10-17 03:16:51 UTC,2013-10-17 03:39:16 UTC,1
71,3,22,77,11,,,0,2013-10-17 03:16:51 UTC,2013-10-17 03:39:16 UTC,1
72,3,32,114,12,,,0,2013-10-17 03:16:51 UTC,2013-10-17 03:39:16 UTC,1
73,3,20,68,13,,,0,2013-10-17 03:16:51 UTC,2013-10-17 03:39:16 UTC,1
74,3,17,56,14,,,0,2013-10-17 03:16:51 UTC,2013-10-17 03:39:16 UTC,1
75,3,26,93,15,,,0,2013-10-17 03:16:51 UTC,2013-10-17 03:39:16 UTC,1
76,3,35,129,16,,,0,2013-10-17 03:16:51 UTC,2013-10-17 03:39:16 UTC,1
77,3,30,106,17,,,0,2013-10-17 03:16:51 UTC,2013-10-17 03:39:16 UTC,1
78,3,34,124,18,,,0,2013-10-17 03:16:51 UTC,2013-10-17 03:39:16 UTC,1
79,3,23,78,19,,,0,2013-10-17 03:16:51 UTC,2013-10-17 03:39:16 UTC,1
80,3,28,99,20,,,0,2013-10-17 03:16:51 UTC,2013-10-17 03:39:16 UTC,1
81,3,31,111,21,,,0,2013-10-17 03:16:51 UTC,2013-10-17 03:39:16 UTC,1
82,3,21,70,22,,,0,2013-10-17 03:16:51 UTC,2013-10-17 03:39:16 UTC,1
83,3,19,63,23,,,0,2013-10-17 03:16:51 UTC,2013-10-17 03:39:16 UTC,1
84,3,29,102,24,,,0,2013-10-17 03:16:51 UTC,2013-10-17 03:39:16 UTC,1
85,3,24,84,25,,,0,2013-10-17 03:16:51 UTC,2013-10-17 03:39:16 UTC,1
86,3,16,51,26,,,0,2013-10-17 03:16:51 UTC,2013-10-17 03:39:16 UTC,1
87,3,33,118,27,,,0,2013-10-17 03:16:51 UTC,2013-10-17 03:39:16 UTC,1
88,3,25,89,28,,,0,2013-10-17 03:16:51 UTC,2013-10-17 03:39:16 UTC,1
89,3,18,59,29,,,0,2013-10-17 03:16:51 UTC,2013-10-17 03:39:16 UTC,1
90,3,27,95,30,,,0,2013-10-17 03:16:51 UTC,2013-10-17 03:39:16 UTC,1
91,4,15,49,1,,,0,2013-10-17 03:23:23 UTC,2013-10-17 03:47:37 UTC,1
92,4,9,25,2,,,0,2013-10-17 03:23:23 UTC,2013-10-17 03:47:37 UTC,1
93,4,10,28,3,,,0,2013-10-17 03:23:23 UTC,2013-10-17 03:47:37 UTC,1
94,4,12,34,4,,,0,2013-10-17 03:23:23 UTC,2013-10-17 03:47:37 UTC,1
95,4,13,40,5,,,0,2013-10-17 03:23:23 UTC,2013-10-17 03:47:37 UTC,1
96,4,14,43,6,,,0,2013-10-17 03:23:23 UTC,2013-10-17 03:47:37 UTC,1
97,4,6,13,7,,,0,2013-10-17 03:23:23 UTC,2013-10-17 03:47:37 UTC,1
98,4,7,16,8,,,0,2013-10-17 03:23:23 UTC,2013-10-17 03:47:37 UTC,1
99,4,8,21,9,,,0,2013-10-17 03:23:23 UTC,2013-10-17 03:47:37 UTC,1
100,4,11,30,10,,,0,2013-10-17 03:23:23 UTC,2013-10-17 03:47:37 UTC,1
101,4,27,95,11,,,0,2013-10-17 03:23:23 UTC,2013-10-17 03:47:37 UTC,1
102,4,28,99,12,,,0,2013-10-17 03:23:23 UTC,2013-10-17 03:47:37 UTC,1
103,4,23,78,13,,,0,2013-10-17 03:23:23 UTC,2013-10-17 03:47:37 UTC,1
104,4,31,111,14,,,0,2013-10-17 03:23:23 UTC,2013-10-17 03:47:37 UTC,1
105,4,16,50,15,,,0,2013-10-17 03:23:23 UTC,2013-10-17 03:47:37 UTC,1
106,4,22,77,16,,,0,2013-10-17 03:23:23 UTC,2013-10-17 03:47:37 UTC,1
107,4,34,124,17,,,0,2013-10-17 03:23:23 UTC,2013-10-17 03:47:37 UTC,1
108,4,20,68,18,,,0,2013-10-17 03:23:23 UTC,2013-10-17 03:47:37 UTC,1
109,4,24,84,19,,,0,2013-10-17 03:23:23 UTC,2013-10-17 03:47:37 UTC,1
110,4,18,59,20,,,0,2013-10-17 03:23:23 UTC,2013-10-17 03:47:37 UTC,1
111,4,32,114,21,,,0,2013-10-17 03:23:23 UTC,2013-10-17 03:47:37 UTC,1
112,4,25,89,22,,,0,2013-10-17 03:23:23 UTC,2013-10-17 03:47:37 UTC,1
113,4,33,120,23,,,0,2013-10-17 03:23:23 UTC,2013-10-17 03:47:37 UTC,1
114,4,30,106,24,,,0,2013-10-17 03:23:23 UTC,2013-10-17 03:47:37 UTC,1
115,4,19,63,25,,,0,2013-10-17 03:23:23 UTC,2013-10-17 03:47:37 UTC,1
116,4,29,102,26,,,0,2013-10-17 03:23:23 UTC,2013-10-17 03:47:37 UTC,1
117,4,26,90,27,,,0,2013-10-17 03:23:23 UTC,2013-10-17 03:47:37 UTC,1
118,4,35,129,28,,,0,2013-10-17 03:23:23 UTC,2013-10-17 03:47:37 UTC,1
119,4,17,54,29,,,0,2013-10-17 03:23:23 UTC,2013-10-17 03:47:37 UTC,1
120,4,21,70,30,,,0,2013-10-17 03:23:23 UTC,2013-10-17 03:47:37 UTC,1
121,5,12,34,1,,,0,2013-10-17 03:24:29 UTC,2013-10-17 03:24:37 UTC,1
122,5,10,26,2,,,0,2013-10-17 03:24:29 UTC,2013-10-17 03:24:37 UTC,1
123,5,11,,3,,,0,2013-10-17 03:24:29 UTC,2013-10-17 03:24:29 UTC,1
124,5,13,,4,,,0,2013-10-17 03:24:29 UTC,2013-10-17 03:24:29 UTC,1
125,5,9,,5,,,0,2013-10-17 03:24:29 UTC,2013-10-17 03:24:29 UTC,1
126,5,6,,6,,,0,2013-10-17 03:24:29 UTC,2013-10-17 03:24:29 UTC,1
127,5,15,,7,,,0,2013-10-17 03:24:29 UTC,2013-10-17 03:24:29 UTC,1
128,5,8,,8,,,0,2013-10-17 03:24:29 UTC,2013-10-17 03:24:29 UTC,1
129,5,7,,9,,,0,2013-10-17 03:24:29 UTC,2013-10-17 03:24:29 UTC,1
130,5,14,,10,,,0,2013-10-17 03:24:29 UTC,2013-10-17 03:24:29 UTC,1
131,5,29,,11,,,0,2013-10-17 03:24:29 UTC,2013-10-17 03:24:29 UTC,1
132,5,20,,12,,,0,2013-10-17 03:24:29 UTC,2013-10-17 03:24:29 UTC,1
133,5,16,,13,,,0,2013-10-17 03:24:29 UTC,2013-10-17 03:24:29 UTC,1
134,5,31,,14,,,0,2013-10-17 03:24:29 UTC,2013-10-17 03:24:29 UTC,1
135,5,23,,15,,,0,2013-10-17 03:24:29 UTC,2013-10-17 03:24:29 UTC,1
136,5,19,,16,,,0,2013-10-17 03:24:29 UTC,2013-10-17 03:24:29 UTC,1
137,5,24,,17,,,0,2013-10-17 03:24:29 UTC,2013-10-17 03:24:29 UTC,1
138,5,21,,18,,,0,2013-10-17 03:24:29 UTC,2013-10-17 03:24:29 UTC,1
139,5,35,,19,,,0,2013-10-17 03:24:29 UTC,2013-10-17 03:24:29 UTC,1
140,5,26,,20,,,0,2013-10-17 03:24:29 UTC,2013-10-17 03:24:29 UTC,1
141,5,33,,21,,,0,2013-10-17 03:24:29 UTC,2013-10-17 03:24:29 UTC,1
142,5,22,,22,,,0,2013-10-17 03:24:29 UTC,2013-10-17 03:24:29 UTC,1
143,5,34,,23,,,0,2013-10-17 03:24:29 UTC,2013-10-17 03:24:29 UTC,1
144,5,25,,24,,,0,2013-10-17 03:24:29 UTC,2013-10-17 03:24:29 UTC,1
145,5,30,,25,,,0,2013-10-17 03:24:29 UTC,2013-10-17 03:24:29 UTC,1
146,5,32,,26,,,0,2013-10-17 03:24:29 UTC,2013-10-17 03:24:29 UTC,1
147,5,28,,27,,,0,2013-10-17 03:24:29 UTC,2013-10-17 03:24:29 UTC,1
148,5,17,,28,,,0,2013-10-17 03:24:29 UTC,2013-10-17 03:24:29 UTC,1
149,5,18,,29,,,0,2013-10-17 03:24:29 UTC,2013-10-17 03:24:29 UTC,1
150,5,27,,30,,,0,2013-10-17 03:24:29 UTC,2013-10-17 03:24:29 UTC,1
151,6,1,,1,,,0,2013-10-17 03:32:37 UTC,2013-10-17 03:32:37 UTC,1
152,6,3,,2,,,0,2013-10-17 03:32:37 UTC,2013-10-17 03:32:37 UTC,1
153,6,5,,3,,,0,2013-10-17 03:32:37 UTC,2013-10-17 03:32:37 UTC,1
154,7,11,31,1,,,0,2013-10-17 04:05:52 UTC,2013-10-17 04:32:11 UTC,1
155,7,7,16,2,,,0,2013-10-17 04:05:52 UTC,2013-10-17 04:32:11 UTC,1
156,7,13,40,3,,,0,2013-10-17 04:05:52 UTC,2013-10-17 04:32:11 UTC,1
157,7,14,43,4,,,0,2013-10-17 04:05:52 UTC,2013-10-17 04:32:11 UTC,1
158,7,10,28,5,,,0,2013-10-17 04:05:52 UTC,2013-10-17 04:32:11 UTC,1
159,7,15,49,6,,,0,2013-10-17 04:05:52 UTC,2013-10-17 04:32:11 UTC,1
160,7,9,23,7,,,0,2013-10-17 04:05:52 UTC,2013-10-17 04:32:11 UTC,1
161,7,8,21,8,,,0,2013-10-17 04:05:52 UTC,2013-10-17 04:32:11 UTC,1
162,7,12,35,9,,,0,2013-10-17 04:05:52 UTC,2013-10-17 04:32:11 UTC,1
163,7,6,13,10,,,0,2013-10-17 04:05:52 UTC,2013-10-17 04:32:11 UTC,1
164,7,30,106,11,,,0,2013-10-17 04:05:52 UTC,2013-10-17 04:32:11 UTC,1
165,7,31,113,12,,,0,2013-10-17 04:05:52 UTC,2013-10-17 04:32:11 UTC,1
166,7,19,63,13,,,0,2013-10-17 04:05:52 UTC,2013-10-17 04:32:11 UTC,1
167,7,26,90,14,,,0,2013-10-17 04:05:52 UTC,2013-10-17 04:32:11 UTC,1
168,7,25,88,15,,,0,2013-10-17 04:05:52 UTC,2013-10-17 04:32:11 UTC,1
169,7,16,51,16,,,0,2013-10-17 04:05:52 UTC,2013-10-17 04:32:11 UTC,1
170,7,34,124,17,,,0,2013-10-17 04:05:52 UTC,2013-10-17 04:32:11 UTC,1
171,7,20,68,18,,,0,2013-10-17 04:05:52 UTC,2013-10-17 04:32:11 UTC,1
172,7,18,58,19,,,0,2013-10-17 04:05:52 UTC,2013-10-17 04:32:11 UTC,1
173,7,32,114,20,,,0,2013-10-17 04:05:52 UTC,2013-10-17 04:32:11 UTC,1
174,7,17,56,21,,,0,2013-10-17 04:05:52 UTC,2013-10-17 04:32:11 UTC,1
175,7,23,78,22,,,0,2013-10-17 04:05:52 UTC,2013-10-17 04:32:11 UTC,1
176,7,22,77,23,,,0,2013-10-17 04:05:52 UTC,2013-10-17 04:32:11 UTC,1
177,7,28,101,24,,,0,2013-10-17 04:05:52 UTC,2013-10-17 04:32:11 UTC,1
178,7,24,84,25,,,0,2013-10-17 04:05:52 UTC,2013-10-17 04:32:11 UTC,1
179,7,27,97,26,,,0,2013-10-17 04:05:52 UTC,2013-10-17 04:32:11 UTC,1
180,7,33,118,27,,,0,2013-10-17 04:05:52 UTC,2013-10-17 04:32:11 UTC,1
181,7,21,70,28,,,0,2013-10-17 04:05:52 UTC,2013-10-17 04:32:11 UTC,1
182,7,35,129,29,,,0,2013-10-17 04:05:52 UTC,2013-10-17 04:32:11 UTC,1
183,7,29,104,30,,,0,2013-10-17 04:05:52 UTC,2013-10-17 04:32:11 UTC,1
184,8,6,13,1,,,0,2013-10-17 04:09:31 UTC,2013-10-17 04:28:04 UTC,1
185,8,11,30,2,,,0,2013-10-17 04:09:31 UTC,2013-10-17 04:28:53 UTC,1
186,8,15,49,3,,,0,2013-10-17 04:09:31 UTC,2013-10-17 04:28:04 UTC,1
187,8,8,18,4,,,0,2013-10-17 04:09:31 UTC,2013-10-17 04:28:04 UTC,1
188,8,7,16,5,,,0,2013-10-17 04:09:31 UTC,2013-10-17 04:28:04 UTC,1
189,8,12,35,6,,,0,2013-10-17 04:09:31 UTC,2013-10-17 04:28:04 UTC,1
190,8,14,43,7,,,0,2013-10-17 04:09:31 UTC,2013-10-17 04:28:04 UTC,1
191,8,9,25,8,,,0,2013-10-17 04:09:31 UTC,2013-10-17 04:28:04 UTC,1
192,8,13,40,9,,,0,2013-10-17 04:09:31 UTC,2013-10-17 04:28:04 UTC,1
193,8,10,28,10,,,0,2013-10-17 04:09:31 UTC,2013-10-17 04:28:04 UTC,1
194,8,33,118,11,,,0,2013-10-17 04:09:31 UTC,2013-10-17 04:28:04 UTC,1
195,8,25,89,12,,,0,2013-10-17 04:09:31 UTC,2013-10-17 04:28:04 UTC,1
196,8,20,68,13,,,0,2013-10-17 04:09:31 UTC,2013-10-17 04:28:04 UTC,1
197,8,18,58,14,,,0,2013-10-17 04:09:31 UTC,2013-10-17 04:28:04 UTC,1
198,8,21,73,15,,,0,2013-10-17 04:09:31 UTC,2013-10-17 04:31:03 UTC,1
199,8,23,78,16,,,0,2013-10-17 04:09:31 UTC,2013-10-17 04:28:04 UTC,1
200,8,24,84,17,,,0,2013-10-17 04:09:31 UTC,2013-10-17 04:28:04 UTC,1
201,8,30,107,18,,,0,2013-10-17 04:09:31 UTC,2013-10-17 04:28:04 UTC,1
202,8,27,95,19,,,0,2013-10-17 04:09:31 UTC,2013-10-17 04:28:04 UTC,1
203,8,31,111,20,,,0,2013-10-17 04:09:31 UTC,2013-10-17 04:28:04 UTC,1
204,8,35,129,21,,,0,2013-10-17 04:09:31 UTC,2013-10-17 04:28:04 UTC,1
205,8,34,125,22,,,0,2013-10-17 04:09:31 UTC,2013-10-17 04:28:04 UTC,1
206,8,22,77,23,,,0,2013-10-17 04:09:31 UTC,2013-10-17 04:28:04 UTC,1
207,8,29,104,24,,,0,2013-10-17 04:09:31 UTC,2013-10-17 04:28:04 UTC,1
208,8,19,62,25,,,0,2013-10-17 04:09:31 UTC,2013-10-17 04:28:04 UTC,1
209,8,16,51,26,,,0,2013-10-17 04:09:31 UTC,2013-10-17 04:28:04 UTC,1
210,8,17,56,27,,,0,2013-10-17 04:09:31 UTC,2013-10-17 04:28:04 UTC,1
211,8,32,116,28,,,0,2013-10-17 04:09:31 UTC,2013-10-17 04:28:04 UTC,1
212,8,28,99,29,,,0,2013-10-17 04:09:31 UTC,2013-10-17 04:28:04 UTC,1
213,8,26,90,30,,,0,2013-10-17 04:09:31 UTC,2013-10-17 04:28:04 UTC,1
214,9,14,43,1,,,0,2013-10-17 04:09:33 UTC,2013-10-17 04:33:19 UTC,1
215,9,12,35,2,,,0,2013-10-17 04:09:33 UTC,2013-10-17 04:33:19 UTC,1
216,9,8,21,3,,,0,2013-10-17 04:09:33 UTC,2013-10-17 04:33:19 UTC,1
217,9,6,13,4,,,0,2013-10-17 04:09:33 UTC,2013-10-17 04:33:19 UTC,1
218,9,9,23,5,,,0,2013-10-17 04:09:33 UTC,2013-10-17 04:33:19 UTC,1
219,9,11,32,6,,,0,2013-10-17 04:09:33 UTC,2013-10-17 04:33:19 UTC,1
220,9,15,47,7,,,0,2013-10-17 04:09:33 UTC,2013-10-17 04:33:19 UTC,1
221,9,7,16,8,,,0,2013-10-17 04:09:33 UTC,2013-10-17 04:33:19 UTC,1
222,9,10,28,9,,,0,2013-10-17 04:09:33 UTC,2013-10-17 04:33:19 UTC,1
223,9,13,40,10,,,0,2013-10-17 04:09:33 UTC,2013-10-17 04:33:19 UTC,1
224,9,23,78,11,,,0,2013-10-17 04:09:33 UTC,2013-10-17 04:33:19 UTC,1
225,9,28,100,12,,,0,2013-10-17 04:09:33 UTC,2013-10-17 04:33:19 UTC,1
226,9,29,103,13,,,0,2013-10-17 04:09:33 UTC,2013-10-17 04:33:19 UTC,1
227,9,17,57,14,,,0,2013-10-17 04:09:33 UTC,2013-10-17 04:33:19 UTC,1
228,9,35,129,15,,,0,2013-10-17 04:09:33 UTC,2013-10-17 04:33:19 UTC,1
229,9,31,111,16,,,0,2013-10-17 04:09:33 UTC,2013-10-17 04:33:19 UTC,1
230,9,25,87,17,,,0,2013-10-17 04:09:33 UTC,2013-10-17 04:33:19 UTC,1
231,9,22,77,18,,,0,2013-10-17 04:09:33 UTC,2013-10-17 04:33:19 UTC,1
232,9,26,92,19,,,0,2013-10-17 04:09:33 UTC,2013-10-17 04:33:19 UTC,1
233,9,33,121,20,,,0,2013-10-17 04:09:33 UTC,2013-10-17 04:33:19 UTC,1
234,9,34,122,21,,,0,2013-10-17 04:09:33 UTC,2013-10-17 04:33:19 UTC,1
235,9,21,71,22,,,0,2013-10-17 04:09:33 UTC,2013-10-17 04:33:19 UTC,1
236,9,16,51,23,,,0,2013-10-17 04:09:33 UTC,2013-10-17 04:33:19 UTC,1
237,9,24,84,24,,,0,2013-10-17 04:09:33 UTC,2013-10-17 04:33:19 UTC,1
238,9,20,68,25,,,0,2013-10-17 04:09:33 UTC,2013-10-17 04:33:19 UTC,1
239,9,30,107,26,,,0,2013-10-17 04:09:33 UTC,2013-10-17 04:33:19 UTC,1
240,9,18,59,27,,,0,2013-10-17 04:09:33 UTC,2013-10-17 04:33:19 UTC,1
241,9,32,116,28,,,0,2013-10-17 04:09:33 UTC,2013-10-17 04:33:19 UTC,1
242,9,27,97,29,,,0,2013-10-17 04:09:33 UTC,2013-10-17 04:33:19 UTC,1
243,9,19,62,30,,,0,2013-10-17 04:09:33 UTC,2013-10-17 04:33:19 UTC,1
244,10,7,16,1,,,0,2013-10-17 04:09:33 UTC,2013-10-17 04:29:56 UTC,1
245,10,12,34,2,,,0,2013-10-17 04:09:33 UTC,2013-10-17 04:29:56 UTC,1
246,10,8,18,3,,,0,2013-10-17 04:09:33 UTC,2013-10-17 04:29:56 UTC,1
247,10,11,31,4,,,0,2013-10-17 04:09:33 UTC,2013-10-17 04:29:56 UTC,1
248,10,13,40,5,,,0,2013-10-17 04:09:33 UTC,2013-10-17 04:29:56 UTC,1
249,10,10,28,6,,,0,2013-10-17 04:09:33 UTC,2013-10-17 04:29:56 UTC,1
250,10,15,49,7,,,0,2013-10-17 04:09:33 UTC,2013-10-17 04:29:56 UTC,1
251,10,9,25,8,,,0,2013-10-17 04:09:33 UTC,2013-10-17 04:29:56 UTC,1
252,10,14,43,9,,,0,2013-10-17 04:09:33 UTC,2013-10-17 04:29:56 UTC,1
253,10,6,13,10,,,0,2013-10-17 04:09:33 UTC,2013-10-17 04:29:56 UTC,1
254,10,26,90,11,,,0,2013-10-17 04:09:33 UTC,2013-10-17 04:29:56 UTC,1
255,10,20,68,12,,,0,2013-10-17 04:09:33 UTC,2013-10-17 04:29:56 UTC,1
256,10,31,111,13,,,0,2013-10-17 04:09:33 UTC,2013-10-17 04:29:56 UTC,1
257,10,35,129,14,,,0,2013-10-17 04:09:33 UTC,2013-10-17 04:29:56 UTC,1
258,10,17,56,15,,,0,2013-10-17 04:09:33 UTC,2013-10-17 04:29:56 UTC,1
259,10,29,102,16,,,0,2013-10-17 04:09:33 UTC,2013-10-17 04:29:56 UTC,1
260,10,32,114,17,,,0,2013-10-17 04:09:33 UTC,2013-10-17 04:29:56 UTC,1
261,10,16,51,18,,,0,2013-10-17 04:09:33 UTC,2013-10-17 04:29:56 UTC,1
262,10,27,95,19,,,0,2013-10-17 04:09:33 UTC,2013-10-17 04:29:56 UTC,1
263,10,22,77,20,,,0,2013-10-17 04:09:33 UTC,2013-10-17 04:29:56 UTC,1
264,10,30,106,21,,,0,2013-10-17 04:09:33 UTC,2013-10-17 04:29:56 UTC,1
265,10,23,78,22,,,0,2013-10-17 04:09:33 UTC,2013-10-17 04:29:56 UTC,1
266,10,33,118,23,,,0,2013-10-17 04:09:33 UTC,2013-10-17 04:29:56 UTC,1
267,10,18,58,24,,,0,2013-10-17 04:09:33 UTC,2013-10-17 04:29:56 UTC,1
268,10,24,84,25,,,0,2013-10-17 04:09:33 UTC,2013-10-17 04:29:56 UTC,1
269,10,34,124,26,,,0,2013-10-17 04:09:33 UTC,2013-10-17 04:29:56 UTC,1
270,10,21,73,27,,,0,2013-10-17 04:09:33 UTC,2013-10-17 04:29:56 UTC,1
271,10,28,99,28,,,0,2013-10-17 04:09:33 UTC,2013-10-17 04:29:56 UTC,1
272,10,25,89,29,,,0,2013-10-17 04:09:33 UTC,2013-10-17 04:29:56 UTC,1
273,10,19,62,30,,,0,2013-10-17 04:09:33 UTC,2013-10-17 04:29:56 UTC,1
274,11,12,34,1,,,0,2013-10-17 04:09:35 UTC,2013-10-17 04:21:15 UTC,1
275,11,7,16,2,,,0,2013-10-17 04:09:35 UTC,2013-10-17 04:21:15 UTC,1
276,11,14,43,3,,,0,2013-10-17 04:09:35 UTC,2013-10-17 04:21:15 UTC,1
277,11,10,28,4,,,0,2013-10-17 04:09:35 UTC,2013-10-17 04:21:15 UTC,1
278,11,6,13,5,,,0,2013-10-17 04:09:35 UTC,2013-10-17 04:21:15 UTC,1
279,11,9,25,6,,,0,2013-10-17 04:09:35 UTC,2013-10-17 04:21:15 UTC,1
280,11,13,40,7,,,0,2013-10-17 04:09:35 UTC,2013-10-17 04:21:15 UTC,1
281,11,15,49,8,,,0,2013-10-17 04:09:35 UTC,2013-10-17 04:21:15 UTC,1
282,11,8,21,9,,,0,2013-10-17 04:09:35 UTC,2013-10-17 04:21:15 UTC,1
283,11,11,30,10,,,0,2013-10-17 04:09:35 UTC,2013-10-17 04:21:15 UTC,1
284,11,35,129,11,,,0,2013-10-17 04:09:35 UTC,2013-10-17 04:21:15 UTC,1
285,11,19,63,12,,,0,2013-10-17 04:09:35 UTC,2013-10-17 04:21:15 UTC,1
286,11,34,124,13,,,0,2013-10-17 04:09:35 UTC,2013-10-17 04:21:15 UTC,1
287,11,25,89,14,,,0,2013-10-17 04:09:35 UTC,2013-10-17 04:21:15 UTC,1
288,11,20,68,15,,,0,2013-10-17 04:09:35 UTC,2013-10-17 04:21:15 UTC,1
289,11,30,108,16,,,0,2013-10-17 04:09:35 UTC,2013-10-17 04:21:15 UTC,1
290,11,28,99,17,,,0,2013-10-17 04:09:35 UTC,2013-10-17 04:21:15 UTC,1
291,11,16,50,18,,,0,2013-10-17 04:09:35 UTC,2013-10-17 04:21:15 UTC,1
292,11,33,118,19,,,0,2013-10-17 04:09:35 UTC,2013-10-17 04:21:15 UTC,1
293,11,17,56,20,,,0,2013-10-17 04:09:35 UTC,2013-10-17 04:21:15 UTC,1
294,11,27,95,21,,,0,2013-10-17 04:09:35 UTC,2013-10-17 04:21:15 UTC,1
295,11,29,104,22,,,0,2013-10-17 04:09:35 UTC,2013-10-17 04:21:15 UTC,1
296,11,26,90,23,,,0,2013-10-17 04:09:35 UTC,2013-10-17 04:21:15 UTC,1
297,11,24,84,24,,,0,2013-10-17 04:09:35 UTC,2013-10-17 04:21:15 UTC,1
298,11,23,78,25,,,0,2013-10-17 04:09:35 UTC,2013-10-17 04:21:15 UTC,1
299,11,22,77,26,,,0,2013-10-17 04:09:35 UTC,2013-10-17 04:21:15 UTC,1
300,11,31,111,27,,,0,2013-10-17 04:09:35 UTC,2013-10-17 04:21:15 UTC,1
301,11,32,116,28,,,0,2013-10-17 04:09:35 UTC,2013-10-17 04:21:15 UTC,1
302,11,18,59,29,,,0,2013-10-17 04:09:35 UTC,2013-10-17 04:21:15 UTC,1
303,11,21,70,30,,,0,2013-10-17 04:09:35 UTC,2013-10-17 04:21:15 UTC,1
304,12,6,,1,,,0,2013-10-17 04:28:13 UTC,2013-10-17 04:28:13 UTC,1
305,12,15,,2,,,0,2013-10-17 04:28:13 UTC,2013-10-17 04:28:13 UTC,1
306,12,10,,3,,,0,2013-10-17 04:28:13 UTC,2013-10-17 04:28:13 UTC,1
307,12,8,,4,,,0,2013-10-17 04:28:13 UTC,2013-10-17 04:28:13 UTC,1
308,12,13,,5,,,0,2013-10-17 04:28:13 UTC,2013-10-17 04:28:13 UTC,1
309,12,9,,6,,,0,2013-10-17 04:28:13 UTC,2013-10-17 04:28:13 UTC,1
310,12,14,,7,,,0,2013-10-17 04:28:13 UTC,2013-10-17 04:28:13 UTC,1
311,12,7,,8,,,0,2013-10-17 04:28:13 UTC,2013-10-17 04:28:13 UTC,1
312,12,12,,9,,,0,2013-10-17 04:28:13 UTC,2013-10-17 04:28:13 UTC,1
313,12,11,,10,,,0,2013-10-17 04:28:13 UTC,2013-10-17 04:28:13 UTC,1
314,12,18,,11,,,0,2013-10-17 04:28:13 UTC,2013-10-17 04:28:13 UTC,1
315,12,33,,12,,,0,2013-10-17 04:28:13 UTC,2013-10-17 04:28:13 UTC,1
316,12,34,,13,,,0,2013-10-17 04:28:13 UTC,2013-10-17 04:28:13 UTC,1
317,12,26,,14,,,0,2013-10-17 04:28:13 UTC,2013-10-17 04:28:13 UTC,1
318,12,28,,15,,,0,2013-10-17 04:28:13 UTC,2013-10-17 04:28:13 UTC,1
319,12,30,,16,,,0,2013-10-17 04:28:13 UTC,2013-10-17 04:28:13 UTC,1
320,12,32,,17,,,0,2013-10-17 04:28:13 UTC,2013-10-17 04:28:13 UTC,1
321,12,17,,18,,,0,2013-10-17 04:28:13 UTC,2013-10-17 04:28:13 UTC,1
322,12,29,,19,,,0,2013-10-17 04:28:13 UTC,2013-10-17 04:28:13 UTC,1
323,12,31,,20,,,0,2013-10-17 04:28:13 UTC,2013-10-17 04:28:13 UTC,1
324,12,24,,21,,,0,2013-10-17 04:28:13 UTC,2013-10-17 04:28:13 UTC,1
325,12,19,,22,,,0,2013-10-17 04:28:13 UTC,2013-10-17 04:28:13 UTC,1
326,12,35,,23,,,0,2013-10-17 04:28:13 UTC,2013-10-17 04:28:13 UTC,1
327,12,20,,24,,,0,2013-10-17 04:28:13 UTC,2013-10-17 04:28:13 UTC,1
328,12,16,,25,,,0,2013-10-17 04:28:13 UTC,2013-10-17 04:28:13 UTC,1
329,12,21,,26,,,0,2013-10-17 04:28:13 UTC,2013-10-17 04:28:13 UTC,1
330,12,25,,27,,,0,2013-10-17 04:28:13 UTC,2013-10-17 04:28:13 UTC,1
331,12,27,,28,,,0,2013-10-17 04:28:13 UTC,2013-10-17 04:28:13 UTC,1
332,12,23,,29,,,0,2013-10-17 04:28:13 UTC,2013-10-17 04:28:13 UTC,1
333,12,22,,30,,,0,2013-10-17 04:28:13 UTC,2013-10-17 04:28:13 UTC,1
334,13,9,,1,,,0,2013-10-17 04:32:22 UTC,2013-10-17 04:32:22 UTC,1
335,13,13,,2,,,0,2013-10-17 04:32:22 UTC,2013-10-17 04:32:22 UTC,1
336,13,10,,3,,,0,2013-10-17 04:32:22 UTC,2013-10-17 04:32:22 UTC,1
337,13,8,,4,,,0,2013-10-17 04:32:22 UTC,2013-10-17 04:32:22 UTC,1
338,13,6,,5,,,0,2013-10-17 04:32:22 UTC,2013-10-17 04:32:22 UTC,1
339,13,14,,6,,,0,2013-10-17 04:32:22 UTC,2013-10-17 04:32:22 UTC,1
340,13,12,,7,,,0,2013-10-17 04:32:22 UTC,2013-10-17 04:32:22 UTC,1
341,13,11,,8,,,0,2013-10-17 04:32:22 UTC,2013-10-17 04:32:22 UTC,1
342,13,7,,9,,,0,2013-10-17 04:32:22 UTC,2013-10-17 04:32:22 UTC,1
343,13,15,,10,,,0,2013-10-17 04:32:22 UTC,2013-10-17 04:32:22 UTC,1
344,13,32,,11,,,0,2013-10-17 04:32:22 UTC,2013-10-17 04:32:22 UTC,1
345,13,20,,12,,,0,2013-10-17 04:32:22 UTC,2013-10-17 04:32:22 UTC,1
346,13,24,,13,,,0,2013-10-17 04:32:22 UTC,2013-10-17 04:32:22 UTC,1
347,13,21,,14,,,0,2013-10-17 04:32:22 UTC,2013-10-17 04:32:22 UTC,1
348,13,23,,15,,,0,2013-10-17 04:32:22 UTC,2013-10-17 04:32:22 UTC,1
349,13,30,,16,,,0,2013-10-17 04:32:22 UTC,2013-10-17 04:32:22 UTC,1
350,13,35,,17,,,0,2013-10-17 04:32:22 UTC,2013-10-17 04:32:22 UTC,1
351,13,22,,18,,,0,2013-10-17 04:32:22 UTC,2013-10-17 04:32:22 UTC,1
352,13,27,,19,,,0,2013-10-17 04:32:22 UTC,2013-10-17 04:32:22 UTC,1
353,13,29,,20,,,0,2013-10-17 04:32:22 UTC,2013-10-17 04:32:22 UTC,1
354,13,34,,21,,,0,2013-10-17 04:32:22 UTC,2013-10-17 04:32:22 UTC,1
355,13,28,,22,,,0,2013-10-17 04:32:22 UTC,2013-10-17 04:32:22 UTC,1
356,13,31,,23,,,0,2013-10-17 04:32:22 UTC,2013-10-17 04:32:22 UTC,1
357,13,33,,24,,,0,2013-10-17 04:32:22 UTC,2013-10-17 04:32:22 UTC,1
358,13,18,,25,,,0,2013-10-17 04:32:22 UTC,2013-10-17 04:32:22 UTC,1
359,13,26,,26,,,0,2013-10-17 04:32:22 UTC,2013-10-17 04:32:22 UTC,1
360,13,16,,27,,,0,2013-10-17 04:32:22 UTC,2013-10-17 04:32:22 UTC,1
361,13,25,,28,,,0,2013-10-17 04:32:22 UTC,2013-10-17 04:32:22 UTC,1
362,13,17,,29,,,0,2013-10-17 04:32:22 UTC,2013-10-17 04:32:22 UTC,1
363,13,19,,30,,,0,2013-10-17 04:32:22 UTC,2013-10-17 04:32:22 UTC,1
364,14,1,1,1,,,0,2013-10-17 04:45:45 UTC,2013-10-17 04:46:03 UTC,1
365,14,4,,2,"",,0,2013-10-17 04:45:45 UTC,2013-10-17 04:46:03 UTC,1
366,14,5,,3,"",,0,2013-10-17 04:45:45 UTC,2013-10-17 04:46:03 UTC,1
367,15,2,,1,,,0,2013-10-17 04:47:32 UTC,2013-10-17 04:47:32 UTC,1
368,15,3,,2,,,0,2013-10-17 04:47:32 UTC,2013-10-17 04:47:32 UTC,1
369,15,5,,3,,,0,2013-10-17 04:47:32 UTC,2013-10-17 04:47:32 UTC,1
370,16,7,,1,,,0,2013-10-17 04:47:52 UTC,2013-10-17 04:47:52 UTC,1
371,16,6,,2,,,0,2013-10-17 04:47:52 UTC,2013-10-17 04:47:52 UTC,1
372,16,13,,3,,,0,2013-10-17 04:47:52 UTC,2013-10-17 04:47:52 UTC,1
373,16,10,,4,,,0,2013-10-17 04:47:52 UTC,2013-10-17 04:47:52 UTC,1
374,16,12,,5,,,0,2013-10-17 04:47:52 UTC,2013-10-17 04:47:52 UTC,1
375,16,11,,6,,,0,2013-10-17 04:47:52 UTC,2013-10-17 04:47:52 UTC,1
376,16,8,,7,,,0,2013-10-17 04:47:52 UTC,2013-10-17 04:47:52 UTC,1
377,16,14,,8,,,0,2013-10-17 04:47:52 UTC,2013-10-17 04:47:52 UTC,1
378,16,15,,9,,,0,2013-10-17 04:47:52 UTC,2013-10-17 04:47:52 UTC,1
379,16,9,,10,,,0,2013-10-17 04:47:52 UTC,2013-10-17 04:47:52 UTC,1
380,16,24,,11,,,0,2013-10-17 04:47:52 UTC,2013-10-17 04:47:52 UTC,1
381,16,29,,12,,,0,2013-10-17 04:47:52 UTC,2013-10-17 04:47:52 UTC,1
382,16,30,,13,,,0,2013-10-17 04:47:52 UTC,2013-10-17 04:47:52 UTC,1
383,16,17,,14,,,0,2013-10-17 04:47:52 UTC,2013-10-17 04:47:52 UTC,1
384,16,31,,15,,,0,2013-10-17 04:47:52 UTC,2013-10-17 04:47:52 UTC,1
385,16,33,,16,,,0,2013-10-17 04:47:52 UTC,2013-10-17 04:47:52 UTC,1
386,16,28,,17,,,0,2013-10-17 04:47:52 UTC,2013-10-17 04:47:52 UTC,1
387,16,23,,18,,,0,2013-10-17 04:47:52 UTC,2013-10-17 04:47:52 UTC,1
388,16,25,,19,,,0,2013-10-17 04:47:52 UTC,2013-10-17 04:47:52 UTC,1
389,16,32,,20,,,0,2013-10-17 04:47:52 UTC,2013-10-17 04:47:52 UTC,1
390,16,35,,21,,,0,2013-10-17 04:47:52 UTC,2013-10-17 04:47:52 UTC,1
391,16,27,,22,,,0,2013-10-17 04:47:52 UTC,2013-10-17 04:47:52 UTC,1
392,16,21,,23,,,0,2013-10-17 04:47:52 UTC,2013-10-17 04:47:52 UTC,1
393,16,22,,24,,,0,2013-10-17 04:47:52 UTC,2013-10-17 04:47:52 UTC,1
394,16,19,,25,,,0,2013-10-17 04:47:52 UTC,2013-10-17 04:47:52 UTC,1
395,16,20,,26,,,0,2013-10-17 04:47:52 UTC,2013-10-17 04:47:52 UTC,1
396,16,26,,27,,,0,2013-10-17 04:47:52 UTC,2013-10-17 04:47:52 UTC,1
397,16,18,,28,,,0,2013-10-17 04:47:52 UTC,2013-10-17 04:47:52 UTC,1
398,16,34,,29,,,0,2013-10-17 04:47:52 UTC,2013-10-17 04:47:52 UTC,1
399,16,16,,30,,,0,2013-10-17 04:47:52 UTC,2013-10-17 04:47:52 UTC,1
400,17,12,,1,,,0,2013-10-17 05:22:50 UTC,2013-10-17 05:22:50 UTC,1
401,17,7,,2,,,0,2013-10-17 05:22:50 UTC,2013-10-17 05:22:50 UTC,1
402,17,9,,3,,,0,2013-10-17 05:22:50 UTC,2013-10-17 05:22:50 UTC,1
403,17,6,,4,,,0,2013-10-17 05:22:50 UTC,2013-10-17 05:22:50 UTC,1
404,17,8,,5,,,0,2013-10-17 05:22:50 UTC,2013-10-17 05:22:50 UTC,1
405,17,15,,6,,,0,2013-10-17 05:22:50 UTC,2013-10-17 05:22:50 UTC,1
406,17,10,,7,,,0,2013-10-17 05:22:50 UTC,2013-10-17 05:22:50 UTC,1
407,17,11,,8,,,0,2013-10-17 05:22:50 UTC,2013-10-17 05:22:50 UTC,1
408,17,14,,9,,,0,2013-10-17 05:22:50 UTC,2013-10-17 05:22:50 UTC,1
409,17,13,,10,,,0,2013-10-17 05:22:50 UTC,2013-10-17 05:22:50 UTC,1
410,17,27,,11,,,0,2013-10-17 05:22:50 UTC,2013-10-17 05:22:50 UTC,1
411,17,28,,12,,,0,2013-10-17 05:22:50 UTC,2013-10-17 05:22:50 UTC,1
412,17,34,,13,,,0,2013-10-17 05:22:50 UTC,2013-10-17 05:22:50 UTC,1
413,17,23,,14,,,0,2013-10-17 05:22:50 UTC,2013-10-17 05:22:50 UTC,1
414,17,31,,15,,,0,2013-10-17 05:22:50 UTC,2013-10-17 05:22:50 UTC,1
415,17,30,,16,,,0,2013-10-17 05:22:50 UTC,2013-10-17 05:22:50 UTC,1
416,17,16,,17,,,0,2013-10-17 05:22:50 UTC,2013-10-17 05:22:50 UTC,1
417,17,32,,18,,,0,2013-10-17 05:22:50 UTC,2013-10-17 05:22:50 UTC,1
418,17,24,,19,,,0,2013-10-17 05:22:50 UTC,2013-10-17 05:22:50 UTC,1
419,17,21,,20,,,0,2013-10-17 05:22:50 UTC,2013-10-17 05:22:50 UTC,1
420,17,26,,21,,,0,2013-10-17 05:22:50 UTC,2013-10-17 05:22:50 UTC,1
421,17,18,,22,,,0,2013-10-17 05:22:50 UTC,2013-10-17 05:22:50 UTC,1
422,17,17,,23,,,0,2013-10-17 05:22:50 UTC,2013-10-17 05:22:50 UTC,1
423,17,22,,24,,,0,2013-10-17 05:22:50 UTC,2013-10-17 05:22:50 UTC,1
424,17,19,,25,,,0,2013-10-17 05:22:50 UTC,2013-10-17 05:22:50 UTC,1
425,17,20,,26,,,0,2013-10-17 05:22:50 UTC,2013-10-17 05:22:50 UTC,1
426,17,35,,27,,,0,2013-10-17 05:22:50 UTC,2013-10-17 05:22:50 UTC,1
427,17,33,,28,,,0,2013-10-17 05:22:50 UTC,2013-10-17 05:22:50 UTC,1
428,17,25,,29,,,0,2013-10-17 05:22:50 UTC,2013-10-17 05:22:50 UTC,1
429,17,29,,30,,,0,2013-10-17 05:22:50 UTC,2013-10-17 05:22:50 UTC,1
430,18,13,40,1,,,0,2013-10-17 08:02:32 UTC,2013-10-17 08:13:38 UTC,1
431,18,14,43,2,,,0,2013-10-17 08:02:32 UTC,2013-10-17 08:13:38 UTC,1
432,18,12,34,3,,,0,2013-10-17 08:02:32 UTC,2013-10-17 08:13:38 UTC,1
433,18,15,49,4,,,0,2013-10-17 08:02:32 UTC,2013-10-17 08:13:38 UTC,1
434,18,7,16,5,,,0,2013-10-17 08:02:32 UTC,2013-10-17 08:13:38 UTC,1
435,18,9,25,6,,,0,2013-10-17 08:02:32 UTC,2013-10-17 08:13:38 UTC,1
436,18,8,21,7,,,0,2013-10-17 08:02:32 UTC,2013-10-17 08:13:38 UTC,1
437,18,10,28,8,,,0,2013-10-17 08:02:32 UTC,2013-10-17 08:13:38 UTC,1
438,18,6,13,9,,,0,2013-10-17 08:02:32 UTC,2013-10-17 08:13:38 UTC,1
439,18,11,30,10,,,0,2013-10-17 08:02:32 UTC,2013-10-17 08:13:38 UTC,1
440,18,30,106,11,,,0,2013-10-17 08:02:32 UTC,2013-10-17 08:13:38 UTC,1
441,18,34,124,12,,,0,2013-10-17 08:02:32 UTC,2013-10-17 08:13:38 UTC,1
442,18,32,114,13,,,0,2013-10-17 08:02:32 UTC,2013-10-17 08:13:38 UTC,1
443,18,21,70,14,,,0,2013-10-17 08:02:32 UTC,2013-10-17 08:13:38 UTC,1
444,18,20,68,15,,,0,2013-10-17 08:02:32 UTC,2013-10-17 08:13:38 UTC,1
445,18,17,56,16,,,0,2013-10-17 08:02:32 UTC,2013-10-17 08:13:38 UTC,1
446,18,19,63,17,,,0,2013-10-17 08:02:32 UTC,2013-10-17 08:13:38 UTC,1
447,18,29,102,18,,,0,2013-10-17 08:02:32 UTC,2013-10-17 08:13:38 UTC,1
448,18,35,129,19,,,0,2013-10-17 08:02:32 UTC,2013-10-17 08:13:38 UTC,1
449,18,27,95,20,,,0,2013-10-17 08:02:32 UTC,2013-10-17 08:13:38 UTC,1
450,18,25,89,21,,,0,2013-10-17 08:02:32 UTC,2013-10-17 08:13:38 UTC,1
451,18,24,84,22,,,0,2013-10-17 08:02:32 UTC,2013-10-17 08:13:38 UTC,1
452,18,31,111,23,,,0,2013-10-17 08:02:32 UTC,2013-10-17 08:13:38 UTC,1
453,18,16,51,24,,,0,2013-10-17 08:02:32 UTC,2013-10-17 08:13:38 UTC,1
454,18,18,59,25,,,0,2013-10-17 08:02:32 UTC,2013-10-17 08:13:38 UTC,1
455,18,26,90,26,,,0,2013-10-17 08:02:32 UTC,2013-10-17 08:13:38 UTC,1
456,18,33,118,27,,,0,2013-10-17 08:02:32 UTC,2013-10-17 08:13:38 UTC,1
457,18,28,99,28,,,0,2013-10-17 08:02:32 UTC,2013-10-17 08:13:38 UTC,1
458,18,22,77,29,,,0,2013-10-17 08:02:32 UTC,2013-10-17 08:13:38 UTC,1
459,18,23,78,30,,,0,2013-10-17 08:02:32 UTC,2013-10-17 08:13:38 UTC,1
460,19,9,25,1,,,0,2013-10-17 08:03:13 UTC,2013-10-17 08:30:33 UTC,1
461,19,10,28,2,,,0,2013-10-17 08:03:13 UTC,2013-10-17 08:30:33 UTC,1
462,19,12,34,3,,,0,2013-10-17 08:03:13 UTC,2013-10-17 08:30:33 UTC,1
463,19,14,43,4,,,0,2013-10-17 08:03:13 UTC,2013-10-17 08:30:33 UTC,1
464,19,13,39,5,,,0,2013-10-17 08:03:13 UTC,2013-10-17 08:30:33 UTC,1
465,19,15,49,6,,,0,2013-10-17 08:03:13 UTC,2013-10-17 08:30:33 UTC,1
466,19,7,16,7,,,0,2013-10-17 08:03:13 UTC,2013-10-17 08:30:33 UTC,1
467,19,11,30,8,,,0,2013-10-17 08:03:13 UTC,2013-10-17 08:30:33 UTC,1
468,19,6,13,9,,,0,2013-10-17 08:03:13 UTC,2013-10-17 08:30:33 UTC,1
469,19,8,21,10,,,0,2013-10-17 08:03:13 UTC,2013-10-17 08:30:33 UTC,1
470,19,34,124,11,,,0,2013-10-17 08:03:13 UTC,2013-10-17 08:30:33 UTC,1
471,19,24,84,12,,,0,2013-10-17 08:03:13 UTC,2013-10-17 08:30:33 UTC,1
472,19,16,51,13,,,0,2013-10-17 08:03:14 UTC,2013-10-17 08:30:33 UTC,1
473,19,27,95,14,,,0,2013-10-17 08:03:14 UTC,2013-10-17 08:30:33 UTC,1
474,19,26,91,15,,,0,2013-10-17 08:03:14 UTC,2013-10-17 08:30:33 UTC,1
475,19,31,111,16,,,0,2013-10-17 08:03:14 UTC,2013-10-17 08:30:33 UTC,1
476,19,20,68,17,,,0,2013-10-17 08:03:14 UTC,2013-10-17 08:30:33 UTC,1
477,19,30,106,18,,,0,2013-10-17 08:03:14 UTC,2013-10-17 08:30:33 UTC,1
478,19,32,114,19,,,0,2013-10-17 08:03:14 UTC,2013-10-17 08:30:33 UTC,1
479,19,23,78,20,,,0,2013-10-17 08:03:14 UTC,2013-10-17 08:30:33 UTC,1
480,19,21,70,21,,,0,2013-10-17 08:03:14 UTC,2013-10-17 08:30:33 UTC,1
481,19,18,59,22,,,0,2013-10-17 08:03:14 UTC,2013-10-17 08:30:33 UTC,1
482,19,28,99,23,,,0,2013-10-17 08:03:14 UTC,2013-10-17 08:30:33 UTC,1
483,19,22,77,24,,,0,2013-10-17 08:03:14 UTC,2013-10-17 08:30:33 UTC,1
484,19,35,129,25,,,0,2013-10-17 08:03:14 UTC,2013-10-17 08:30:33 UTC,1
485,19,17,56,26,,,0,2013-10-17 08:03:14 UTC,2013-10-17 08:30:33 UTC,1
486,19,19,63,27,,,0,2013-10-17 08:03:14 UTC,2013-10-17 08:30:33 UTC,1
487,19,33,118,28,,,0,2013-10-17 08:03:14 UTC,2013-10-17 08:30:33 UTC,1
488,19,29,102,29,,,0,2013-10-17 08:03:14 UTC,2013-10-17 08:30:33 UTC,1
489,19,25,89,30,,,0,2013-10-17 08:03:14 UTC,2013-10-17 08:30:33 UTC,1
490,20,14,43,1,,,0,2013-10-17 08:03:39 UTC,2013-10-17 08:17:59 UTC,1
491,20,11,30,2,,,0,2013-10-17 08:03:40 UTC,2013-10-17 08:17:59 UTC,1
492,20,9,25,3,,,0,2013-10-17 08:03:40 UTC,2013-10-17 08:17:59 UTC,1
493,20,12,34,4,,,0,2013-10-17 08:03:40 UTC,2013-10-17 08:17:59 UTC,1
494,20,6,13,5,,,0,2013-10-17 08:03:40 UTC,2013-10-17 08:17:59 UTC,1
495,20,8,21,6,,,0,2013-10-17 08:03:40 UTC,2013-10-17 08:17:59 UTC,1
496,20,15,49,7,,,0,2013-10-17 08:03:40 UTC,2013-10-17 08:17:59 UTC,1
497,20,10,28,8,,,0,2013-10-17 08:03:40 UTC,2013-10-17 08:17:59 UTC,1
498,20,13,40,9,,,0,2013-10-17 08:03:40 UTC,2013-10-17 08:17:59 UTC,1
499,20,7,16,10,,,0,2013-10-17 08:03:40 UTC,2013-10-17 08:17:59 UTC,1
500,20,16,51,11,,,0,2013-10-17 08:03:40 UTC,2013-10-17 08:17:59 UTC,1
501,20,28,99,12,,,0,2013-10-17 08:03:40 UTC,2013-10-17 08:17:59 UTC,1
502,20,32,114,13,,,0,2013-10-17 08:03:40 UTC,2013-10-17 08:17:59 UTC,1
503,20,24,82,14,,,0,2013-10-17 08:03:40 UTC,2013-10-17 08:17:59 UTC,1
504,20,33,118,15,,,0,2013-10-17 08:03:40 UTC,2013-10-17 08:17:59 UTC,1
505,20,21,70,16,,,0,2013-10-17 08:03:40 UTC,2013-10-17 08:17:59 UTC,1
506,20,19,63,17,,,0,2013-10-17 08:03:40 UTC,2013-10-17 08:17:59 UTC,1
507,20,17,56,18,,,0,2013-10-17 08:03:40 UTC,2013-10-17 08:17:59 UTC,1
508,20,27,95,19,,,0,2013-10-17 08:03:40 UTC,2013-10-17 08:17:59 UTC,1
509,20,23,78,20,,,0,2013-10-17 08:03:40 UTC,2013-10-17 08:17:59 UTC,1
510,20,35,129,21,,,0,2013-10-17 08:03:40 UTC,2013-10-17 08:17:59 UTC,1
511,20,25,89,22,,,0,2013-10-17 08:03:40 UTC,2013-10-17 08:17:59 UTC,1
512,20,20,68,23,,,0,2013-10-17 08:03:40 UTC,2013-10-17 08:17:59 UTC,1
513,20,29,102,24,,,0,2013-10-17 08:03:40 UTC,2013-10-17 08:17:59 UTC,1
514,20,18,59,25,,,0,2013-10-17 08:03:40 UTC,2013-10-17 08:17:59 UTC,1
515,20,30,106,26,,,0,2013-10-17 08:03:40 UTC,2013-10-17 08:17:59 UTC,1
516,20,31,111,27,,,0,2013-10-17 08:03:40 UTC,2013-10-17 08:17:59 UTC,1
517,20,34,124,28,,,0,2013-10-17 08:03:40 UTC,2013-10-17 08:17:59 UTC,1
518,20,22,77,29,,,0,2013-10-17 08:03:40 UTC,2013-10-17 08:17:59 UTC,1
519,20,26,90,30,,,0,2013-10-17 08:03:40 UTC,2013-10-17 08:17:59 UTC,1
520,21,11,,1,,,0,2013-10-17 08:14:55 UTC,2013-10-17 08:14:55 UTC,1
521,21,7,,2,,,0,2013-10-17 08:14:55 UTC,2013-10-17 08:14:55 UTC,1
522,21,8,,3,,,0,2013-10-17 08:14:55 UTC,2013-10-17 08:14:55 UTC,1
523,21,9,,4,,,0,2013-10-17 08:14:55 UTC,2013-10-17 08:14:55 UTC,1
524,21,10,,5,,,0,2013-10-17 08:14:55 UTC,2013-10-17 08:14:55 UTC,1
525,21,6,,6,,,0,2013-10-17 08:14:55 UTC,2013-10-17 08:14:55 UTC,1
526,21,12,,7,,,0,2013-10-17 08:14:55 UTC,2013-10-17 08:14:55 UTC,1
527,21,15,,8,,,0,2013-10-17 08:14:55 UTC,2013-10-17 08:14:55 UTC,1
528,21,14,,9,,,0,2013-10-17 08:14:55 UTC,2013-10-17 08:14:55 UTC,1
529,21,13,,10,,,0,2013-10-17 08:14:55 UTC,2013-10-17 08:14:55 UTC,1
530,21,22,,11,,,0,2013-10-17 08:14:55 UTC,2013-10-17 08:14:55 UTC,1
531,21,19,,12,,,0,2013-10-17 08:14:55 UTC,2013-10-17 08:14:55 UTC,1
532,21,26,,13,,,0,2013-10-17 08:14:56 UTC,2013-10-17 08:14:56 UTC,1
533,21,32,,14,,,0,2013-10-17 08:14:56 UTC,2013-10-17 08:14:56 UTC,1
534,21,34,,15,,,0,2013-10-17 08:14:56 UTC,2013-10-17 08:14:56 UTC,1
535,21,30,,16,,,0,2013-10-17 08:14:56 UTC,2013-10-17 08:14:56 UTC,1
536,21,21,,17,,,0,2013-10-17 08:14:56 UTC,2013-10-17 08:14:56 UTC,1
537,21,18,,18,,,0,2013-10-17 08:14:56 UTC,2013-10-17 08:14:56 UTC,1
538,21,23,,19,,,0,2013-10-17 08:14:56 UTC,2013-10-17 08:14:56 UTC,1
539,21,24,,20,,,0,2013-10-17 08:14:56 UTC,2013-10-17 08:14:56 UTC,1
540,21,35,,21,,,0,2013-10-17 08:14:56 UTC,2013-10-17 08:14:56 UTC,1
541,21,17,,22,,,0,2013-10-17 08:14:56 UTC,2013-10-17 08:14:56 UTC,1
542,21,33,,23,,,0,2013-10-17 08:14:56 UTC,2013-10-17 08:14:56 UTC,1
543,21,27,,24,,,0,2013-10-17 08:14:56 UTC,2013-10-17 08:14:56 UTC,1
544,21,25,,25,,,0,2013-10-17 08:14:56 UTC,2013-10-17 08:14:56 UTC,1
545,21,16,,26,,,0,2013-10-17 08:14:56 UTC,2013-10-17 08:14:56 UTC,1
546,21,31,,27,,,0,2013-10-17 08:14:56 UTC,2013-10-17 08:14:56 UTC,1
547,21,28,,28,,,0,2013-10-17 08:14:56 UTC,2013-10-17 08:14:56 UTC,1
548,21,29,,29,,,0,2013-10-17 08:14:56 UTC,2013-10-17 08:14:56 UTC,1
549,21,20,,30,,,0,2013-10-17 08:14:56 UTC,2013-10-17 08:14:56 UTC,1
550,22,1,,1,,,0,2013-10-17 08:28:19 UTC,2013-10-17 08:28:19 UTC,1
551,22,3,,2,,,0,2013-10-17 08:28:19 UTC,2013-10-17 08:28:19 UTC,1
552,22,5,,3,,,0,2013-10-17 08:28:19 UTC,2013-10-17 08:28:19 UTC,1
553,23,1,1,1,,,0,2013-10-21 03:13:47 UTC,2013-10-21 03:16:17 UTC,1
554,23,4,,2,distinct,,0,2013-10-21 03:13:48 UTC,2013-10-21 03:16:17 UTC,1
555,23,5,,3,"",,0,2013-10-21 03:13:48 UTC,2013-10-21 03:16:17 UTC,1
